Sample in Buffer,Sample in Window,TRIGGER,inst_shell/inst_dynamic/inst_user_wrapper_0/inst_user_c0_0/axis_host_recv[0]\\.tvalid,inst_shell/inst_dynamic/inst_user_wrapper_0/inst_user_c0_0/axis_host_recv[0]\\.tready,inst_shell/inst_dynamic/inst_user_wrapper_0/inst_user_c0_0/axis_host_recv[0]\\.tlast,inst_shell/inst_dynamic/inst_user_wrapper_0/inst_user_c0_0/axis_host_recv[0]\\.tdata[511:0],inst_shell/inst_dynamic/inst_user_wrapper_0/inst_user_c0_0/axis_host_send[0]\\.tvalid,inst_shell/inst_dynamic/inst_user_wrapper_0/inst_user_c0_0/axis_host_send[0]\\.tready,inst_shell/inst_dynamic/inst_user_wrapper_0/inst_user_c0_0/axis_host_send[0]\\.tlast,inst_shell/inst_dynamic/inst_user_wrapper_0/inst_user_c0_0/axis_host_send[0]\\.tdata[511:0]
Radix - UNSIGNED,UNSIGNED,UNSIGNED,HEX,HEX,HEX,HEX,HEX,HEX,HEX,HEX
0,0,0,0,1,1,00000000000000000000000000000000000000000000000000000000000000000000000000000000000000000000000000000000000000000000000087ea8000,0,1,0,0000000000000000000000000000000000000000000000000000000000000000000000000000000000000000000000000102c1da7ffffffc0000000000000000
1,1,0,0,1,1,00000000000000000000000000000000000000000000000000000000000000000000000000000000000000000000000000000000000000000000000087ea8000,0,1,0,0000000000000000000000000000000000000000000000000000000000000000000000000000000000000000000000000102c1da7ffffffc0000000000000000
2,2,0,0,1,1,00000000000000000000000000000000000000000000000000000000000000000000000000000000000000000000000000000000000000000000000087ea8000,0,1,0,0000000000000000000000000000000000000000000000000000000000000000000000000000000000000000000000000102c1da7ffffffc0000000000000000
3,3,0,0,1,1,00000000000000000000000000000000000000000000000000000000000000000000000000000000000000000000000000000000000000000000000087ea8000,0,1,0,0000000000000000000000000000000000000000000000000000000000000000000000000000000000000000000000000102c1da7ffffffc0000000000000000
4,4,0,0,1,1,00000000000000000000000000000000000000000000000000000000000000000000000000000000000000000000000000000000000000000000000087ea8000,0,1,0,0000000000000000000000000000000000000000000000000000000000000000000000000000000000000000000000000102c1da7ffffffc0000000000000000
5,5,0,0,1,1,00000000000000000000000000000000000000000000000000000000000000000000000000000000000000000000000000000000000000000000000087ea8000,0,1,0,0000000000000000000000000000000000000000000000000000000000000000000000000000000000000000000000000102c1da7ffffffc0000000000000000
6,6,0,0,1,1,00000000000000000000000000000000000000000000000000000000000000000000000000000000000000000000000000000000000000000000000087ea8000,0,1,0,0000000000000000000000000000000000000000000000000000000000000000000000000000000000000000000000000102c1da7ffffffc0000000000000000
7,7,0,0,1,1,00000000000000000000000000000000000000000000000000000000000000000000000000000000000000000000000000000000000000000000000087ea8000,0,1,0,0000000000000000000000000000000000000000000000000000000000000000000000000000000000000000000000000102c1da7ffffffc0000000000000000
8,8,0,0,1,1,00000000000000000000000000000000000000000000000000000000000000000000000000000000000000000000000000000000000000000000000087ea8000,0,1,0,0000000000000000000000000000000000000000000000000000000000000000000000000000000000000000000000000102c1da7ffffffc0000000000000000
9,9,0,0,1,1,00000000000000000000000000000000000000000000000000000000000000000000000000000000000000000000000000000000000000000000000087ea8000,0,1,0,0000000000000000000000000000000000000000000000000000000000000000000000000000000000000000000000000102c1da7ffffffc0000000000000000
10,10,0,0,1,1,00000000000000000000000000000000000000000000000000000000000000000000000000000000000000000000000000000000000000000000000087ea8000,0,1,0,0000000000000000000000000000000000000000000000000000000000000000000000000000000000000000000000000102c1da7ffffffc0000000000000000
11,11,0,0,1,1,00000000000000000000000000000000000000000000000000000000000000000000000000000000000000000000000000000000000000000000000087ea8000,0,1,0,0000000000000000000000000000000000000000000000000000000000000000000000000000000000000000000000000102c1da7ffffffc0000000000000000
12,12,0,0,1,1,00000000000000000000000000000000000000000000000000000000000000000000000000000000000000000000000000000000000000000000000087ea8000,0,1,0,0000000000000000000000000000000000000000000000000000000000000000000000000000000000000000000000000102c1da7ffffffc0000000000000000
13,13,0,0,1,1,00000000000000000000000000000000000000000000000000000000000000000000000000000000000000000000000000000000000000000000000087ea8000,0,1,0,0000000000000000000000000000000000000000000000000000000000000000000000000000000000000000000000000102c1da7ffffffc0000000000000000
14,14,0,0,1,1,00000000000000000000000000000000000000000000000000000000000000000000000000000000000000000000000000000000000000000000000087ea8000,0,1,0,0000000000000000000000000000000000000000000000000000000000000000000000000000000000000000000000000102c1da7ffffffc0000000000000000
15,15,0,0,1,1,00000000000000000000000000000000000000000000000000000000000000000000000000000000000000000000000000000000000000000000000087ea8000,0,1,0,0000000000000000000000000000000000000000000000000000000000000000000000000000000000000000000000000102c1da7ffffffc0000000000000000
16,16,0,0,1,1,00000000000000000000000000000000000000000000000000000000000000000000000000000000000000000000000000000000000000000000000087ea8000,0,1,0,0000000000000000000000000000000000000000000000000000000000000000000000000000000000000000000000000102c1da7ffffffc0000000000000000
17,17,0,0,1,1,00000000000000000000000000000000000000000000000000000000000000000000000000000000000000000000000000000000000000000000000087ea8000,0,1,0,0000000000000000000000000000000000000000000000000000000000000000000000000000000000000000000000000102c1da7ffffffc0000000000000000
18,18,0,0,1,1,00000000000000000000000000000000000000000000000000000000000000000000000000000000000000000000000000000000000000000000000087ea8000,0,1,0,0000000000000000000000000000000000000000000000000000000000000000000000000000000000000000000000000102c1da7ffffffc0000000000000000
19,19,0,0,1,1,00000000000000000000000000000000000000000000000000000000000000000000000000000000000000000000000000000000000000000000000087ea8000,0,1,0,0000000000000000000000000000000000000000000000000000000000000000000000000000000000000000000000000102c1da7ffffffc0000000000000000
20,20,0,0,1,1,00000000000000000000000000000000000000000000000000000000000000000000000000000000000000000000000000000000000000000000000087ea8000,0,1,0,0000000000000000000000000000000000000000000000000000000000000000000000000000000000000000000000000102c1da7ffffffc0000000000000000
21,21,0,0,1,1,00000000000000000000000000000000000000000000000000000000000000000000000000000000000000000000000000000000000000000000000087ea8000,0,1,0,0000000000000000000000000000000000000000000000000000000000000000000000000000000000000000000000000102c1da7ffffffc0000000000000000
22,22,0,0,1,1,00000000000000000000000000000000000000000000000000000000000000000000000000000000000000000000000000000000000000000000000087ea8000,0,1,0,0000000000000000000000000000000000000000000000000000000000000000000000000000000000000000000000000102c1da7ffffffc0000000000000000
23,23,0,0,1,1,00000000000000000000000000000000000000000000000000000000000000000000000000000000000000000000000000000000000000000000000087ea8000,0,1,0,0000000000000000000000000000000000000000000000000000000000000000000000000000000000000000000000000102c1da7ffffffc0000000000000000
24,24,0,0,1,1,00000000000000000000000000000000000000000000000000000000000000000000000000000000000000000000000000000000000000000000000087ea8000,0,1,0,0000000000000000000000000000000000000000000000000000000000000000000000000000000000000000000000000102c1da7ffffffc0000000000000000
25,25,0,0,1,1,00000000000000000000000000000000000000000000000000000000000000000000000000000000000000000000000000000000000000000000000087ea8000,0,1,0,0000000000000000000000000000000000000000000000000000000000000000000000000000000000000000000000000102c1da7ffffffc0000000000000000
26,26,0,0,1,1,00000000000000000000000000000000000000000000000000000000000000000000000000000000000000000000000000000000000000000000000087ea8000,0,1,0,0000000000000000000000000000000000000000000000000000000000000000000000000000000000000000000000000102c1da7ffffffc0000000000000000
27,27,0,0,1,1,00000000000000000000000000000000000000000000000000000000000000000000000000000000000000000000000000000000000000000000000087ea8000,0,1,0,0000000000000000000000000000000000000000000000000000000000000000000000000000000000000000000000000102c1da7ffffffc0000000000000000
28,28,0,0,1,1,00000000000000000000000000000000000000000000000000000000000000000000000000000000000000000000000000000000000000000000000087ea8000,0,1,0,0000000000000000000000000000000000000000000000000000000000000000000000000000000000000000000000000102c1da7ffffffc0000000000000000
29,29,0,0,1,1,00000000000000000000000000000000000000000000000000000000000000000000000000000000000000000000000000000000000000000000000087ea8000,0,1,0,0000000000000000000000000000000000000000000000000000000000000000000000000000000000000000000000000102c1da7ffffffc0000000000000000
30,30,0,0,1,1,00000000000000000000000000000000000000000000000000000000000000000000000000000000000000000000000000000000000000000000000087ea8000,0,1,0,0000000000000000000000000000000000000000000000000000000000000000000000000000000000000000000000000102c1da7ffffffc0000000000000000
31,31,0,0,1,1,00000000000000000000000000000000000000000000000000000000000000000000000000000000000000000000000000000000000000000000000087ea8000,0,1,0,0000000000000000000000000000000000000000000000000000000000000000000000000000000000000000000000000102c1da7ffffffc0000000000000000
32,32,0,0,1,1,00000000000000000000000000000000000000000000000000000000000000000000000000000000000000000000000000000000000000000000000087ea8000,0,1,0,0000000000000000000000000000000000000000000000000000000000000000000000000000000000000000000000000102c1da7ffffffc0000000000000000
33,33,0,0,1,1,00000000000000000000000000000000000000000000000000000000000000000000000000000000000000000000000000000000000000000000000087ea8000,0,1,0,0000000000000000000000000000000000000000000000000000000000000000000000000000000000000000000000000102c1da7ffffffc0000000000000000
34,34,0,0,1,1,00000000000000000000000000000000000000000000000000000000000000000000000000000000000000000000000000000000000000000000000087ea8000,0,1,0,0000000000000000000000000000000000000000000000000000000000000000000000000000000000000000000000000102c1da7ffffffc0000000000000000
35,35,0,0,1,1,00000000000000000000000000000000000000000000000000000000000000000000000000000000000000000000000000000000000000000000000087ea8000,0,1,0,0000000000000000000000000000000000000000000000000000000000000000000000000000000000000000000000000102c1da7ffffffc0000000000000000
36,36,0,0,1,1,00000000000000000000000000000000000000000000000000000000000000000000000000000000000000000000000000000000000000000000000087ea8000,0,1,0,0000000000000000000000000000000000000000000000000000000000000000000000000000000000000000000000000102c1da7ffffffc0000000000000000
37,37,0,0,1,1,00000000000000000000000000000000000000000000000000000000000000000000000000000000000000000000000000000000000000000000000087ea8000,0,1,0,0000000000000000000000000000000000000000000000000000000000000000000000000000000000000000000000000102c1da7ffffffc0000000000000000
38,38,0,0,1,1,00000000000000000000000000000000000000000000000000000000000000000000000000000000000000000000000000000000000000000000000087ea8000,0,1,0,0000000000000000000000000000000000000000000000000000000000000000000000000000000000000000000000000102c1da7ffffffc0000000000000000
39,39,0,0,1,1,00000000000000000000000000000000000000000000000000000000000000000000000000000000000000000000000000000000000000000000000087ea8000,0,1,0,0000000000000000000000000000000000000000000000000000000000000000000000000000000000000000000000000102c1da7ffffffc0000000000000000
40,40,0,0,1,1,00000000000000000000000000000000000000000000000000000000000000000000000000000000000000000000000000000000000000000000000087ea8000,0,1,0,0000000000000000000000000000000000000000000000000000000000000000000000000000000000000000000000000102c1da7ffffffc0000000000000000
41,41,0,0,1,1,00000000000000000000000000000000000000000000000000000000000000000000000000000000000000000000000000000000000000000000000087ea8000,0,1,0,0000000000000000000000000000000000000000000000000000000000000000000000000000000000000000000000000102c1da7ffffffc0000000000000000
42,42,0,0,1,1,00000000000000000000000000000000000000000000000000000000000000000000000000000000000000000000000000000000000000000000000087ea8000,0,1,0,0000000000000000000000000000000000000000000000000000000000000000000000000000000000000000000000000102c1da7ffffffc0000000000000000
43,43,0,0,1,1,00000000000000000000000000000000000000000000000000000000000000000000000000000000000000000000000000000000000000000000000087ea8000,0,1,0,0000000000000000000000000000000000000000000000000000000000000000000000000000000000000000000000000102c1da7ffffffc0000000000000000
44,44,0,0,1,1,00000000000000000000000000000000000000000000000000000000000000000000000000000000000000000000000000000000000000000000000087ea8000,0,1,0,0000000000000000000000000000000000000000000000000000000000000000000000000000000000000000000000000102c1da7ffffffc0000000000000000
45,45,0,0,1,1,00000000000000000000000000000000000000000000000000000000000000000000000000000000000000000000000000000000000000000000000087ea8000,0,1,0,0000000000000000000000000000000000000000000000000000000000000000000000000000000000000000000000000102c1da7ffffffc0000000000000000
46,46,0,0,1,1,00000000000000000000000000000000000000000000000000000000000000000000000000000000000000000000000000000000000000000000000087ea8000,0,1,0,0000000000000000000000000000000000000000000000000000000000000000000000000000000000000000000000000102c1da7ffffffc0000000000000000
47,47,0,0,1,1,00000000000000000000000000000000000000000000000000000000000000000000000000000000000000000000000000000000000000000000000087ea8000,0,1,0,0000000000000000000000000000000000000000000000000000000000000000000000000000000000000000000000000102c1da7ffffffc0000000000000000
48,48,0,0,1,1,00000000000000000000000000000000000000000000000000000000000000000000000000000000000000000000000000000000000000000000000087ea8000,0,1,0,0000000000000000000000000000000000000000000000000000000000000000000000000000000000000000000000000102c1da7ffffffc0000000000000000
49,49,0,0,1,1,00000000000000000000000000000000000000000000000000000000000000000000000000000000000000000000000000000000000000000000000087ea8000,0,1,0,0000000000000000000000000000000000000000000000000000000000000000000000000000000000000000000000000102c1da7ffffffc0000000000000000
50,50,0,0,1,1,00000000000000000000000000000000000000000000000000000000000000000000000000000000000000000000000000000000000000000000000087ea8000,0,1,0,0000000000000000000000000000000000000000000000000000000000000000000000000000000000000000000000000102c1da7ffffffc0000000000000000
51,51,0,0,1,1,00000000000000000000000000000000000000000000000000000000000000000000000000000000000000000000000000000000000000000000000087ea8000,0,1,0,0000000000000000000000000000000000000000000000000000000000000000000000000000000000000000000000000102c1da7ffffffc0000000000000000
52,52,0,0,1,1,00000000000000000000000000000000000000000000000000000000000000000000000000000000000000000000000000000000000000000000000087ea8000,0,1,0,0000000000000000000000000000000000000000000000000000000000000000000000000000000000000000000000000102c1da7ffffffc0000000000000000
53,53,0,0,1,1,00000000000000000000000000000000000000000000000000000000000000000000000000000000000000000000000000000000000000000000000087ea8000,0,1,0,0000000000000000000000000000000000000000000000000000000000000000000000000000000000000000000000000102c1da7ffffffc0000000000000000
54,54,0,0,1,1,00000000000000000000000000000000000000000000000000000000000000000000000000000000000000000000000000000000000000000000000087ea8000,0,1,0,0000000000000000000000000000000000000000000000000000000000000000000000000000000000000000000000000102c1da7ffffffc0000000000000000
55,55,0,0,1,1,00000000000000000000000000000000000000000000000000000000000000000000000000000000000000000000000000000000000000000000000087ea8000,0,1,0,0000000000000000000000000000000000000000000000000000000000000000000000000000000000000000000000000102c1da7ffffffc0000000000000000
56,56,0,0,1,1,00000000000000000000000000000000000000000000000000000000000000000000000000000000000000000000000000000000000000000000000087ea8000,0,1,0,0000000000000000000000000000000000000000000000000000000000000000000000000000000000000000000000000102c1da7ffffffc0000000000000000
57,57,0,0,1,1,00000000000000000000000000000000000000000000000000000000000000000000000000000000000000000000000000000000000000000000000087ea8000,0,1,0,0000000000000000000000000000000000000000000000000000000000000000000000000000000000000000000000000102c1da7ffffffc0000000000000000
58,58,0,0,1,1,00000000000000000000000000000000000000000000000000000000000000000000000000000000000000000000000000000000000000000000000087ea8000,0,1,0,0000000000000000000000000000000000000000000000000000000000000000000000000000000000000000000000000102c1da7ffffffc0000000000000000
59,59,0,0,1,1,00000000000000000000000000000000000000000000000000000000000000000000000000000000000000000000000000000000000000000000000087ea8000,0,1,0,0000000000000000000000000000000000000000000000000000000000000000000000000000000000000000000000000102c1da7ffffffc0000000000000000
60,60,0,0,1,1,00000000000000000000000000000000000000000000000000000000000000000000000000000000000000000000000000000000000000000000000087ea8000,0,1,0,0000000000000000000000000000000000000000000000000000000000000000000000000000000000000000000000000102c1da7ffffffc0000000000000000
61,61,0,0,1,1,00000000000000000000000000000000000000000000000000000000000000000000000000000000000000000000000000000000000000000000000087ea8000,0,1,0,0000000000000000000000000000000000000000000000000000000000000000000000000000000000000000000000000102c1da7ffffffc0000000000000000
62,62,0,0,1,1,00000000000000000000000000000000000000000000000000000000000000000000000000000000000000000000000000000000000000000000000087ea8000,0,1,0,0000000000000000000000000000000000000000000000000000000000000000000000000000000000000000000000000102c1da7ffffffc0000000000000000
63,63,0,0,1,1,00000000000000000000000000000000000000000000000000000000000000000000000000000000000000000000000000000000000000000000000087ea8000,0,1,0,0000000000000000000000000000000000000000000000000000000000000000000000000000000000000000000000000102c1da7ffffffc0000000000000000
64,64,0,0,1,1,00000000000000000000000000000000000000000000000000000000000000000000000000000000000000000000000000000000000000000000000087ea8000,0,1,0,0000000000000000000000000000000000000000000000000000000000000000000000000000000000000000000000000102c1da7ffffffc0000000000000000
65,65,0,0,1,1,00000000000000000000000000000000000000000000000000000000000000000000000000000000000000000000000000000000000000000000000087ea8000,0,1,0,0000000000000000000000000000000000000000000000000000000000000000000000000000000000000000000000000102c1da7ffffffc0000000000000000
66,66,0,0,1,1,00000000000000000000000000000000000000000000000000000000000000000000000000000000000000000000000000000000000000000000000087ea8000,0,1,0,0000000000000000000000000000000000000000000000000000000000000000000000000000000000000000000000000102c1da7ffffffc0000000000000000
67,67,0,0,1,1,00000000000000000000000000000000000000000000000000000000000000000000000000000000000000000000000000000000000000000000000087ea8000,0,1,0,0000000000000000000000000000000000000000000000000000000000000000000000000000000000000000000000000102c1da7ffffffc0000000000000000
68,68,0,0,1,1,00000000000000000000000000000000000000000000000000000000000000000000000000000000000000000000000000000000000000000000000087ea8000,0,1,0,0000000000000000000000000000000000000000000000000000000000000000000000000000000000000000000000000102c1da7ffffffc0000000000000000
69,69,0,0,1,1,00000000000000000000000000000000000000000000000000000000000000000000000000000000000000000000000000000000000000000000000087ea8000,0,1,0,0000000000000000000000000000000000000000000000000000000000000000000000000000000000000000000000000102c1da7ffffffc0000000000000000
70,70,0,0,1,1,00000000000000000000000000000000000000000000000000000000000000000000000000000000000000000000000000000000000000000000000087ea8000,0,1,0,0000000000000000000000000000000000000000000000000000000000000000000000000000000000000000000000000102c1da7ffffffc0000000000000000
71,71,0,0,1,1,00000000000000000000000000000000000000000000000000000000000000000000000000000000000000000000000000000000000000000000000087ea8000,0,1,0,0000000000000000000000000000000000000000000000000000000000000000000000000000000000000000000000000102c1da7ffffffc0000000000000000
72,72,0,0,1,1,00000000000000000000000000000000000000000000000000000000000000000000000000000000000000000000000000000000000000000000000087ea8000,0,1,0,0000000000000000000000000000000000000000000000000000000000000000000000000000000000000000000000000102c1da7ffffffc0000000000000000
73,73,0,0,1,1,00000000000000000000000000000000000000000000000000000000000000000000000000000000000000000000000000000000000000000000000087ea8000,0,1,0,0000000000000000000000000000000000000000000000000000000000000000000000000000000000000000000000000102c1da7ffffffc0000000000000000
74,74,0,0,1,1,00000000000000000000000000000000000000000000000000000000000000000000000000000000000000000000000000000000000000000000000087ea8000,0,1,0,0000000000000000000000000000000000000000000000000000000000000000000000000000000000000000000000000102c1da7ffffffc0000000000000000
75,75,0,0,1,1,00000000000000000000000000000000000000000000000000000000000000000000000000000000000000000000000000000000000000000000000087ea8000,0,1,0,0000000000000000000000000000000000000000000000000000000000000000000000000000000000000000000000000102c1da7ffffffc0000000000000000
76,76,0,0,1,1,00000000000000000000000000000000000000000000000000000000000000000000000000000000000000000000000000000000000000000000000087ea8000,0,1,0,0000000000000000000000000000000000000000000000000000000000000000000000000000000000000000000000000102c1da7ffffffc0000000000000000
77,77,0,0,1,1,00000000000000000000000000000000000000000000000000000000000000000000000000000000000000000000000000000000000000000000000087ea8000,0,1,0,0000000000000000000000000000000000000000000000000000000000000000000000000000000000000000000000000102c1da7ffffffc0000000000000000
78,78,0,0,1,1,00000000000000000000000000000000000000000000000000000000000000000000000000000000000000000000000000000000000000000000000087ea8000,0,1,0,0000000000000000000000000000000000000000000000000000000000000000000000000000000000000000000000000102c1da7ffffffc0000000000000000
79,79,0,0,1,1,00000000000000000000000000000000000000000000000000000000000000000000000000000000000000000000000000000000000000000000000087ea8000,0,1,0,0000000000000000000000000000000000000000000000000000000000000000000000000000000000000000000000000102c1da7ffffffc0000000000000000
80,80,0,0,1,1,00000000000000000000000000000000000000000000000000000000000000000000000000000000000000000000000000000000000000000000000087ea8000,0,1,0,0000000000000000000000000000000000000000000000000000000000000000000000000000000000000000000000000102c1da7ffffffc0000000000000000
81,81,0,0,1,1,00000000000000000000000000000000000000000000000000000000000000000000000000000000000000000000000000000000000000000000000087ea8000,0,1,0,0000000000000000000000000000000000000000000000000000000000000000000000000000000000000000000000000102c1da7ffffffc0000000000000000
82,82,0,0,1,1,00000000000000000000000000000000000000000000000000000000000000000000000000000000000000000000000000000000000000000000000087ea8000,0,1,0,0000000000000000000000000000000000000000000000000000000000000000000000000000000000000000000000000102c1da7ffffffc0000000000000000
83,83,0,0,1,1,00000000000000000000000000000000000000000000000000000000000000000000000000000000000000000000000000000000000000000000000087ea8000,0,1,0,0000000000000000000000000000000000000000000000000000000000000000000000000000000000000000000000000102c1da7ffffffc0000000000000000
84,84,0,0,1,1,00000000000000000000000000000000000000000000000000000000000000000000000000000000000000000000000000000000000000000000000087ea8000,0,1,0,0000000000000000000000000000000000000000000000000000000000000000000000000000000000000000000000000102c1da7ffffffc0000000000000000
85,85,0,0,1,1,00000000000000000000000000000000000000000000000000000000000000000000000000000000000000000000000000000000000000000000000087ea8000,0,1,0,0000000000000000000000000000000000000000000000000000000000000000000000000000000000000000000000000102c1da7ffffffc0000000000000000
86,86,0,0,1,1,00000000000000000000000000000000000000000000000000000000000000000000000000000000000000000000000000000000000000000000000087ea8000,0,1,0,0000000000000000000000000000000000000000000000000000000000000000000000000000000000000000000000000102c1da7ffffffc0000000000000000
87,87,0,0,1,1,00000000000000000000000000000000000000000000000000000000000000000000000000000000000000000000000000000000000000000000000087ea8000,0,1,0,0000000000000000000000000000000000000000000000000000000000000000000000000000000000000000000000000102c1da7ffffffc0000000000000000
88,88,0,0,1,1,00000000000000000000000000000000000000000000000000000000000000000000000000000000000000000000000000000000000000000000000087ea8000,0,1,0,0000000000000000000000000000000000000000000000000000000000000000000000000000000000000000000000000102c1da7ffffffc0000000000000000
89,89,0,0,1,1,00000000000000000000000000000000000000000000000000000000000000000000000000000000000000000000000000000000000000000000000087ea8000,0,1,0,0000000000000000000000000000000000000000000000000000000000000000000000000000000000000000000000000102c1da7ffffffc0000000000000000
90,90,0,0,1,1,00000000000000000000000000000000000000000000000000000000000000000000000000000000000000000000000000000000000000000000000087ea8000,0,1,0,0000000000000000000000000000000000000000000000000000000000000000000000000000000000000000000000000102c1da7ffffffc0000000000000000
91,91,0,0,1,1,00000000000000000000000000000000000000000000000000000000000000000000000000000000000000000000000000000000000000000000000087ea8000,0,1,0,0000000000000000000000000000000000000000000000000000000000000000000000000000000000000000000000000102c1da7ffffffc0000000000000000
92,92,0,0,1,1,00000000000000000000000000000000000000000000000000000000000000000000000000000000000000000000000000000000000000000000000087ea8000,0,1,0,0000000000000000000000000000000000000000000000000000000000000000000000000000000000000000000000000102c1da7ffffffc0000000000000000
93,93,0,0,1,1,00000000000000000000000000000000000000000000000000000000000000000000000000000000000000000000000000000000000000000000000087ea8000,0,1,0,0000000000000000000000000000000000000000000000000000000000000000000000000000000000000000000000000102c1da7ffffffc0000000000000000
94,94,0,0,1,1,00000000000000000000000000000000000000000000000000000000000000000000000000000000000000000000000000000000000000000000000087ea8000,0,1,0,0000000000000000000000000000000000000000000000000000000000000000000000000000000000000000000000000102c1da7ffffffc0000000000000000
95,95,0,0,1,1,00000000000000000000000000000000000000000000000000000000000000000000000000000000000000000000000000000000000000000000000087ea8000,0,1,0,0000000000000000000000000000000000000000000000000000000000000000000000000000000000000000000000000102c1da7ffffffc0000000000000000
96,96,0,0,1,1,00000000000000000000000000000000000000000000000000000000000000000000000000000000000000000000000000000000000000000000000087ea8000,0,1,0,0000000000000000000000000000000000000000000000000000000000000000000000000000000000000000000000000102c1da7ffffffc0000000000000000
97,97,0,0,1,1,00000000000000000000000000000000000000000000000000000000000000000000000000000000000000000000000000000000000000000000000087ea8000,0,1,0,0000000000000000000000000000000000000000000000000000000000000000000000000000000000000000000000000102c1da7ffffffc0000000000000000
98,98,0,0,1,1,00000000000000000000000000000000000000000000000000000000000000000000000000000000000000000000000000000000000000000000000087ea8000,0,1,0,0000000000000000000000000000000000000000000000000000000000000000000000000000000000000000000000000102c1da7ffffffc0000000000000000
99,99,0,0,1,1,00000000000000000000000000000000000000000000000000000000000000000000000000000000000000000000000000000000000000000000000087ea8000,0,1,0,0000000000000000000000000000000000000000000000000000000000000000000000000000000000000000000000000102c1da7ffffffc0000000000000000
100,100,0,0,1,1,00000000000000000000000000000000000000000000000000000000000000000000000000000000000000000000000000000000000000000000000087ea8000,0,1,0,0000000000000000000000000000000000000000000000000000000000000000000000000000000000000000000000000102c1da7ffffffc0000000000000000
101,101,0,0,1,1,00000000000000000000000000000000000000000000000000000000000000000000000000000000000000000000000000000000000000000000000087ea8000,0,1,0,0000000000000000000000000000000000000000000000000000000000000000000000000000000000000000000000000102c1da7ffffffc0000000000000000
102,102,0,0,1,1,00000000000000000000000000000000000000000000000000000000000000000000000000000000000000000000000000000000000000000000000087ea8000,0,1,0,0000000000000000000000000000000000000000000000000000000000000000000000000000000000000000000000000102c1da7ffffffc0000000000000000
103,103,0,0,1,1,00000000000000000000000000000000000000000000000000000000000000000000000000000000000000000000000000000000000000000000000087ea8000,0,1,0,0000000000000000000000000000000000000000000000000000000000000000000000000000000000000000000000000102c1da7ffffffc0000000000000000
104,104,0,0,1,1,00000000000000000000000000000000000000000000000000000000000000000000000000000000000000000000000000000000000000000000000087ea8000,0,1,0,0000000000000000000000000000000000000000000000000000000000000000000000000000000000000000000000000102c1da7ffffffc0000000000000000
105,105,0,0,1,1,00000000000000000000000000000000000000000000000000000000000000000000000000000000000000000000000000000000000000000000000087ea8000,0,1,0,0000000000000000000000000000000000000000000000000000000000000000000000000000000000000000000000000102c1da7ffffffc0000000000000000
106,106,0,0,1,1,00000000000000000000000000000000000000000000000000000000000000000000000000000000000000000000000000000000000000000000000087ea8000,0,1,0,0000000000000000000000000000000000000000000000000000000000000000000000000000000000000000000000000102c1da7ffffffc0000000000000000
107,107,0,0,1,1,00000000000000000000000000000000000000000000000000000000000000000000000000000000000000000000000000000000000000000000000087ea8000,0,1,0,0000000000000000000000000000000000000000000000000000000000000000000000000000000000000000000000000102c1da7ffffffc0000000000000000
108,108,0,0,1,1,00000000000000000000000000000000000000000000000000000000000000000000000000000000000000000000000000000000000000000000000087ea8000,0,1,0,0000000000000000000000000000000000000000000000000000000000000000000000000000000000000000000000000102c1da7ffffffc0000000000000000
109,109,0,0,1,1,00000000000000000000000000000000000000000000000000000000000000000000000000000000000000000000000000000000000000000000000087ea8000,0,1,0,0000000000000000000000000000000000000000000000000000000000000000000000000000000000000000000000000102c1da7ffffffc0000000000000000
110,110,0,0,1,1,00000000000000000000000000000000000000000000000000000000000000000000000000000000000000000000000000000000000000000000000087ea8000,0,1,0,0000000000000000000000000000000000000000000000000000000000000000000000000000000000000000000000000102c1da7ffffffc0000000000000000
111,111,0,0,1,1,00000000000000000000000000000000000000000000000000000000000000000000000000000000000000000000000000000000000000000000000087ea8000,0,1,0,0000000000000000000000000000000000000000000000000000000000000000000000000000000000000000000000000102c1da7ffffffc0000000000000000
112,112,0,0,1,1,00000000000000000000000000000000000000000000000000000000000000000000000000000000000000000000000000000000000000000000000087ea8000,0,1,0,0000000000000000000000000000000000000000000000000000000000000000000000000000000000000000000000000102c1da7ffffffc0000000000000000
113,113,0,0,1,1,00000000000000000000000000000000000000000000000000000000000000000000000000000000000000000000000000000000000000000000000087ea8000,0,1,0,0000000000000000000000000000000000000000000000000000000000000000000000000000000000000000000000000102c1da7ffffffc0000000000000000
114,114,0,0,1,1,00000000000000000000000000000000000000000000000000000000000000000000000000000000000000000000000000000000000000000000000087ea8000,0,1,0,0000000000000000000000000000000000000000000000000000000000000000000000000000000000000000000000000102c1da7ffffffc0000000000000000
115,115,0,0,1,1,00000000000000000000000000000000000000000000000000000000000000000000000000000000000000000000000000000000000000000000000087ea8000,0,1,0,0000000000000000000000000000000000000000000000000000000000000000000000000000000000000000000000000102c1da7ffffffc0000000000000000
116,116,0,0,1,1,00000000000000000000000000000000000000000000000000000000000000000000000000000000000000000000000000000000000000000000000087ea8000,0,1,0,0000000000000000000000000000000000000000000000000000000000000000000000000000000000000000000000000102c1da7ffffffc0000000000000000
117,117,0,0,1,1,00000000000000000000000000000000000000000000000000000000000000000000000000000000000000000000000000000000000000000000000087ea8000,0,1,0,0000000000000000000000000000000000000000000000000000000000000000000000000000000000000000000000000102c1da7ffffffc0000000000000000
118,118,0,0,1,1,00000000000000000000000000000000000000000000000000000000000000000000000000000000000000000000000000000000000000000000000087ea8000,0,1,0,0000000000000000000000000000000000000000000000000000000000000000000000000000000000000000000000000102c1da7ffffffc0000000000000000
119,119,0,0,1,1,00000000000000000000000000000000000000000000000000000000000000000000000000000000000000000000000000000000000000000000000087ea8000,0,1,0,0000000000000000000000000000000000000000000000000000000000000000000000000000000000000000000000000102c1da7ffffffc0000000000000000
120,120,0,0,1,1,00000000000000000000000000000000000000000000000000000000000000000000000000000000000000000000000000000000000000000000000087ea8000,0,1,0,0000000000000000000000000000000000000000000000000000000000000000000000000000000000000000000000000102c1da7ffffffc0000000000000000
121,121,0,0,1,1,00000000000000000000000000000000000000000000000000000000000000000000000000000000000000000000000000000000000000000000000087ea8000,0,1,0,0000000000000000000000000000000000000000000000000000000000000000000000000000000000000000000000000102c1da7ffffffc0000000000000000
122,122,0,0,1,1,00000000000000000000000000000000000000000000000000000000000000000000000000000000000000000000000000000000000000000000000087ea8000,0,1,0,0000000000000000000000000000000000000000000000000000000000000000000000000000000000000000000000000102c1da7ffffffc0000000000000000
123,123,0,0,1,1,00000000000000000000000000000000000000000000000000000000000000000000000000000000000000000000000000000000000000000000000087ea8000,0,1,0,0000000000000000000000000000000000000000000000000000000000000000000000000000000000000000000000000102c1da7ffffffc0000000000000000
124,124,0,0,1,1,00000000000000000000000000000000000000000000000000000000000000000000000000000000000000000000000000000000000000000000000087ea8000,0,1,0,0000000000000000000000000000000000000000000000000000000000000000000000000000000000000000000000000102c1da7ffffffc0000000000000000
125,125,0,0,1,1,00000000000000000000000000000000000000000000000000000000000000000000000000000000000000000000000000000000000000000000000087ea8000,0,1,0,0000000000000000000000000000000000000000000000000000000000000000000000000000000000000000000000000102c1da7ffffffc0000000000000000
126,126,0,0,1,1,00000000000000000000000000000000000000000000000000000000000000000000000000000000000000000000000000000000000000000000000087ea8000,0,1,0,0000000000000000000000000000000000000000000000000000000000000000000000000000000000000000000000000102c1da7ffffffc0000000000000000
127,127,0,0,1,1,00000000000000000000000000000000000000000000000000000000000000000000000000000000000000000000000000000000000000000000000087ea8000,0,1,0,0000000000000000000000000000000000000000000000000000000000000000000000000000000000000000000000000102c1da7ffffffc0000000000000000
128,128,0,0,1,1,00000000000000000000000000000000000000000000000000000000000000000000000000000000000000000000000000000000000000000000000087ea8000,0,1,0,0000000000000000000000000000000000000000000000000000000000000000000000000000000000000000000000000102c1da7ffffffc0000000000000000
129,129,0,0,1,1,00000000000000000000000000000000000000000000000000000000000000000000000000000000000000000000000000000000000000000000000087ea8000,0,1,0,0000000000000000000000000000000000000000000000000000000000000000000000000000000000000000000000000102c1da7ffffffc0000000000000000
130,130,0,0,1,1,00000000000000000000000000000000000000000000000000000000000000000000000000000000000000000000000000000000000000000000000087ea8000,0,1,0,0000000000000000000000000000000000000000000000000000000000000000000000000000000000000000000000000102c1da7ffffffc0000000000000000
131,131,0,0,1,1,00000000000000000000000000000000000000000000000000000000000000000000000000000000000000000000000000000000000000000000000087ea8000,0,1,0,0000000000000000000000000000000000000000000000000000000000000000000000000000000000000000000000000102c1da7ffffffc0000000000000000
132,132,0,0,1,1,00000000000000000000000000000000000000000000000000000000000000000000000000000000000000000000000000000000000000000000000087ea8000,0,1,0,0000000000000000000000000000000000000000000000000000000000000000000000000000000000000000000000000102c1da7ffffffc0000000000000000
133,133,0,0,1,1,00000000000000000000000000000000000000000000000000000000000000000000000000000000000000000000000000000000000000000000000087ea8000,0,1,0,0000000000000000000000000000000000000000000000000000000000000000000000000000000000000000000000000102c1da7ffffffc0000000000000000
134,134,0,0,1,1,00000000000000000000000000000000000000000000000000000000000000000000000000000000000000000000000000000000000000000000000087ea8000,0,1,0,0000000000000000000000000000000000000000000000000000000000000000000000000000000000000000000000000102c1da7ffffffc0000000000000000
135,135,0,0,1,1,00000000000000000000000000000000000000000000000000000000000000000000000000000000000000000000000000000000000000000000000087ea8000,0,1,0,0000000000000000000000000000000000000000000000000000000000000000000000000000000000000000000000000102c1da7ffffffc0000000000000000
136,136,0,0,1,1,00000000000000000000000000000000000000000000000000000000000000000000000000000000000000000000000000000000000000000000000087ea8000,0,1,0,0000000000000000000000000000000000000000000000000000000000000000000000000000000000000000000000000102c1da7ffffffc0000000000000000
137,137,0,0,1,1,00000000000000000000000000000000000000000000000000000000000000000000000000000000000000000000000000000000000000000000000087ea8000,0,1,0,0000000000000000000000000000000000000000000000000000000000000000000000000000000000000000000000000102c1da7ffffffc0000000000000000
138,138,0,0,1,1,00000000000000000000000000000000000000000000000000000000000000000000000000000000000000000000000000000000000000000000000087ea8000,0,1,0,0000000000000000000000000000000000000000000000000000000000000000000000000000000000000000000000000102c1da7ffffffc0000000000000000
139,139,0,0,1,1,00000000000000000000000000000000000000000000000000000000000000000000000000000000000000000000000000000000000000000000000087ea8000,0,1,0,0000000000000000000000000000000000000000000000000000000000000000000000000000000000000000000000000102c1da7ffffffc0000000000000000
140,140,0,0,1,1,00000000000000000000000000000000000000000000000000000000000000000000000000000000000000000000000000000000000000000000000087ea8000,0,1,0,0000000000000000000000000000000000000000000000000000000000000000000000000000000000000000000000000102c1da7ffffffc0000000000000000
141,141,0,0,1,1,00000000000000000000000000000000000000000000000000000000000000000000000000000000000000000000000000000000000000000000000087ea8000,0,1,0,0000000000000000000000000000000000000000000000000000000000000000000000000000000000000000000000000102c1da7ffffffc0000000000000000
142,142,0,0,1,1,00000000000000000000000000000000000000000000000000000000000000000000000000000000000000000000000000000000000000000000000087ea8000,0,1,0,0000000000000000000000000000000000000000000000000000000000000000000000000000000000000000000000000102c1da7ffffffc0000000000000000
143,143,0,0,1,1,00000000000000000000000000000000000000000000000000000000000000000000000000000000000000000000000000000000000000000000000087ea8000,0,1,0,0000000000000000000000000000000000000000000000000000000000000000000000000000000000000000000000000102c1da7ffffffc0000000000000000
144,144,0,0,1,1,00000000000000000000000000000000000000000000000000000000000000000000000000000000000000000000000000000000000000000000000087ea8000,0,1,0,0000000000000000000000000000000000000000000000000000000000000000000000000000000000000000000000000102c1da7ffffffc0000000000000000
145,145,0,0,1,1,00000000000000000000000000000000000000000000000000000000000000000000000000000000000000000000000000000000000000000000000087ea8000,0,1,0,0000000000000000000000000000000000000000000000000000000000000000000000000000000000000000000000000102c1da7ffffffc0000000000000000
146,146,0,0,1,1,00000000000000000000000000000000000000000000000000000000000000000000000000000000000000000000000000000000000000000000000087ea8000,0,1,0,0000000000000000000000000000000000000000000000000000000000000000000000000000000000000000000000000102c1da7ffffffc0000000000000000
147,147,0,0,1,1,00000000000000000000000000000000000000000000000000000000000000000000000000000000000000000000000000000000000000000000000087ea8000,0,1,0,0000000000000000000000000000000000000000000000000000000000000000000000000000000000000000000000000102c1da7ffffffc0000000000000000
148,148,0,0,1,1,00000000000000000000000000000000000000000000000000000000000000000000000000000000000000000000000000000000000000000000000087ea8000,0,1,0,0000000000000000000000000000000000000000000000000000000000000000000000000000000000000000000000000102c1da7ffffffc0000000000000000
149,149,0,0,1,1,00000000000000000000000000000000000000000000000000000000000000000000000000000000000000000000000000000000000000000000000087ea8000,0,1,0,0000000000000000000000000000000000000000000000000000000000000000000000000000000000000000000000000102c1da7ffffffc0000000000000000
150,150,0,0,1,1,00000000000000000000000000000000000000000000000000000000000000000000000000000000000000000000000000000000000000000000000087ea8000,0,1,0,0000000000000000000000000000000000000000000000000000000000000000000000000000000000000000000000000102c1da7ffffffc0000000000000000
151,151,0,0,1,1,00000000000000000000000000000000000000000000000000000000000000000000000000000000000000000000000000000000000000000000000087ea8000,0,1,0,0000000000000000000000000000000000000000000000000000000000000000000000000000000000000000000000000102c1da7ffffffc0000000000000000
152,152,0,0,1,1,00000000000000000000000000000000000000000000000000000000000000000000000000000000000000000000000000000000000000000000000087ea8000,0,1,0,0000000000000000000000000000000000000000000000000000000000000000000000000000000000000000000000000102c1da7ffffffc0000000000000000
153,153,0,0,1,1,00000000000000000000000000000000000000000000000000000000000000000000000000000000000000000000000000000000000000000000000087ea8000,0,1,0,0000000000000000000000000000000000000000000000000000000000000000000000000000000000000000000000000102c1da7ffffffc0000000000000000
154,154,0,0,1,1,00000000000000000000000000000000000000000000000000000000000000000000000000000000000000000000000000000000000000000000000087ea8000,0,1,0,0000000000000000000000000000000000000000000000000000000000000000000000000000000000000000000000000102c1da7ffffffc0000000000000000
155,155,0,0,1,1,00000000000000000000000000000000000000000000000000000000000000000000000000000000000000000000000000000000000000000000000087ea8000,0,1,0,0000000000000000000000000000000000000000000000000000000000000000000000000000000000000000000000000102c1da7ffffffc0000000000000000
156,156,0,0,1,1,00000000000000000000000000000000000000000000000000000000000000000000000000000000000000000000000000000000000000000000000087ea8000,0,1,0,0000000000000000000000000000000000000000000000000000000000000000000000000000000000000000000000000102c1da7ffffffc0000000000000000
157,157,0,0,1,1,00000000000000000000000000000000000000000000000000000000000000000000000000000000000000000000000000000000000000000000000087ea8000,0,1,0,0000000000000000000000000000000000000000000000000000000000000000000000000000000000000000000000000102c1da7ffffffc0000000000000000
158,158,0,0,1,1,00000000000000000000000000000000000000000000000000000000000000000000000000000000000000000000000000000000000000000000000087ea8000,0,1,0,0000000000000000000000000000000000000000000000000000000000000000000000000000000000000000000000000102c1da7ffffffc0000000000000000
159,159,0,0,1,1,00000000000000000000000000000000000000000000000000000000000000000000000000000000000000000000000000000000000000000000000087ea8000,0,1,0,0000000000000000000000000000000000000000000000000000000000000000000000000000000000000000000000000102c1da7ffffffc0000000000000000
160,160,0,0,1,1,00000000000000000000000000000000000000000000000000000000000000000000000000000000000000000000000000000000000000000000000087ea8000,0,1,0,0000000000000000000000000000000000000000000000000000000000000000000000000000000000000000000000000102c1da7ffffffc0000000000000000
161,161,0,0,1,1,00000000000000000000000000000000000000000000000000000000000000000000000000000000000000000000000000000000000000000000000087ea8000,0,1,0,0000000000000000000000000000000000000000000000000000000000000000000000000000000000000000000000000102c1da7ffffffc0000000000000000
162,162,0,0,1,1,00000000000000000000000000000000000000000000000000000000000000000000000000000000000000000000000000000000000000000000000087ea8000,0,1,0,0000000000000000000000000000000000000000000000000000000000000000000000000000000000000000000000000102c1da7ffffffc0000000000000000
163,163,0,0,1,1,00000000000000000000000000000000000000000000000000000000000000000000000000000000000000000000000000000000000000000000000087ea8000,0,1,0,0000000000000000000000000000000000000000000000000000000000000000000000000000000000000000000000000102c1da7ffffffc0000000000000000
164,164,0,0,1,1,00000000000000000000000000000000000000000000000000000000000000000000000000000000000000000000000000000000000000000000000087ea8000,0,1,0,0000000000000000000000000000000000000000000000000000000000000000000000000000000000000000000000000102c1da7ffffffc0000000000000000
165,165,0,0,1,1,00000000000000000000000000000000000000000000000000000000000000000000000000000000000000000000000000000000000000000000000087ea8000,0,1,0,0000000000000000000000000000000000000000000000000000000000000000000000000000000000000000000000000102c1da7ffffffc0000000000000000
166,166,0,0,1,1,00000000000000000000000000000000000000000000000000000000000000000000000000000000000000000000000000000000000000000000000087ea8000,0,1,0,0000000000000000000000000000000000000000000000000000000000000000000000000000000000000000000000000102c1da7ffffffc0000000000000000
167,167,0,0,1,1,00000000000000000000000000000000000000000000000000000000000000000000000000000000000000000000000000000000000000000000000087ea8000,0,1,0,0000000000000000000000000000000000000000000000000000000000000000000000000000000000000000000000000102c1da7ffffffc0000000000000000
168,168,0,0,1,1,00000000000000000000000000000000000000000000000000000000000000000000000000000000000000000000000000000000000000000000000087ea8000,0,1,0,0000000000000000000000000000000000000000000000000000000000000000000000000000000000000000000000000102c1da7ffffffc0000000000000000
169,169,0,0,1,1,00000000000000000000000000000000000000000000000000000000000000000000000000000000000000000000000000000000000000000000000087ea8000,0,1,0,0000000000000000000000000000000000000000000000000000000000000000000000000000000000000000000000000102c1da7ffffffc0000000000000000
170,170,0,0,1,1,00000000000000000000000000000000000000000000000000000000000000000000000000000000000000000000000000000000000000000000000087ea8000,0,1,0,0000000000000000000000000000000000000000000000000000000000000000000000000000000000000000000000000102c1da7ffffffc0000000000000000
171,171,0,0,1,1,00000000000000000000000000000000000000000000000000000000000000000000000000000000000000000000000000000000000000000000000087ea8000,0,1,0,0000000000000000000000000000000000000000000000000000000000000000000000000000000000000000000000000102c1da7ffffffc0000000000000000
172,172,0,0,1,1,00000000000000000000000000000000000000000000000000000000000000000000000000000000000000000000000000000000000000000000000087ea8000,0,1,0,0000000000000000000000000000000000000000000000000000000000000000000000000000000000000000000000000102c1da7ffffffc0000000000000000
173,173,0,0,1,1,00000000000000000000000000000000000000000000000000000000000000000000000000000000000000000000000000000000000000000000000087ea8000,0,1,0,0000000000000000000000000000000000000000000000000000000000000000000000000000000000000000000000000102c1da7ffffffc0000000000000000
174,174,0,0,1,1,00000000000000000000000000000000000000000000000000000000000000000000000000000000000000000000000000000000000000000000000087ea8000,0,1,0,0000000000000000000000000000000000000000000000000000000000000000000000000000000000000000000000000102c1da7ffffffc0000000000000000
175,175,0,0,1,1,00000000000000000000000000000000000000000000000000000000000000000000000000000000000000000000000000000000000000000000000087ea8000,0,1,0,0000000000000000000000000000000000000000000000000000000000000000000000000000000000000000000000000102c1da7ffffffc0000000000000000
176,176,0,0,1,1,00000000000000000000000000000000000000000000000000000000000000000000000000000000000000000000000000000000000000000000000087ea8000,0,1,0,0000000000000000000000000000000000000000000000000000000000000000000000000000000000000000000000000102c1da7ffffffc0000000000000000
177,177,0,0,1,1,00000000000000000000000000000000000000000000000000000000000000000000000000000000000000000000000000000000000000000000000087ea8000,0,1,0,0000000000000000000000000000000000000000000000000000000000000000000000000000000000000000000000000102c1da7ffffffc0000000000000000
178,178,0,0,1,1,00000000000000000000000000000000000000000000000000000000000000000000000000000000000000000000000000000000000000000000000087ea8000,0,1,0,0000000000000000000000000000000000000000000000000000000000000000000000000000000000000000000000000102c1da7ffffffc0000000000000000
179,179,0,0,1,1,00000000000000000000000000000000000000000000000000000000000000000000000000000000000000000000000000000000000000000000000087ea8000,0,1,0,0000000000000000000000000000000000000000000000000000000000000000000000000000000000000000000000000102c1da7ffffffc0000000000000000
180,180,0,0,1,1,00000000000000000000000000000000000000000000000000000000000000000000000000000000000000000000000000000000000000000000000087ea8000,0,1,0,0000000000000000000000000000000000000000000000000000000000000000000000000000000000000000000000000102c1da7ffffffc0000000000000000
181,181,0,0,1,1,00000000000000000000000000000000000000000000000000000000000000000000000000000000000000000000000000000000000000000000000087ea8000,0,1,0,0000000000000000000000000000000000000000000000000000000000000000000000000000000000000000000000000102c1da7ffffffc0000000000000000
182,182,0,0,1,1,00000000000000000000000000000000000000000000000000000000000000000000000000000000000000000000000000000000000000000000000087ea8000,0,1,0,0000000000000000000000000000000000000000000000000000000000000000000000000000000000000000000000000102c1da7ffffffc0000000000000000
183,183,0,0,1,1,00000000000000000000000000000000000000000000000000000000000000000000000000000000000000000000000000000000000000000000000087ea8000,0,1,0,0000000000000000000000000000000000000000000000000000000000000000000000000000000000000000000000000102c1da7ffffffc0000000000000000
184,184,0,0,1,1,00000000000000000000000000000000000000000000000000000000000000000000000000000000000000000000000000000000000000000000000087ea8000,0,1,0,0000000000000000000000000000000000000000000000000000000000000000000000000000000000000000000000000102c1da7ffffffc0000000000000000
185,185,0,0,1,1,00000000000000000000000000000000000000000000000000000000000000000000000000000000000000000000000000000000000000000000000087ea8000,0,1,0,0000000000000000000000000000000000000000000000000000000000000000000000000000000000000000000000000102c1da7ffffffc0000000000000000
186,186,0,0,1,1,00000000000000000000000000000000000000000000000000000000000000000000000000000000000000000000000000000000000000000000000087ea8000,0,1,0,0000000000000000000000000000000000000000000000000000000000000000000000000000000000000000000000000102c1da7ffffffc0000000000000000
187,187,0,0,1,1,00000000000000000000000000000000000000000000000000000000000000000000000000000000000000000000000000000000000000000000000087ea8000,0,1,0,0000000000000000000000000000000000000000000000000000000000000000000000000000000000000000000000000102c1da7ffffffc0000000000000000
188,188,0,0,1,1,00000000000000000000000000000000000000000000000000000000000000000000000000000000000000000000000000000000000000000000000087ea8000,0,1,0,0000000000000000000000000000000000000000000000000000000000000000000000000000000000000000000000000102c1da7ffffffc0000000000000000
189,189,0,0,1,1,00000000000000000000000000000000000000000000000000000000000000000000000000000000000000000000000000000000000000000000000087ea8000,0,1,0,0000000000000000000000000000000000000000000000000000000000000000000000000000000000000000000000000102c1da7ffffffc0000000000000000
190,190,0,0,1,1,00000000000000000000000000000000000000000000000000000000000000000000000000000000000000000000000000000000000000000000000087ea8000,0,1,0,0000000000000000000000000000000000000000000000000000000000000000000000000000000000000000000000000102c1da7ffffffc0000000000000000
191,191,0,0,1,1,00000000000000000000000000000000000000000000000000000000000000000000000000000000000000000000000000000000000000000000000087ea8000,0,1,0,0000000000000000000000000000000000000000000000000000000000000000000000000000000000000000000000000102c1da7ffffffc0000000000000000
192,192,0,0,1,1,00000000000000000000000000000000000000000000000000000000000000000000000000000000000000000000000000000000000000000000000087ea8000,0,1,0,0000000000000000000000000000000000000000000000000000000000000000000000000000000000000000000000000102c1da7ffffffc0000000000000000
193,193,0,0,1,1,00000000000000000000000000000000000000000000000000000000000000000000000000000000000000000000000000000000000000000000000087ea8000,0,1,0,0000000000000000000000000000000000000000000000000000000000000000000000000000000000000000000000000102c1da7ffffffc0000000000000000
194,194,0,0,1,1,00000000000000000000000000000000000000000000000000000000000000000000000000000000000000000000000000000000000000000000000087ea8000,0,1,0,0000000000000000000000000000000000000000000000000000000000000000000000000000000000000000000000000102c1da7ffffffc0000000000000000
195,195,0,0,1,1,00000000000000000000000000000000000000000000000000000000000000000000000000000000000000000000000000000000000000000000000087ea8000,0,1,0,0000000000000000000000000000000000000000000000000000000000000000000000000000000000000000000000000102c1da7ffffffc0000000000000000
196,196,0,0,1,1,00000000000000000000000000000000000000000000000000000000000000000000000000000000000000000000000000000000000000000000000087ea8000,0,1,0,0000000000000000000000000000000000000000000000000000000000000000000000000000000000000000000000000102c1da7ffffffc0000000000000000
197,197,0,0,1,1,00000000000000000000000000000000000000000000000000000000000000000000000000000000000000000000000000000000000000000000000087ea8000,0,1,0,0000000000000000000000000000000000000000000000000000000000000000000000000000000000000000000000000102c1da7ffffffc0000000000000000
198,198,0,0,1,1,00000000000000000000000000000000000000000000000000000000000000000000000000000000000000000000000000000000000000000000000087ea8000,0,1,0,0000000000000000000000000000000000000000000000000000000000000000000000000000000000000000000000000102c1da7ffffffc0000000000000000
199,199,0,0,1,1,00000000000000000000000000000000000000000000000000000000000000000000000000000000000000000000000000000000000000000000000087ea8000,0,1,0,0000000000000000000000000000000000000000000000000000000000000000000000000000000000000000000000000102c1da7ffffffc0000000000000000
200,200,0,0,1,1,00000000000000000000000000000000000000000000000000000000000000000000000000000000000000000000000000000000000000000000000087ea8000,0,1,0,0000000000000000000000000000000000000000000000000000000000000000000000000000000000000000000000000102c1da7ffffffc0000000000000000
201,201,0,0,1,1,00000000000000000000000000000000000000000000000000000000000000000000000000000000000000000000000000000000000000000000000087ea8000,0,1,0,0000000000000000000000000000000000000000000000000000000000000000000000000000000000000000000000000102c1da7ffffffc0000000000000000
202,202,0,0,1,1,00000000000000000000000000000000000000000000000000000000000000000000000000000000000000000000000000000000000000000000000087ea8000,0,1,0,0000000000000000000000000000000000000000000000000000000000000000000000000000000000000000000000000102c1da7ffffffc0000000000000000
203,203,0,0,1,1,00000000000000000000000000000000000000000000000000000000000000000000000000000000000000000000000000000000000000000000000087ea8000,0,1,0,0000000000000000000000000000000000000000000000000000000000000000000000000000000000000000000000000102c1da7ffffffc0000000000000000
204,204,0,0,1,1,00000000000000000000000000000000000000000000000000000000000000000000000000000000000000000000000000000000000000000000000087ea8000,0,1,0,0000000000000000000000000000000000000000000000000000000000000000000000000000000000000000000000000102c1da7ffffffc0000000000000000
205,205,0,0,1,1,00000000000000000000000000000000000000000000000000000000000000000000000000000000000000000000000000000000000000000000000087ea8000,0,1,0,0000000000000000000000000000000000000000000000000000000000000000000000000000000000000000000000000102c1da7ffffffc0000000000000000
206,206,0,0,1,1,00000000000000000000000000000000000000000000000000000000000000000000000000000000000000000000000000000000000000000000000087ea8000,0,1,0,0000000000000000000000000000000000000000000000000000000000000000000000000000000000000000000000000102c1da7ffffffc0000000000000000
207,207,0,0,1,1,00000000000000000000000000000000000000000000000000000000000000000000000000000000000000000000000000000000000000000000000087ea8000,0,1,0,0000000000000000000000000000000000000000000000000000000000000000000000000000000000000000000000000102c1da7ffffffc0000000000000000
208,208,0,0,1,1,00000000000000000000000000000000000000000000000000000000000000000000000000000000000000000000000000000000000000000000000087ea8000,0,1,0,0000000000000000000000000000000000000000000000000000000000000000000000000000000000000000000000000102c1da7ffffffc0000000000000000
209,209,0,0,1,1,00000000000000000000000000000000000000000000000000000000000000000000000000000000000000000000000000000000000000000000000087ea8000,0,1,0,0000000000000000000000000000000000000000000000000000000000000000000000000000000000000000000000000102c1da7ffffffc0000000000000000
210,210,0,0,1,1,00000000000000000000000000000000000000000000000000000000000000000000000000000000000000000000000000000000000000000000000087ea8000,0,1,0,0000000000000000000000000000000000000000000000000000000000000000000000000000000000000000000000000102c1da7ffffffc0000000000000000
211,211,0,0,1,1,00000000000000000000000000000000000000000000000000000000000000000000000000000000000000000000000000000000000000000000000087ea8000,0,1,0,0000000000000000000000000000000000000000000000000000000000000000000000000000000000000000000000000102c1da7ffffffc0000000000000000
212,212,0,0,1,1,00000000000000000000000000000000000000000000000000000000000000000000000000000000000000000000000000000000000000000000000087ea8000,0,1,0,0000000000000000000000000000000000000000000000000000000000000000000000000000000000000000000000000102c1da7ffffffc0000000000000000
213,213,0,0,1,1,00000000000000000000000000000000000000000000000000000000000000000000000000000000000000000000000000000000000000000000000087ea8000,0,1,0,0000000000000000000000000000000000000000000000000000000000000000000000000000000000000000000000000102c1da7ffffffc0000000000000000
214,214,0,0,1,1,00000000000000000000000000000000000000000000000000000000000000000000000000000000000000000000000000000000000000000000000087ea8000,0,1,0,0000000000000000000000000000000000000000000000000000000000000000000000000000000000000000000000000102c1da7ffffffc0000000000000000
215,215,0,0,1,1,00000000000000000000000000000000000000000000000000000000000000000000000000000000000000000000000000000000000000000000000087ea8000,0,1,0,0000000000000000000000000000000000000000000000000000000000000000000000000000000000000000000000000102c1da7ffffffc0000000000000000
216,216,0,0,1,1,00000000000000000000000000000000000000000000000000000000000000000000000000000000000000000000000000000000000000000000000087ea8000,0,1,0,0000000000000000000000000000000000000000000000000000000000000000000000000000000000000000000000000102c1da7ffffffc0000000000000000
217,217,0,0,1,1,00000000000000000000000000000000000000000000000000000000000000000000000000000000000000000000000000000000000000000000000087ea8000,0,1,0,0000000000000000000000000000000000000000000000000000000000000000000000000000000000000000000000000102c1da7ffffffc0000000000000000
218,218,0,0,1,1,00000000000000000000000000000000000000000000000000000000000000000000000000000000000000000000000000000000000000000000000087ea8000,0,1,0,0000000000000000000000000000000000000000000000000000000000000000000000000000000000000000000000000102c1da7ffffffc0000000000000000
219,219,0,0,1,1,00000000000000000000000000000000000000000000000000000000000000000000000000000000000000000000000000000000000000000000000087ea8000,0,1,0,0000000000000000000000000000000000000000000000000000000000000000000000000000000000000000000000000102c1da7ffffffc0000000000000000
220,220,0,0,1,1,00000000000000000000000000000000000000000000000000000000000000000000000000000000000000000000000000000000000000000000000087ea8000,0,1,0,0000000000000000000000000000000000000000000000000000000000000000000000000000000000000000000000000102c1da7ffffffc0000000000000000
221,221,0,0,1,1,00000000000000000000000000000000000000000000000000000000000000000000000000000000000000000000000000000000000000000000000087ea8000,0,1,0,0000000000000000000000000000000000000000000000000000000000000000000000000000000000000000000000000102c1da7ffffffc0000000000000000
222,222,0,0,1,1,00000000000000000000000000000000000000000000000000000000000000000000000000000000000000000000000000000000000000000000000087ea8000,0,1,0,0000000000000000000000000000000000000000000000000000000000000000000000000000000000000000000000000102c1da7ffffffc0000000000000000
223,223,0,0,1,1,00000000000000000000000000000000000000000000000000000000000000000000000000000000000000000000000000000000000000000000000087ea8000,0,1,0,0000000000000000000000000000000000000000000000000000000000000000000000000000000000000000000000000102c1da7ffffffc0000000000000000
224,224,0,0,1,1,00000000000000000000000000000000000000000000000000000000000000000000000000000000000000000000000000000000000000000000000087ea8000,0,1,0,0000000000000000000000000000000000000000000000000000000000000000000000000000000000000000000000000102c1da7ffffffc0000000000000000
225,225,0,0,1,1,00000000000000000000000000000000000000000000000000000000000000000000000000000000000000000000000000000000000000000000000087ea8000,0,1,0,0000000000000000000000000000000000000000000000000000000000000000000000000000000000000000000000000102c1da7ffffffc0000000000000000
226,226,0,0,1,1,00000000000000000000000000000000000000000000000000000000000000000000000000000000000000000000000000000000000000000000000087ea8000,0,1,0,0000000000000000000000000000000000000000000000000000000000000000000000000000000000000000000000000102c1da7ffffffc0000000000000000
227,227,0,0,1,1,00000000000000000000000000000000000000000000000000000000000000000000000000000000000000000000000000000000000000000000000087ea8000,0,1,0,0000000000000000000000000000000000000000000000000000000000000000000000000000000000000000000000000102c1da7ffffffc0000000000000000
228,228,0,0,1,1,00000000000000000000000000000000000000000000000000000000000000000000000000000000000000000000000000000000000000000000000087ea8000,0,1,0,0000000000000000000000000000000000000000000000000000000000000000000000000000000000000000000000000102c1da7ffffffc0000000000000000
229,229,0,0,1,1,00000000000000000000000000000000000000000000000000000000000000000000000000000000000000000000000000000000000000000000000087ea8000,0,1,0,0000000000000000000000000000000000000000000000000000000000000000000000000000000000000000000000000102c1da7ffffffc0000000000000000
230,230,0,0,1,1,00000000000000000000000000000000000000000000000000000000000000000000000000000000000000000000000000000000000000000000000087ea8000,0,1,0,0000000000000000000000000000000000000000000000000000000000000000000000000000000000000000000000000102c1da7ffffffc0000000000000000
231,231,0,0,1,1,00000000000000000000000000000000000000000000000000000000000000000000000000000000000000000000000000000000000000000000000087ea8000,0,1,0,0000000000000000000000000000000000000000000000000000000000000000000000000000000000000000000000000102c1da7ffffffc0000000000000000
232,232,0,0,1,1,00000000000000000000000000000000000000000000000000000000000000000000000000000000000000000000000000000000000000000000000087ea8000,0,1,0,0000000000000000000000000000000000000000000000000000000000000000000000000000000000000000000000000102c1da7ffffffc0000000000000000
233,233,0,0,1,1,00000000000000000000000000000000000000000000000000000000000000000000000000000000000000000000000000000000000000000000000087ea8000,0,1,0,0000000000000000000000000000000000000000000000000000000000000000000000000000000000000000000000000102c1da7ffffffc0000000000000000
234,234,0,0,1,1,00000000000000000000000000000000000000000000000000000000000000000000000000000000000000000000000000000000000000000000000087ea8000,0,1,0,0000000000000000000000000000000000000000000000000000000000000000000000000000000000000000000000000102c1da7ffffffc0000000000000000
235,235,0,0,1,1,00000000000000000000000000000000000000000000000000000000000000000000000000000000000000000000000000000000000000000000000087ea8000,0,1,0,0000000000000000000000000000000000000000000000000000000000000000000000000000000000000000000000000102c1da7ffffffc0000000000000000
236,236,0,0,1,1,00000000000000000000000000000000000000000000000000000000000000000000000000000000000000000000000000000000000000000000000087ea8000,0,1,0,0000000000000000000000000000000000000000000000000000000000000000000000000000000000000000000000000102c1da7ffffffc0000000000000000
237,237,0,0,1,1,00000000000000000000000000000000000000000000000000000000000000000000000000000000000000000000000000000000000000000000000087ea8000,0,1,0,0000000000000000000000000000000000000000000000000000000000000000000000000000000000000000000000000102c1da7ffffffc0000000000000000
238,238,0,0,1,1,00000000000000000000000000000000000000000000000000000000000000000000000000000000000000000000000000000000000000000000000087ea8000,0,1,0,0000000000000000000000000000000000000000000000000000000000000000000000000000000000000000000000000102c1da7ffffffc0000000000000000
239,239,0,0,1,1,00000000000000000000000000000000000000000000000000000000000000000000000000000000000000000000000000000000000000000000000087ea8000,0,1,0,0000000000000000000000000000000000000000000000000000000000000000000000000000000000000000000000000102c1da7ffffffc0000000000000000
240,240,0,0,1,1,00000000000000000000000000000000000000000000000000000000000000000000000000000000000000000000000000000000000000000000000087ea8000,0,1,0,0000000000000000000000000000000000000000000000000000000000000000000000000000000000000000000000000102c1da7ffffffc0000000000000000
241,241,0,0,1,1,00000000000000000000000000000000000000000000000000000000000000000000000000000000000000000000000000000000000000000000000087ea8000,0,1,0,0000000000000000000000000000000000000000000000000000000000000000000000000000000000000000000000000102c1da7ffffffc0000000000000000
242,242,0,0,1,1,00000000000000000000000000000000000000000000000000000000000000000000000000000000000000000000000000000000000000000000000087ea8000,0,1,0,0000000000000000000000000000000000000000000000000000000000000000000000000000000000000000000000000102c1da7ffffffc0000000000000000
243,243,0,0,1,1,00000000000000000000000000000000000000000000000000000000000000000000000000000000000000000000000000000000000000000000000087ea8000,0,1,0,0000000000000000000000000000000000000000000000000000000000000000000000000000000000000000000000000102c1da7ffffffc0000000000000000
244,244,0,0,1,1,00000000000000000000000000000000000000000000000000000000000000000000000000000000000000000000000000000000000000000000000087ea8000,0,1,0,0000000000000000000000000000000000000000000000000000000000000000000000000000000000000000000000000102c1da7ffffffc0000000000000000
245,245,0,0,1,1,00000000000000000000000000000000000000000000000000000000000000000000000000000000000000000000000000000000000000000000000087ea8000,0,1,0,0000000000000000000000000000000000000000000000000000000000000000000000000000000000000000000000000102c1da7ffffffc0000000000000000
246,246,0,0,1,1,00000000000000000000000000000000000000000000000000000000000000000000000000000000000000000000000000000000000000000000000087ea8000,0,1,0,0000000000000000000000000000000000000000000000000000000000000000000000000000000000000000000000000102c1da7ffffffc0000000000000000
247,247,0,0,1,1,00000000000000000000000000000000000000000000000000000000000000000000000000000000000000000000000000000000000000000000000087ea8000,0,1,0,0000000000000000000000000000000000000000000000000000000000000000000000000000000000000000000000000102c1da7ffffffc0000000000000000
248,248,0,0,1,1,00000000000000000000000000000000000000000000000000000000000000000000000000000000000000000000000000000000000000000000000087ea8000,0,1,0,0000000000000000000000000000000000000000000000000000000000000000000000000000000000000000000000000102c1da7ffffffc0000000000000000
249,249,0,0,1,1,00000000000000000000000000000000000000000000000000000000000000000000000000000000000000000000000000000000000000000000000087ea8000,0,1,0,0000000000000000000000000000000000000000000000000000000000000000000000000000000000000000000000000102c1da7ffffffc0000000000000000
250,250,0,0,1,1,00000000000000000000000000000000000000000000000000000000000000000000000000000000000000000000000000000000000000000000000087ea8000,0,1,0,0000000000000000000000000000000000000000000000000000000000000000000000000000000000000000000000000102c1da7ffffffc0000000000000000
251,251,0,0,1,1,00000000000000000000000000000000000000000000000000000000000000000000000000000000000000000000000000000000000000000000000087ea8000,0,1,0,0000000000000000000000000000000000000000000000000000000000000000000000000000000000000000000000000102c1da7ffffffc0000000000000000
252,252,0,0,1,1,00000000000000000000000000000000000000000000000000000000000000000000000000000000000000000000000000000000000000000000000087ea8000,0,1,0,0000000000000000000000000000000000000000000000000000000000000000000000000000000000000000000000000102c1da7ffffffc0000000000000000
253,253,0,0,1,1,00000000000000000000000000000000000000000000000000000000000000000000000000000000000000000000000000000000000000000000000087ea8000,0,1,0,0000000000000000000000000000000000000000000000000000000000000000000000000000000000000000000000000102c1da7ffffffc0000000000000000
254,254,0,0,1,1,00000000000000000000000000000000000000000000000000000000000000000000000000000000000000000000000000000000000000000000000087ea8000,0,1,0,0000000000000000000000000000000000000000000000000000000000000000000000000000000000000000000000000102c1da7ffffffc0000000000000000
255,255,0,0,1,1,00000000000000000000000000000000000000000000000000000000000000000000000000000000000000000000000000000000000000000000000087ea8000,0,1,0,0000000000000000000000000000000000000000000000000000000000000000000000000000000000000000000000000102c1da7ffffffc0000000000000000
256,256,0,0,1,1,00000000000000000000000000000000000000000000000000000000000000000000000000000000000000000000000000000000000000000000000087ea8000,0,1,0,0000000000000000000000000000000000000000000000000000000000000000000000000000000000000000000000000102c1da7ffffffc0000000000000000
257,257,0,0,1,1,00000000000000000000000000000000000000000000000000000000000000000000000000000000000000000000000000000000000000000000000087ea8000,0,1,0,0000000000000000000000000000000000000000000000000000000000000000000000000000000000000000000000000102c1da7ffffffc0000000000000000
258,258,0,0,1,1,00000000000000000000000000000000000000000000000000000000000000000000000000000000000000000000000000000000000000000000000087ea8000,0,1,0,0000000000000000000000000000000000000000000000000000000000000000000000000000000000000000000000000102c1da7ffffffc0000000000000000
259,259,0,0,1,1,00000000000000000000000000000000000000000000000000000000000000000000000000000000000000000000000000000000000000000000000087ea8000,0,1,0,0000000000000000000000000000000000000000000000000000000000000000000000000000000000000000000000000102c1da7ffffffc0000000000000000
260,260,0,0,1,1,00000000000000000000000000000000000000000000000000000000000000000000000000000000000000000000000000000000000000000000000087ea8000,0,1,0,0000000000000000000000000000000000000000000000000000000000000000000000000000000000000000000000000102c1da7ffffffc0000000000000000
261,261,0,0,1,1,00000000000000000000000000000000000000000000000000000000000000000000000000000000000000000000000000000000000000000000000087ea8000,0,1,0,0000000000000000000000000000000000000000000000000000000000000000000000000000000000000000000000000102c1da7ffffffc0000000000000000
262,262,0,0,1,1,00000000000000000000000000000000000000000000000000000000000000000000000000000000000000000000000000000000000000000000000087ea8000,0,1,0,0000000000000000000000000000000000000000000000000000000000000000000000000000000000000000000000000102c1da7ffffffc0000000000000000
263,263,0,0,1,1,00000000000000000000000000000000000000000000000000000000000000000000000000000000000000000000000000000000000000000000000087ea8000,0,1,0,0000000000000000000000000000000000000000000000000000000000000000000000000000000000000000000000000102c1da7ffffffc0000000000000000
264,264,0,0,1,1,00000000000000000000000000000000000000000000000000000000000000000000000000000000000000000000000000000000000000000000000087ea8000,0,1,0,0000000000000000000000000000000000000000000000000000000000000000000000000000000000000000000000000102c1da7ffffffc0000000000000000
265,265,0,0,1,1,00000000000000000000000000000000000000000000000000000000000000000000000000000000000000000000000000000000000000000000000087ea8000,0,1,0,0000000000000000000000000000000000000000000000000000000000000000000000000000000000000000000000000102c1da7ffffffc0000000000000000
266,266,0,0,1,1,00000000000000000000000000000000000000000000000000000000000000000000000000000000000000000000000000000000000000000000000087ea8000,0,1,0,0000000000000000000000000000000000000000000000000000000000000000000000000000000000000000000000000102c1da7ffffffc0000000000000000
267,267,0,0,1,1,00000000000000000000000000000000000000000000000000000000000000000000000000000000000000000000000000000000000000000000000087ea8000,0,1,0,0000000000000000000000000000000000000000000000000000000000000000000000000000000000000000000000000102c1da7ffffffc0000000000000000
268,268,0,0,1,1,00000000000000000000000000000000000000000000000000000000000000000000000000000000000000000000000000000000000000000000000087ea8000,0,1,0,0000000000000000000000000000000000000000000000000000000000000000000000000000000000000000000000000102c1da7ffffffc0000000000000000
269,269,0,0,1,1,00000000000000000000000000000000000000000000000000000000000000000000000000000000000000000000000000000000000000000000000087ea8000,0,1,0,0000000000000000000000000000000000000000000000000000000000000000000000000000000000000000000000000102c1da7ffffffc0000000000000000
270,270,0,0,1,1,00000000000000000000000000000000000000000000000000000000000000000000000000000000000000000000000000000000000000000000000087ea8000,0,1,0,0000000000000000000000000000000000000000000000000000000000000000000000000000000000000000000000000102c1da7ffffffc0000000000000000
271,271,0,0,1,1,00000000000000000000000000000000000000000000000000000000000000000000000000000000000000000000000000000000000000000000000087ea8000,0,1,0,0000000000000000000000000000000000000000000000000000000000000000000000000000000000000000000000000102c1da7ffffffc0000000000000000
272,272,0,0,1,1,00000000000000000000000000000000000000000000000000000000000000000000000000000000000000000000000000000000000000000000000087ea8000,0,1,0,0000000000000000000000000000000000000000000000000000000000000000000000000000000000000000000000000102c1da7ffffffc0000000000000000
273,273,0,0,1,1,00000000000000000000000000000000000000000000000000000000000000000000000000000000000000000000000000000000000000000000000087ea8000,0,1,0,0000000000000000000000000000000000000000000000000000000000000000000000000000000000000000000000000102c1da7ffffffc0000000000000000
274,274,0,0,1,1,00000000000000000000000000000000000000000000000000000000000000000000000000000000000000000000000000000000000000000000000087ea8000,0,1,0,0000000000000000000000000000000000000000000000000000000000000000000000000000000000000000000000000102c1da7ffffffc0000000000000000
275,275,0,0,1,1,00000000000000000000000000000000000000000000000000000000000000000000000000000000000000000000000000000000000000000000000087ea8000,0,1,0,0000000000000000000000000000000000000000000000000000000000000000000000000000000000000000000000000102c1da7ffffffc0000000000000000
276,276,0,0,1,1,00000000000000000000000000000000000000000000000000000000000000000000000000000000000000000000000000000000000000000000000087ea8000,0,1,0,0000000000000000000000000000000000000000000000000000000000000000000000000000000000000000000000000102c1da7ffffffc0000000000000000
277,277,0,0,1,1,00000000000000000000000000000000000000000000000000000000000000000000000000000000000000000000000000000000000000000000000087ea8000,0,1,0,0000000000000000000000000000000000000000000000000000000000000000000000000000000000000000000000000102c1da7ffffffc0000000000000000
278,278,0,0,1,1,00000000000000000000000000000000000000000000000000000000000000000000000000000000000000000000000000000000000000000000000087ea8000,0,1,0,0000000000000000000000000000000000000000000000000000000000000000000000000000000000000000000000000102c1da7ffffffc0000000000000000
279,279,0,0,1,1,00000000000000000000000000000000000000000000000000000000000000000000000000000000000000000000000000000000000000000000000087ea8000,0,1,0,0000000000000000000000000000000000000000000000000000000000000000000000000000000000000000000000000102c1da7ffffffc0000000000000000
280,280,0,0,1,1,00000000000000000000000000000000000000000000000000000000000000000000000000000000000000000000000000000000000000000000000087ea8000,0,1,0,0000000000000000000000000000000000000000000000000000000000000000000000000000000000000000000000000102c1da7ffffffc0000000000000000
281,281,0,0,1,1,00000000000000000000000000000000000000000000000000000000000000000000000000000000000000000000000000000000000000000000000087ea8000,0,1,0,0000000000000000000000000000000000000000000000000000000000000000000000000000000000000000000000000102c1da7ffffffc0000000000000000
282,282,0,0,1,1,00000000000000000000000000000000000000000000000000000000000000000000000000000000000000000000000000000000000000000000000087ea8000,0,1,0,0000000000000000000000000000000000000000000000000000000000000000000000000000000000000000000000000102c1da7ffffffc0000000000000000
283,283,0,0,1,1,00000000000000000000000000000000000000000000000000000000000000000000000000000000000000000000000000000000000000000000000087ea8000,0,1,0,0000000000000000000000000000000000000000000000000000000000000000000000000000000000000000000000000102c1da7ffffffc0000000000000000
284,284,0,0,1,1,00000000000000000000000000000000000000000000000000000000000000000000000000000000000000000000000000000000000000000000000087ea8000,0,1,0,0000000000000000000000000000000000000000000000000000000000000000000000000000000000000000000000000102c1da7ffffffc0000000000000000
285,285,0,0,1,1,00000000000000000000000000000000000000000000000000000000000000000000000000000000000000000000000000000000000000000000000087ea8000,0,1,0,0000000000000000000000000000000000000000000000000000000000000000000000000000000000000000000000000102c1da7ffffffc0000000000000000
286,286,0,0,1,1,00000000000000000000000000000000000000000000000000000000000000000000000000000000000000000000000000000000000000000000000087ea8000,0,1,0,0000000000000000000000000000000000000000000000000000000000000000000000000000000000000000000000000102c1da7ffffffc0000000000000000
287,287,0,0,1,1,00000000000000000000000000000000000000000000000000000000000000000000000000000000000000000000000000000000000000000000000087ea8000,0,1,0,0000000000000000000000000000000000000000000000000000000000000000000000000000000000000000000000000102c1da7ffffffc0000000000000000
288,288,0,0,1,1,00000000000000000000000000000000000000000000000000000000000000000000000000000000000000000000000000000000000000000000000087ea8000,0,1,0,0000000000000000000000000000000000000000000000000000000000000000000000000000000000000000000000000102c1da7ffffffc0000000000000000
289,289,0,0,1,1,00000000000000000000000000000000000000000000000000000000000000000000000000000000000000000000000000000000000000000000000087ea8000,0,1,0,0000000000000000000000000000000000000000000000000000000000000000000000000000000000000000000000000102c1da7ffffffc0000000000000000
290,290,0,0,1,1,00000000000000000000000000000000000000000000000000000000000000000000000000000000000000000000000000000000000000000000000087ea8000,0,1,0,0000000000000000000000000000000000000000000000000000000000000000000000000000000000000000000000000102c1da7ffffffc0000000000000000
291,291,0,0,1,1,00000000000000000000000000000000000000000000000000000000000000000000000000000000000000000000000000000000000000000000000087ea8000,0,1,0,0000000000000000000000000000000000000000000000000000000000000000000000000000000000000000000000000102c1da7ffffffc0000000000000000
292,292,0,0,1,1,00000000000000000000000000000000000000000000000000000000000000000000000000000000000000000000000000000000000000000000000087ea8000,0,1,0,0000000000000000000000000000000000000000000000000000000000000000000000000000000000000000000000000102c1da7ffffffc0000000000000000
293,293,0,0,1,1,00000000000000000000000000000000000000000000000000000000000000000000000000000000000000000000000000000000000000000000000087ea8000,0,1,0,0000000000000000000000000000000000000000000000000000000000000000000000000000000000000000000000000102c1da7ffffffc0000000000000000
294,294,0,0,1,1,00000000000000000000000000000000000000000000000000000000000000000000000000000000000000000000000000000000000000000000000087ea8000,0,1,0,0000000000000000000000000000000000000000000000000000000000000000000000000000000000000000000000000102c1da7ffffffc0000000000000000
295,295,0,0,1,1,00000000000000000000000000000000000000000000000000000000000000000000000000000000000000000000000000000000000000000000000087ea8000,0,1,0,0000000000000000000000000000000000000000000000000000000000000000000000000000000000000000000000000102c1da7ffffffc0000000000000000
296,296,0,0,1,1,00000000000000000000000000000000000000000000000000000000000000000000000000000000000000000000000000000000000000000000000087ea8000,0,1,0,0000000000000000000000000000000000000000000000000000000000000000000000000000000000000000000000000102c1da7ffffffc0000000000000000
297,297,0,0,1,1,00000000000000000000000000000000000000000000000000000000000000000000000000000000000000000000000000000000000000000000000087ea8000,0,1,0,0000000000000000000000000000000000000000000000000000000000000000000000000000000000000000000000000102c1da7ffffffc0000000000000000
298,298,0,0,1,1,00000000000000000000000000000000000000000000000000000000000000000000000000000000000000000000000000000000000000000000000087ea8000,0,1,0,0000000000000000000000000000000000000000000000000000000000000000000000000000000000000000000000000102c1da7ffffffc0000000000000000
299,299,0,0,1,1,00000000000000000000000000000000000000000000000000000000000000000000000000000000000000000000000000000000000000000000000087ea8000,0,1,0,0000000000000000000000000000000000000000000000000000000000000000000000000000000000000000000000000102c1da7ffffffc0000000000000000
300,300,0,0,1,1,00000000000000000000000000000000000000000000000000000000000000000000000000000000000000000000000000000000000000000000000087ea8000,0,1,0,0000000000000000000000000000000000000000000000000000000000000000000000000000000000000000000000000102c1da7ffffffc0000000000000000
301,301,0,0,1,1,00000000000000000000000000000000000000000000000000000000000000000000000000000000000000000000000000000000000000000000000087ea8000,0,1,0,0000000000000000000000000000000000000000000000000000000000000000000000000000000000000000000000000102c1da7ffffffc0000000000000000
302,302,0,0,1,1,00000000000000000000000000000000000000000000000000000000000000000000000000000000000000000000000000000000000000000000000087ea8000,0,1,0,0000000000000000000000000000000000000000000000000000000000000000000000000000000000000000000000000102c1da7ffffffc0000000000000000
303,303,0,0,1,1,00000000000000000000000000000000000000000000000000000000000000000000000000000000000000000000000000000000000000000000000087ea8000,0,1,0,0000000000000000000000000000000000000000000000000000000000000000000000000000000000000000000000000102c1da7ffffffc0000000000000000
304,304,0,0,1,1,00000000000000000000000000000000000000000000000000000000000000000000000000000000000000000000000000000000000000000000000087ea8000,0,1,0,0000000000000000000000000000000000000000000000000000000000000000000000000000000000000000000000000102c1da7ffffffc0000000000000000
305,305,0,0,1,1,00000000000000000000000000000000000000000000000000000000000000000000000000000000000000000000000000000000000000000000000087ea8000,0,1,0,0000000000000000000000000000000000000000000000000000000000000000000000000000000000000000000000000102c1da7ffffffc0000000000000000
306,306,0,0,1,1,00000000000000000000000000000000000000000000000000000000000000000000000000000000000000000000000000000000000000000000000087ea8000,0,1,0,0000000000000000000000000000000000000000000000000000000000000000000000000000000000000000000000000102c1da7ffffffc0000000000000000
307,307,0,0,1,1,00000000000000000000000000000000000000000000000000000000000000000000000000000000000000000000000000000000000000000000000087ea8000,0,1,0,0000000000000000000000000000000000000000000000000000000000000000000000000000000000000000000000000102c1da7ffffffc0000000000000000
308,308,0,0,1,1,00000000000000000000000000000000000000000000000000000000000000000000000000000000000000000000000000000000000000000000000087ea8000,0,1,0,0000000000000000000000000000000000000000000000000000000000000000000000000000000000000000000000000102c1da7ffffffc0000000000000000
309,309,0,0,1,1,00000000000000000000000000000000000000000000000000000000000000000000000000000000000000000000000000000000000000000000000087ea8000,0,1,0,0000000000000000000000000000000000000000000000000000000000000000000000000000000000000000000000000102c1da7ffffffc0000000000000000
310,310,0,0,1,1,00000000000000000000000000000000000000000000000000000000000000000000000000000000000000000000000000000000000000000000000087ea8000,0,1,0,0000000000000000000000000000000000000000000000000000000000000000000000000000000000000000000000000102c1da7ffffffc0000000000000000
311,311,0,0,1,1,00000000000000000000000000000000000000000000000000000000000000000000000000000000000000000000000000000000000000000000000087ea8000,0,1,0,0000000000000000000000000000000000000000000000000000000000000000000000000000000000000000000000000102c1da7ffffffc0000000000000000
312,312,0,0,1,1,00000000000000000000000000000000000000000000000000000000000000000000000000000000000000000000000000000000000000000000000087ea8000,0,1,0,0000000000000000000000000000000000000000000000000000000000000000000000000000000000000000000000000102c1da7ffffffc0000000000000000
313,313,0,0,1,1,00000000000000000000000000000000000000000000000000000000000000000000000000000000000000000000000000000000000000000000000087ea8000,0,1,0,0000000000000000000000000000000000000000000000000000000000000000000000000000000000000000000000000102c1da7ffffffc0000000000000000
314,314,0,0,1,1,00000000000000000000000000000000000000000000000000000000000000000000000000000000000000000000000000000000000000000000000087ea8000,0,1,0,0000000000000000000000000000000000000000000000000000000000000000000000000000000000000000000000000102c1da7ffffffc0000000000000000
315,315,0,0,1,1,00000000000000000000000000000000000000000000000000000000000000000000000000000000000000000000000000000000000000000000000087ea8000,0,1,0,0000000000000000000000000000000000000000000000000000000000000000000000000000000000000000000000000102c1da7ffffffc0000000000000000
316,316,0,0,1,1,00000000000000000000000000000000000000000000000000000000000000000000000000000000000000000000000000000000000000000000000087ea8000,0,1,0,0000000000000000000000000000000000000000000000000000000000000000000000000000000000000000000000000102c1da7ffffffc0000000000000000
317,317,0,0,1,1,00000000000000000000000000000000000000000000000000000000000000000000000000000000000000000000000000000000000000000000000087ea8000,0,1,0,0000000000000000000000000000000000000000000000000000000000000000000000000000000000000000000000000102c1da7ffffffc0000000000000000
318,318,0,0,1,1,00000000000000000000000000000000000000000000000000000000000000000000000000000000000000000000000000000000000000000000000087ea8000,0,1,0,0000000000000000000000000000000000000000000000000000000000000000000000000000000000000000000000000102c1da7ffffffc0000000000000000
319,319,0,0,1,1,00000000000000000000000000000000000000000000000000000000000000000000000000000000000000000000000000000000000000000000000087ea8000,0,1,0,0000000000000000000000000000000000000000000000000000000000000000000000000000000000000000000000000102c1da7ffffffc0000000000000000
320,320,0,0,1,1,00000000000000000000000000000000000000000000000000000000000000000000000000000000000000000000000000000000000000000000000087ea8000,0,1,0,0000000000000000000000000000000000000000000000000000000000000000000000000000000000000000000000000102c1da7ffffffc0000000000000000
321,321,0,0,1,1,00000000000000000000000000000000000000000000000000000000000000000000000000000000000000000000000000000000000000000000000087ea8000,0,1,0,0000000000000000000000000000000000000000000000000000000000000000000000000000000000000000000000000102c1da7ffffffc0000000000000000
322,322,0,0,1,1,00000000000000000000000000000000000000000000000000000000000000000000000000000000000000000000000000000000000000000000000087ea8000,0,1,0,0000000000000000000000000000000000000000000000000000000000000000000000000000000000000000000000000102c1da7ffffffc0000000000000000
323,323,0,0,1,1,00000000000000000000000000000000000000000000000000000000000000000000000000000000000000000000000000000000000000000000000087ea8000,0,1,0,0000000000000000000000000000000000000000000000000000000000000000000000000000000000000000000000000102c1da7ffffffc0000000000000000
324,324,0,0,1,1,00000000000000000000000000000000000000000000000000000000000000000000000000000000000000000000000000000000000000000000000087ea8000,0,1,0,0000000000000000000000000000000000000000000000000000000000000000000000000000000000000000000000000102c1da7ffffffc0000000000000000
325,325,0,0,1,1,00000000000000000000000000000000000000000000000000000000000000000000000000000000000000000000000000000000000000000000000087ea8000,0,1,0,0000000000000000000000000000000000000000000000000000000000000000000000000000000000000000000000000102c1da7ffffffc0000000000000000
326,326,0,0,1,1,00000000000000000000000000000000000000000000000000000000000000000000000000000000000000000000000000000000000000000000000087ea8000,0,1,0,0000000000000000000000000000000000000000000000000000000000000000000000000000000000000000000000000102c1da7ffffffc0000000000000000
327,327,0,0,1,1,00000000000000000000000000000000000000000000000000000000000000000000000000000000000000000000000000000000000000000000000087ea8000,0,1,0,0000000000000000000000000000000000000000000000000000000000000000000000000000000000000000000000000102c1da7ffffffc0000000000000000
328,328,0,0,1,1,00000000000000000000000000000000000000000000000000000000000000000000000000000000000000000000000000000000000000000000000087ea8000,0,1,0,0000000000000000000000000000000000000000000000000000000000000000000000000000000000000000000000000102c1da7ffffffc0000000000000000
329,329,0,1,1,0,00000000000000000000000000000000000000000000000000000000000000000000000000000000000000000000000000000000000000000000000000000134,0,1,0,0000000000000000000000000000000000000000000000000000000000000000000000000000000000000000000000000102c1da7ffffffc0000000000000000
330,330,0,1,1,0,00000000000000000000000000000000000000000000000000000000000000000000000000000000000000000000000000000000000000000000000000000001,0,1,0,0000000000000000000000000000000000000000000000000000000000000000000000000000000000000000000000000102c1da7ffffffc0000000000000000
331,331,0,1,1,0,000000000000000000000000000000000000000000000000000000000000000000000000000000000000000000000000000000000000000000000000d8dd2602,0,1,0,0000000000000000000000000000000000000000000000000000000000000000000000000000000000000000000000000102c1da7ffffffc0000000000000000
332,332,0,1,1,0,000000000000000000000000000000000000000000000000000000000000000000000000000000000000000000000000000000000000000000000000dd1234dd,0,1,0,0000000000000000000000000000000000000000000000000000000000000000000000000000000000000000000000000102c1da7ffffffc0000000000000000
333,333,0,1,1,0,000000000000000000000000000000000000000000000000000000000000000000000000000000000000000000000000000000000000000000000000000000e5,0,1,0,0000000000000000000000000000000000000000000000000000000000000000000000000000000000000000000000000102c1da7ffffffc0000000000000000
334,334,0,1,1,0,00000000000000000000000000000000000000000000000000000000000000000000000000000000000000000000000000000000000000000000000000000009,0,1,0,0000000000000000000000000000000000000000000000000000000000000000000000000000000000000000000000000102c1da7ffffffc0000000000000000
335,335,0,1,1,0,00000000000000000000000000000000000000000000000000000000000000000000000000000000000000000000000000000000000000000000000005000000,0,1,0,0000000000000000000000000000000000000000000000000000000000000000000000000000000000000000000000000102c1da7ffffffc0000000000000000
336,336,0,1,1,0,00000000000000000000000000000000000000000000000000000000000000000000000000000000000000000000000000000000000000000000000000410000,0,1,0,0000000000000000000000000000000000000000000000000000000000000000000000000000000000000000000000000102c1da7ffffffc0000000000000000
337,337,0,1,1,0,00000000000000000000000000000000000000000000000000000000000000000000000000000000000000000000000000000000000000000000000000000002,0,1,0,0000000000000000000000000000000000000000000000000000000000000000000000000000000000000000000000000102c1da7ffffffc0000000000000000
338,338,0,1,1,0,00000000000000000000000000000000000000000000000000000000000000000000000000000000000000000000000000000000000000000000000000000000,0,1,0,0000000000000000000000000000000000000000000000000000000000000000000000000000000000000000000000000102c1da7ffffffc0000000000000000
339,339,0,1,1,0,0000000000000000000000000000000000000000000000000000000000000000000000000000000000000000000000000000000000000000000000007602bca0,0,1,0,0000000000000000000000000000000000000000000000000000000000000000000000000000000000000000000000000102c1da7ffffffc0000000000000000
340,340,0,1,1,0,00000000000000000000000000000000000000000000000000000000000000000000000000000000000000000000000000000000000000000000000000000001,0,1,0,0000000000000000000000000000000000000000000000000000000000000000000000000000000000000000000000000102c1da7ffffffc0000000000000000
341,341,0,1,1,0,000000000000000000000000000000000000000000000000000000000000000000000000000000000000000000000000000000000000000000000000ee1234ee,0,1,0,0000000000000000000000000000000000000000000000000000000000000000000000000000000000000000000000000102c1da7ffffffc0000000000000000
342,342,0,1,1,0,00000000000000000000000000000000000000000000000000000000000000000000000000000000000000000000000000000000000000000000000000000009,0,1,0,0000000000000000000000000000000000000000000000000000000000000000000000000000000000000000000000000102c1da7ffffffc0000000000000000
343,343,0,1,1,0,0000000000000000000000000000000000000000000000000000000000000000000000000000000000000000000000000000000000000000000000000301000c,0,1,0,0000000000000000000000000000000000000000000000000000000000000000000000000000000000000000000000000102c1da7ffffffc0000000000000000
344,344,0,1,1,0,00000000000000000000000000000000000000000000000000000000000000000000000000000000000000000000000000000000000000000000000000410144,0,1,0,0000000000000000000000000000000000000000000000000000000000000000000000000000000000000000000000000102c1da7ffffffc0000000000000000
345,345,0,1,1,0,00000000000000000000000000000000000000000000000000000000000000000000000000000000000000000000000000000000000000000000000000069585,0,1,0,0000000000000000000000000000000000000000000000000000000000000000000000000000000000000000000000000102c1da7ffffffc0000000000000000
346,346,0,1,1,0,000000000000000000000000000000000000000000000000000000000000000000000000000000000000000000000000000000000000000000000000760297fa,0,1,0,0000000000000000000000000000000000000000000000000000000000000000000000000000000000000000000000000102c1da7ffffffc0000000000000000
347,347,0,1,1,0,00000000000000000000000000000000000000000000000000000000000000000000000000000000000000000000000000000000000000000000000000000c63,0,1,0,0000000000000000000000000000000000000000000000000000000000000000000000000000000000000000000000000102c1da7ffffffc0000000000000000
348,348,0,1,1,0,00000000000000000000000000000000000000000000000000000000000000000000000000000000000000000000000000000000000000000000000000000084,0,1,0,0000000000000000000000000000000000000000000000000000000000000000000000000000000000000000000000000102c1da7ffffffc0000000000000000
349,349,0,1,1,0,00000000000000000000000000000000000000000000000000000000000000000000000000000000000000000000000000000000000000000000000000000004,0,1,0,0000000000000000000000000000000000000000000000000000000000000000000000000000000000000000000000000102c1da7ffffffc0000000000000000
350,350,0,1,1,0,00000000000000000000000000000000000000000000000000000000000000000000000000000000000000000000000000000000000000000000000000000064,0,1,0,0000000000000000000000000000000000000000000000000000000000000000000000000000000000000000000000000102c1da7ffffffc0000000000000000
351,351,0,1,1,0,00000000000000000000000000000000000000000000000000000000000000000000000000000000000000000000000000000000000000000000000039018000,0,1,0,0000000000000000000000000000000000000000000000000000000000000000000000000000000000000000000000000102c1da7ffffffc0000000000000000
352,352,0,0,1,0,00000000000000000000000000000000000000000000000000000000000000000000000000000000000000000000000000000000000000000000000039018000,0,1,0,0000000000000000000000000000000000000000000000000000000000000000000000000000000000000000000000000102c1da7ffffffc0000000000000000
353,353,0,0,1,0,00000000000000000000000000000000000000000000000000000000000000000000000000000000000000000000000000000000000000000000000039018000,0,1,0,0000000000000000000000000000000000000000000000000000000000000000000000000000000000000000000000000102c1da7ffffffc0000000000000000
354,354,0,0,1,0,00000000000000000000000000000000000000000000000000000000000000000000000000000000000000000000000000000000000000000000000039018000,0,1,0,0000000000000000000000000000000000000000000000000000000000000000000000000000000000000000000000000102c1da7ffffffc0000000000000000
355,355,0,0,1,0,00000000000000000000000000000000000000000000000000000000000000000000000000000000000000000000000000000000000000000000000039018000,0,1,0,0000000000000000000000000000000000000000000000000000000000000000000000000000000000000000000000000102c1da7ffffffc0000000000000000
356,356,0,0,1,0,00000000000000000000000000000000000000000000000000000000000000000000000000000000000000000000000000000000000000000000000039018000,0,1,0,0000000000000000000000000000000000000000000000000000000000000000000000000000000000000000000000000102c1da7ffffffc0000000000000000
357,357,0,1,1,0,000000000000000000000000000000000000000000000000000000000000000000000000000000000000000000000000000000000000000000000000000003fd,0,1,0,0000000000000000000000000000000000000000000000000000000000000000000000000000000000000000000000000102c1da7ffffffc0000000000000000
358,358,0,1,1,0,00000000000000000000000000000000000000000000000000000000000000000000000000000000000000000000000000000000000000000000000000120057,0,1,0,0000000000000000000000000000000000000000000000000000000000000000000000000000000000000000000000000102c1da7ffffffc0000000000000000
359,359,0,1,1,0,00000000000000000000000000000000000000000000000000000000000000000000000000000000000000000000000000000000000000000000000000000000,0,1,0,0000000000000000000000000000000000000000000000000000000000000000000000000000000000000000000000000102c1da7ffffffc0000000000000000
360,360,0,1,1,0,00000000000000000000000000000000000000000000000000000000000000000000000000000000000000000000000000000000000000000000000000000000,0,1,0,0000000000000000000000000000000000000000000000000000000000000000000000000000000000000000000000000102c1da7ffffffc0000000000000000
361,361,0,1,1,0,00000000000000000000000000000000000000000000000000000000000000000000000000000000000000000000000000000000000000000000000000000000,0,1,0,0000000000000000000000000000000000000000000000000000000000000000000000000000000000000000000000000102c1da7ffffffc0000000000000000
362,362,0,1,1,0,00000000000000000000000000000000000000000000000000000000000000000000000000000000000000000000000000000000000000000000000000010004,0,1,0,0000000000000000000000000000000000000000000000000000000000000000000000000000000000000000000000000102c1da7ffffffc0000000000000000
363,363,0,1,1,0,00000000000000000000000000000000000000000000000000000000000000000000000000000000000000000000000000000000000000000000000000020000,0,1,0,0000000000000000000000000000000000000000000000000000000000000000000000000000000000000000000000000102c1da7ffffffc0000000000000000
364,364,0,1,1,0,00000000000000000000000000000000000000000000000000000000000000000000000000000000000000000000000000000000000000000000000000000001,0,1,0,0000000000000000000000000000000000000000000000000000000000000000000000000000000000000000000000000102c1da7ffffffc0000000000000000
365,365,0,1,1,0,000000000000000000000000000000000000000000000000000000000000000000000000000000000000000000000000000000000000000000000000ffffffff,0,1,0,0000000000000000000000000000000000000000000000000000000000000000000000000000000000000000000000000102c1da7ffffffc0000000000000000
366,366,0,1,1,0,000000000000000000000000000000000000000000000000000000000000000000000000000000000000000000000000000000000000000000000000ffffffff,0,1,0,0000000000000000000000000000000000000000000000000000000000000000000000000000000000000000000000000102c1da7ffffffc0000000000000000
367,367,0,1,1,0,000000000000000000000000000000000000000000000000000000000000000000000000000000000000000000000000000000000000000000000000ffffffff,0,1,0,0000000000000000000000000000000000000000000000000000000000000000000000000000000000000000000000000102c1da7ffffffc0000000000000000
368,368,0,1,1,0,000000000000000000000000000000000000000000000000000000000000000000000000000000000000000000000000000000000000000000000000ffffffff,0,1,0,0000000000000000000000000000000000000000000000000000000000000000000000000000000000000000000000000102c1da7ffffffc0000000000000000
369,369,0,1,1,0,000000000000000000000000000000000000000000000000000000000000000000000000000000000000000000000000000000000000000000000000ffffffff,0,1,0,0000000000000000000000000000000000000000000000000000000000000000000000000000000000000000000000000102c1da7ffffffc0000000000000000
370,370,0,1,1,0,000000000000000000000000000000000000000000000000000000000000000000000000000000000000000000000000000000000000000000000000ffffffff,0,1,0,0000000000000000000000000000000000000000000000000000000000000000000000000000000000000000000000000102c1da7ffffffc0000000000000000
371,371,0,1,1,0,000000000000000000000000000000000000000000000000000000000000000000000000000000000000000000000000000000000000000000000000ffffffff,0,1,0,0000000000000000000000000000000000000000000000000000000000000000000000000000000000000000000000000102c1da7ffffffc0000000000000000
372,372,0,1,1,0,000000000000000000000000000000000000000000000000000000000000000000000000000000000000000000000000000000000000000000000000ffffffff,0,1,0,0000000000000000000000000000000000000000000000000000000000000000000000000000000000000000000000000102c1da7ffffffc0000000000000000
373,373,0,0,1,0,000000000000000000000000000000000000000000000000000000000000000000000000000000000000000000000000000000000000000000000000ffffffff,0,1,0,0000000000000000000000000000000000000000000000000000000000000000000000000000000000000000000000000102c1da7ffffffc0000000000000000
374,374,0,0,1,0,000000000000000000000000000000000000000000000000000000000000000000000000000000000000000000000000000000000000000000000000ffffffff,0,1,0,0000000000000000000000000000000000000000000000000000000000000000000000000000000000000000000000000102c1da7ffffffc0000000000000000
375,375,0,0,1,0,000000000000000000000000000000000000000000000000000000000000000000000000000000000000000000000000000000000000000000000000ffffffff,0,1,0,0000000000000000000000000000000000000000000000000000000000000000000000000000000000000000000000000102c1da7ffffffc0000000000000000
376,376,0,0,1,0,000000000000000000000000000000000000000000000000000000000000000000000000000000000000000000000000000000000000000000000000ffffffff,0,1,0,0000000000000000000000000000000000000000000000000000000000000000000000000000000000000000000000000102c1da7ffffffc0000000000000000
377,377,0,0,1,0,000000000000000000000000000000000000000000000000000000000000000000000000000000000000000000000000000000000000000000000000ffffffff,0,1,0,0000000000000000000000000000000000000000000000000000000000000000000000000000000000000000000000000102c1da7ffffffc0000000000000000
378,378,0,0,1,0,000000000000000000000000000000000000000000000000000000000000000000000000000000000000000000000000000000000000000000000000ffffffff,0,1,0,0000000000000000000000000000000000000000000000000000000000000000000000000000000000000000000000000102c1da7ffffffc0000000000000000
379,379,0,0,1,0,000000000000000000000000000000000000000000000000000000000000000000000000000000000000000000000000000000000000000000000000ffffffff,0,1,0,0000000000000000000000000000000000000000000000000000000000000000000000000000000000000000000000000102c1da7ffffffc0000000000000000
380,380,0,0,1,0,000000000000000000000000000000000000000000000000000000000000000000000000000000000000000000000000000000000000000000000000ffffffff,0,1,0,0000000000000000000000000000000000000000000000000000000000000000000000000000000000000000000000000102c1da7ffffffc0000000000000000
381,381,0,0,1,0,000000000000000000000000000000000000000000000000000000000000000000000000000000000000000000000000000000000000000000000000ffffffff,0,1,0,0000000000000000000000000000000000000000000000000000000000000000000000000000000000000000000000000102c1da7ffffffc0000000000000000
382,382,0,0,1,0,000000000000000000000000000000000000000000000000000000000000000000000000000000000000000000000000000000000000000000000000ffffffff,0,1,0,0000000000000000000000000000000000000000000000000000000000000000000000000000000000000000000000000102c1da7ffffffc0000000000000000
383,383,0,0,1,0,000000000000000000000000000000000000000000000000000000000000000000000000000000000000000000000000000000000000000000000000ffffffff,0,1,0,0000000000000000000000000000000000000000000000000000000000000000000000000000000000000000000000000102c1da7ffffffc0000000000000000
384,384,0,0,1,0,000000000000000000000000000000000000000000000000000000000000000000000000000000000000000000000000000000000000000000000000ffffffff,0,1,0,0000000000000000000000000000000000000000000000000000000000000000000000000000000000000000000000000102c1da7ffffffc0000000000000000
385,385,0,1,1,0,00000000000000000000000000000000000000000000000000000000000000000000000000000000000000000000000000000000000000000000000000000000,0,1,0,0000000000000000000000000000000000000000000000000000000000000000000000000000000000000000000000000102c1da7ffffffc0000000000000000
386,386,0,1,1,0,00000000000000000000000000000000000000000000000000000000000000000000000000000000000000000000000000000000000000000000000000000000,0,1,0,0000000000000000000000000000000000000000000000000000000000000000000000000000000000000000000000000102c1da7ffffffc0000000000000000
387,387,0,1,1,0,00000000000000000000000000000000000000000000000000000000000000000000000000000000000000000000000000000000000000000000000000000000,0,1,0,0000000000000000000000000000000000000000000000000000000000000000000000000000000000000000000000000102c1da7ffffffc0000000000000000
388,388,0,1,1,0,00000000000000000000000000000000000000000000000000000000000000000000000000000000000000000000000000000000000000000000000000000000,0,1,0,0000000000000000000000000000000000000000000000000000000000000000000000000000000000000000000000000102c1da7ffffffc0000000000000000
389,389,0,1,1,0,00000000000000000000000000000000000000000000000000000000000000000000000000000000000000000000000000000000000000000000000000000000,0,1,0,0000000000000000000000000000000000000000000000000000000000000000000000000000000000000000000000000102c1da7ffffffc0000000000000000
390,390,0,1,1,0,00000000000000000000000000000000000000000000000000000000000000000000000000000000000000000000000000000000000000000000000000000000,0,1,0,0000000000000000000000000000000000000000000000000000000000000000000000000000000000000000000000000102c1da7ffffffc0000000000000000
391,391,0,1,1,0,00000000000000000000000000000000000000000000000000000000000000000000000000000000000000000000000000000000000000000000000000000000,0,1,0,0000000000000000000000000000000000000000000000000000000000000000000000000000000000000000000000000102c1da7ffffffc0000000000000000
392,392,0,1,1,0,00000000000000000000000000000000000000000000000000000000000000000000000000000000000000000000000000000000000000000000000000000000,0,1,0,0000000000000000000000000000000000000000000000000000000000000000000000000000000000000000000000000102c1da7ffffffc0000000000000000
393,393,0,0,1,0,00000000000000000000000000000000000000000000000000000000000000000000000000000000000000000000000000000000000000000000000000000000,0,1,0,0000000000000000000000000000000000000000000000000000000000000000000000000000000000000000000000000102c1da7ffffffc0000000000000000
394,394,0,0,1,0,00000000000000000000000000000000000000000000000000000000000000000000000000000000000000000000000000000000000000000000000000000000,0,1,0,0000000000000000000000000000000000000000000000000000000000000000000000000000000000000000000000000102c1da7ffffffc0000000000000000
395,395,0,1,1,0,00000000000000000000000000000000000000000000000000000000000000000000000000000000000000000000000000000000000000000000000000005959,0,1,0,0000000000000000000000000000000000000000000000000000000000000000000000000000000000000000000000000102c1da7ffffffc0000000000000000
396,396,0,1,1,0,0000000000000000000000000000000000000000000000000000000000000000000000000000000000000000000000000000000000000000000000005a5a5b5b,0,1,0,0000000000000000000000000000000000000000000000000000000000000000000000000000000000000000000000000102c1da7ffffffc0000000000000000
397,397,0,1,1,0,0000000000000000000000000000000000000000000000000000000000000000000000000000000000000000000000000000000000000000000000005858ffff,0,1,0,0000000000000000000000000000000000000000000000000000000000000000000000000000000000000000000000000102c1da7ffffffc0000000000000000
398,398,0,1,1,0,000000000000000000000000000000000000000000000000000000000000000000000000000000000000000000000000000000000000000000000000201c2007,0,1,0,0000000000000000000000000000000000000000000000000000000000000000000000000000000000000000000000000102c1da7ffffffc0000000000000000
399,399,0,1,1,0,000000000000000000000000000000000000000000000000000000000000000000000000000000000000000000000000000000000000000000000000201c200a,0,1,0,0000000000000000000000000000000000000000000000000000000000000000000000000000000000000000000000000102c1da7ffffffc0000000000000000
400,400,0,1,1,0,00000000000000000000000000000000000000000000000000000000000000000000000000000000000000000000000000000000000000000000000020022013,0,1,0,0000000000000000000000000000000000000000000000000000000000000000000000000000000000000000000000000102c1da7ffffffc0000000000000000
401,401,0,1,1,0,000000000000000000000000000000000000000000000000000000000000000000000000000000000000000000000000000000000000000000000000200a200c,0,1,0,0000000000000000000000000000000000000000000000000000000000000000000000000000000000000000000000000102c1da7ffffffc0000000000000000
402,402,0,0,1,0,000000000000000000000000000000000000000000000000000000000000000000000000000000000000000000000000000000000000000000000000200a200c,0,1,0,0000000000000000000000000000000000000000000000000000000000000000000000000000000000000000000000000102c1da7ffffffc0000000000000000
403,403,0,0,1,0,000000000000000000000000000000000000000000000000000000000000000000000000000000000000000000000000000000000000000000000000200a200c,0,1,0,0000000000000000000000000000000000000000000000000000000000000000000000000000000000000000000000000102c1da7ffffffc0000000000000000
404,404,0,0,1,0,000000000000000000000000000000000000000000000000000000000000000000000000000000000000000000000000000000000000000000000000200a200c,0,1,0,0000000000000000000000000000000000000000000000000000000000000000000000000000000000000000000000000102c1da7ffffffc0000000000000000
405,405,0,1,1,0,000000000000000000000000000000000000000000000000000000000000000000000000000000000000000000000000000000000000000000000000200e2005,0,1,0,0000000000000000000000000000000000000000000000000000000000000000000000000000000000000000000000000102c1da7ffffffc0000000000000000
406,406,0,1,1,0,000000000000000000000000000000000000000000000000000000000000000000000000000000000000000000000000000000000000000000000000200c2014,0,1,0,0000000000000000000000000000000000000000000000000000000000000000000000000000000000000000000000000102c1da7ffffffc0000000000000000
407,407,0,1,1,0,0000000000000000000000000000000000000000000000000000000000000000000000000000000000000000000000000000000000000000000000002007000d,0,1,0,0000000000000000000000000000000000000000000000000000000000000000000000000000000000000000000000000102c1da7ffffffc0000000000000000
408,408,0,1,1,0,00000000000000000000000000000000000000000000000000000000000000000000000000000000000000000000000000000000000000000000000000012007,0,1,0,0000000000000000000000000000000000000000000000000000000000000000000000000000000000000000000000000102c1da7ffffffc0000000000000000
409,409,0,1,1,0,00000000000000000000000000000000000000000000000000000000000000000000000000000000000000000000000000000000000000000000000020010001,0,1,0,0000000000000000000000000000000000000000000000000000000000000000000000000000000000000000000000000102c1da7ffffffc0000000000000000
410,410,0,1,1,0,00000000000000000000000000000000000000000000000000000000000000000000000000000000000000000000000000000000000000000000000020442006,0,1,0,0000000000000000000000000000000000000000000000000000000000000000000000000000000000000000000000000102c1da7ffffffc0000000000000000
411,411,0,1,1,0,00000000000000000000000000000000000000000000000000000000000000000000000000000000000000000000000000000000000000000000000020082012,0,1,0,0000000000000000000000000000000000000000000000000000000000000000000000000000000000000000000000000102c1da7ffffffc0000000000000000
412,412,0,1,1,0,00000000000000000000000000000000000000000000000000000000000000000000000000000000000000000000000000000000000000000000000000162005,0,1,0,0000000000000000000000000000000000000000000000000000000000000000000000000000000000000000000000000102c1da7ffffffc0000000000000000
413,413,0,1,1,0,000000000000000000000000000000000000000000000000000000000000000000000000000000000000000000000000000000000000000000000000001a200a,0,1,0,0000000000000000000000000000000000000000000000000000000000000000000000000000000000000000000000000102c1da7ffffffc0000000000000000
414,414,0,1,1,0,00000000000000000000000000000000000000000000000000000000000000000000000000000000000000000000000000000000000000000000000000212005,0,1,0,0000000000000000000000000000000000000000000000000000000000000000000000000000000000000000000000000102c1da7ffffffc0000000000000000
415,415,0,1,1,0,00000000000000000000000000000000000000000000000000000000000000000000000000000000000000000000000000000000000000000000000020330014,0,1,0,0000000000000000000000000000000000000000000000000000000000000000000000000000000000000000000000000102c1da7ffffffc0000000000000000
416,416,0,1,1,0,00000000000000000000000000000000000000000000000000000000000000000000000000000000000000000000000000000000000000000000000000032002,0,1,0,0000000000000000000000000000000000000000000000000000000000000000000000000000000000000000000000000102c1da7ffffffc0000000000000000
417,417,0,1,1,0,0000000000000000000000000000000000000000000000000000000000000000000000000000000000000000000000000000000000000000000000002004201b,0,1,0,0000000000000000000000000000000000000000000000000000000000000000000000000000000000000000000000000102c1da7ffffffc0000000000000000
418,418,0,1,1,0,000000000000000000000000000000000000000000000000000000000000000000000000000000000000000000000000000000000000000000000000002f200d,0,1,0,0000000000000000000000000000000000000000000000000000000000000000000000000000000000000000000000000102c1da7ffffffc0000000000000000
419,419,0,1,1,0,00000000000000000000000000000000000000000000000000000000000000000000000000000000000000000000000000000000000000000000000000072030,0,1,0,0000000000000000000000000000000000000000000000000000000000000000000000000000000000000000000000000102c1da7ffffffc0000000000000000
420,420,0,1,1,0,000000000000000000000000000000000000000000000000000000000000000000000000000000000000000000000000000000000000000000000000201f200f,0,1,0,0000000000000000000000000000000000000000000000000000000000000000000000000000000000000000000000000102c1da7ffffffc0000000000000000
421,421,0,1,1,0,00000000000000000000000000000000000000000000000000000000000000000000000000000000000000000000000000000000000000000000000020092013,0,1,0,0000000000000000000000000000000000000000000000000000000000000000000000000000000000000000000000000102c1da7ffffffc0000000000000000
422,422,0,1,1,0,0000000000000000000000000000000000000000000000000000000000000000000000000000000000000000000000000000000000000000000000000013200c,0,1,0,0000000000000000000000000000000000000000000000000000000000000000000000000000000000000000000000000102c1da7ffffffc0000000000000000
423,423,0,1,1,0,00000000000000000000000000000000000000000000000000000000000000000000000000000000000000000000000000000000000000000000000000090002,0,1,0,0000000000000000000000000000000000000000000000000000000000000000000000000000000000000000000000000102c1da7ffffffc0000000000000000
424,424,0,1,1,0,0000000000000000000000000000000000000000000000000000000000000000000000000000000000000000000000000000000000000000000000002014200b,0,1,0,0000000000000000000000000000000000000000000000000000000000000000000000000000000000000000000000000102c1da7ffffffc0000000000000000
425,425,0,1,1,0,0000000000000000000000000000000000000000000000000000000000000000000000000000000000000000000000000000000000000000000000002017201e,0,1,0,0000000000000000000000000000000000000000000000000000000000000000000000000000000000000000000000000102c1da7ffffffc0000000000000000
426,426,0,1,1,0,000000000000000000000000000000000000000000000000000000000000000000000000000000000000000000000000000000000000000000000000000b2017,0,1,0,0000000000000000000000000000000000000000000000000000000000000000000000000000000000000000000000000102c1da7ffffffc0000000000000000
427,427,0,1,1,0,00000000000000000000000000000000000000000000000000000000000000000000000000000000000000000000000000000000000000000000000000070014,0,1,0,0000000000000000000000000000000000000000000000000000000000000000000000000000000000000000000000000102c1da7ffffffc0000000000000000
428,428,0,1,1,0,00000000000000000000000000000000000000000000000000000000000000000000000000000000000000000000000000000000000000000000000020022004,0,1,0,0000000000000000000000000000000000000000000000000000000000000000000000000000000000000000000000000102c1da7ffffffc0000000000000000
429,429,0,1,1,0,00000000000000000000000000000000000000000000000000000000000000000000000000000000000000000000000000000000000000000000000000012009,0,1,0,0000000000000000000000000000000000000000000000000000000000000000000000000000000000000000000000000102c1da7ffffffc0000000000000000
430,430,0,1,1,0,000000000000000000000000000000000000000000000000000000000000000000000000000000000000000000000000000000000000000000000000200b200e,0,1,0,0000000000000000000000000000000000000000000000000000000000000000000000000000000000000000000000000102c1da7ffffffc0000000000000000
431,431,0,1,1,0,000000000000000000000000000000000000000000000000000000000000000000000000000000000000000000000000000000000000000000000000200f2002,0,1,0,0000000000000000000000000000000000000000000000000000000000000000000000000000000000000000000000000102c1da7ffffffc0000000000000000
432,432,0,1,1,0,0000000000000000000000000000000000000000000000000000000000000000000000000000000000000000000000000000000000000000000000000024201d,0,1,0,0000000000000000000000000000000000000000000000000000000000000000000000000000000000000000000000000102c1da7ffffffc0000000000000000
433,433,0,1,1,0,000000000000000000000000000000000000000000000000000000000000000000000000000000000000000000000000000000000000000000000000201c2031,0,1,0,0000000000000000000000000000000000000000000000000000000000000000000000000000000000000000000000000102c1da7ffffffc0000000000000000
434,434,0,1,1,0,00000000000000000000000000000000000000000000000000000000000000000000000000000000000000000000000000000000000000000000000000302001,0,1,0,0000000000000000000000000000000000000000000000000000000000000000000000000000000000000000000000000102c1da7ffffffc0000000000000000
435,435,0,1,1,0,00000000000000000000000000000000000000000000000000000000000000000000000000000000000000000000000000000000000000000000000000120001,0,1,0,0000000000000000000000000000000000000000000000000000000000000000000000000000000000000000000000000102c1da7ffffffc0000000000000000
436,436,0,1,1,0,00000000000000000000000000000000000000000000000000000000000000000000000000000000000000000000000000000000000000000000000000090010,0,1,0,0000000000000000000000000000000000000000000000000000000000000000000000000000000000000000000000000102c1da7ffffffc0000000000000000
437,437,0,1,1,0,000000000000000000000000000000000000000000000000000000000000000000000000000000000000000000000000000000000000000000000000000a000b,0,1,0,0000000000000000000000000000000000000000000000000000000000000000000000000000000000000000000000000102c1da7ffffffc0000000000000000
438,438,0,1,1,0,00000000000000000000000000000000000000000000000000000000000000000000000000000000000000000000000000000000000000000000000020072011,0,1,0,0000000000000000000000000000000000000000000000000000000000000000000000000000000000000000000000000102c1da7ffffffc0000000000000000
439,439,0,1,1,0,00000000000000000000000000000000000000000000000000000000000000000000000000000000000000000000000000000000000000000000000020130000,0,1,0,0000000000000000000000000000000000000000000000000000000000000000000000000000000000000000000000000102c1da7ffffffc0000000000000000
440,440,0,1,1,0,000000000000000000000000000000000000000000000000000000000000000000000000000000000000000000000000000000000000000000000000201d2023,0,1,0,0000000000000000000000000000000000000000000000000000000000000000000000000000000000000000000000000102c1da7ffffffc0000000000000000
441,441,0,1,1,0,000000000000000000000000000000000000000000000000000000000000000000000000000000000000000000000000000000000000000000000000201d2009,0,1,0,0000000000000000000000000000000000000000000000000000000000000000000000000000000000000000000000000102c1da7ffffffc0000000000000000
442,442,0,1,1,0,00000000000000000000000000000000000000000000000000000000000000000000000000000000000000000000000000000000000000000000000000080004,0,1,0,0000000000000000000000000000000000000000000000000000000000000000000000000000000000000000000000000102c1da7ffffffc0000000000000000
443,443,0,1,1,0,00000000000000000000000000000000000000000000000000000000000000000000000000000000000000000000000000000000000000000000000020200011,0,1,0,0000000000000000000000000000000000000000000000000000000000000000000000000000000000000000000000000102c1da7ffffffc0000000000000000
444,444,0,1,1,0,0000000000000000000000000000000000000000000000000000000000000000000000000000000000000000000000000000000000000000000000002002200b,0,1,0,0000000000000000000000000000000000000000000000000000000000000000000000000000000000000000000000000102c1da7ffffffc0000000000000000
445,445,0,1,1,0,0000000000000000000000000000000000000000000000000000000000000000000000000000000000000000000000000000000000000000000000002003000b,0,1,0,0000000000000000000000000000000000000000000000000000000000000000000000000000000000000000000000000102c1da7ffffffc0000000000000000
446,446,0,1,1,0,0000000000000000000000000000000000000000000000000000000000000000000000000000000000000000000000000000000000000000000000002024000f,0,1,0,0000000000000000000000000000000000000000000000000000000000000000000000000000000000000000000000000102c1da7ffffffc0000000000000000
447,447,0,1,1,0,000000000000000000000000000000000000000000000000000000000000000000000000000000000000000000000000000000000000000000000000000b2008,0,1,0,0000000000000000000000000000000000000000000000000000000000000000000000000000000000000000000000000102c1da7ffffffc0000000000000000
448,448,0,1,1,0,00000000000000000000000000000000000000000000000000000000000000000000000000000000000000000000000000000000000000000000000000192003,0,1,0,0000000000000000000000000000000000000000000000000000000000000000000000000000000000000000000000000102c1da7ffffffc0000000000000000
449,449,0,1,1,0,0000000000000000000000000000000000000000000000000000000000000000000000000000000000000000000000000000000000000000000000000000002a,0,1,0,0000000000000000000000000000000000000000000000000000000000000000000000000000000000000000000000000102c1da7ffffffc0000000000000000
450,450,0,1,1,0,0000000000000000000000000000000000000000000000000000000000000000000000000000000000000000000000000000000000000000000000000019200f,0,1,0,0000000000000000000000000000000000000000000000000000000000000000000000000000000000000000000000000102c1da7ffffffc0000000000000000
451,451,0,1,1,0,00000000000000000000000000000000000000000000000000000000000000000000000000000000000000000000000000000000000000000000000020112020,0,1,0,0000000000000000000000000000000000000000000000000000000000000000000000000000000000000000000000000102c1da7ffffffc0000000000000000
452,452,0,1,1,0,000000000000000000000000000000000000000000000000000000000000000000000000000000000000000000000000000000000000000000000000000c000a,0,1,0,0000000000000000000000000000000000000000000000000000000000000000000000000000000000000000000000000102c1da7ffffffc0000000000000000
453,453,0,1,1,0,000000000000000000000000000000000000000000000000000000000000000000000000000000000000000000000000000000000000000000000000000e201f,0,1,0,0000000000000000000000000000000000000000000000000000000000000000000000000000000000000000000000000102c1da7ffffffc0000000000000000
454,454,0,1,1,0,000000000000000000000000000000000000000000000000000000000000000000000000000000000000000000000000000000000000000000000000201c2006,0,1,0,0000000000000000000000000000000000000000000000000000000000000000000000000000000000000000000000000102c1da7ffffffc0000000000000000
455,455,0,1,1,0,00000000000000000000000000000000000000000000000000000000000000000000000000000000000000000000000000000000000000000000000000080005,0,1,0,0000000000000000000000000000000000000000000000000000000000000000000000000000000000000000000000000102c1da7ffffffc0000000000000000
456,456,0,1,1,0,000000000000000000000000000000000000000000000000000000000000000000000000000000000000000000000000000000000000000000000000201c0002,0,1,0,0000000000000000000000000000000000000000000000000000000000000000000000000000000000000000000000000102c1da7ffffffc0000000000000000
457,457,0,1,1,0,00000000000000000000000000000000000000000000000000000000000000000000000000000000000000000000000000000000000000000000000000040008,0,1,0,0000000000000000000000000000000000000000000000000000000000000000000000000000000000000000000000000102c1da7ffffffc0000000000000000
458,458,0,1,1,0,0000000000000000000000000000000000000000000000000000000000000000000000000000000000000000000000000000000000000000000000000004200c,0,1,0,0000000000000000000000000000000000000000000000000000000000000000000000000000000000000000000000000102c1da7ffffffc0000000000000000
459,459,0,1,1,0,000000000000000000000000000000000000000000000000000000000000000000000000000000000000000000000000000000000000000000000000200f2005,0,1,0,0000000000000000000000000000000000000000000000000000000000000000000000000000000000000000000000000102c1da7ffffffc0000000000000000
460,460,0,1,1,0,000000000000000000000000000000000000000000000000000000000000000000000000000000000000000000000000000000000000000000000000202b001a,0,1,0,0000000000000000000000000000000000000000000000000000000000000000000000000000000000000000000000000102c1da7ffffffc0000000000000000
461,461,0,1,1,0,0000000000000000000000000000000000000000000000000000000000000000000000000000000000000000000000000000000000000000000000000017202e,0,1,0,0000000000000000000000000000000000000000000000000000000000000000000000000000000000000000000000000102c1da7ffffffc0000000000000000
462,462,0,1,1,0,00000000000000000000000000000000000000000000000000000000000000000000000000000000000000000000000000000000000000000000000000080005,0,1,0,0000000000000000000000000000000000000000000000000000000000000000000000000000000000000000000000000102c1da7ffffffc0000000000000000
463,463,0,1,1,0,00000000000000000000000000000000000000000000000000000000000000000000000000000000000000000000000000000000000000000000000000122002,0,1,0,0000000000000000000000000000000000000000000000000000000000000000000000000000000000000000000000000102c1da7ffffffc0000000000000000
464,464,0,1,1,0,00000000000000000000000000000000000000000000000000000000000000000000000000000000000000000000000000000000000000000000000020142014,0,1,0,0000000000000000000000000000000000000000000000000000000000000000000000000000000000000000000000000102c1da7ffffffc0000000000000000
465,465,0,1,1,0,00000000000000000000000000000000000000000000000000000000000000000000000000000000000000000000000000000000000000000000000000000000,0,1,0,0000000000000000000000000000000000000000000000000000000000000000000000000000000000000000000000000102c1da7ffffffc0000000000000000
466,466,0,1,1,0,00000000000000000000000000000000000000000000000000000000000000000000000000000000000000000000000000000000000000000000000000000000,0,1,0,0000000000000000000000000000000000000000000000000000000000000000000000000000000000000000000000000102c1da7ffffffc0000000000000000
467,467,0,1,1,0,00000000000000000000000000000000000000000000000000000000000000000000000000000000000000000000000000000000000000000000000000000000,0,1,0,0000000000000000000000000000000000000000000000000000000000000000000000000000000000000000000000000102c1da7ffffffc0000000000000000
468,468,0,1,1,0,00000000000000000000000000000000000000000000000000000000000000000000000000000000000000000000000000000000000000000000000000000000,0,1,0,0000000000000000000000000000000000000000000000000000000000000000000000000000000000000000000000000102c1da7ffffffc0000000000000000
469,469,0,1,1,0,00000000000000000000000000000000000000000000000000000000000000000000000000000000000000000000000000000000000000000000000000170003,0,1,0,0000000000000000000000000000000000000000000000000000000000000000000000000000000000000000000000000102c1da7ffffffc0000000000000000
470,470,0,1,1,0,00000000000000000000000000000000000000000000000000000000000000000000000000000000000000000000000000000000000000000000000012345678,0,1,0,0000000000000000000000000000000000000000000000000000000000000000000000000000000000000000000000000102c1da7ffffffc0000000000000000
471,471,0,1,1,0,000000000000000000000000000000000000000000000000000000000000000000000000000000000000000000000000000000000000000000000000304abc95,0,1,0,0000000000000000000000000000000000000000000000000000000000000000000000000000000000000000000000000102c1da7ffffffc0000000000000000
472,472,0,1,1,0,0000000000000000000000000000000000000000000000000000000000000000000000000000000000000000000000000000000000000000000000000301000c,0,1,0,0000000000000000000000000000000000000000000000000000000000000000000000000000000000000000000000000102c1da7ffffffc0000000000000000
473,473,0,1,1,0,00000000000000000000000000000000000000000000000000000000000000000000000000000000000000000000000000000000000000000000000000410144,0,1,0,0000000000000000000000000000000000000000000000000000000000000000000000000000000000000000000000000102c1da7ffffffc0000000000000000
474,474,0,1,1,0,00000000000000000000000000000000000000000000000000000000000000000000000000000000000000000000000000000000000000000000000000069585,0,1,0,0000000000000000000000000000000000000000000000000000000000000000000000000000000000000000000000000102c1da7ffffffc0000000000000000
475,475,0,1,1,0,000000000000000000000000000000000000000000000000000000000000000000000000000000000000000000000000000000000000000000000000760297fa,0,1,0,0000000000000000000000000000000000000000000000000000000000000000000000000000000000000000000000000102c1da7ffffffc0000000000000000
476,476,0,1,1,0,00000000000000000000000000000000000000000000000000000000000000000000000000000000000000000000000000000000000000000000000000000c63,0,1,0,0000000000000000000000000000000000000000000000000000000000000000000000000000000000000000000000000102c1da7ffffffc0000000000000000
477,477,0,1,1,0,00000000000000000000000000000000000000000000000000000000000000000000000000000000000000000000000000000000000000000000000000000084,0,1,0,0000000000000000000000000000000000000000000000000000000000000000000000000000000000000000000000000102c1da7ffffffc0000000000000000
478,478,0,1,1,0,00000000000000000000000000000000000000000000000000000000000000000000000000000000000000000000000000000000000000000000000000000004,0,1,0,0000000000000000000000000000000000000000000000000000000000000000000000000000000000000000000000000102c1da7ffffffc0000000000000000
479,479,0,1,1,0,00000000000000000000000000000000000000000000000000000000000000000000000000000000000000000000000000000000000000000000000000000064,0,1,0,0000000000000000000000000000000000000000000000000000000000000000000000000000000000000000000000000102c1da7ffffffc0000000000000000
480,480,0,1,1,0,00000000000000000000000000000000000000000000000000000000000000000000000000000000000000000000000000000000000000000000000039f98000,0,1,0,0000000000000000000000000000000000000000000000000000000000000000000000000000000000000000000000000102c1da7ffffffc0000000000000000
481,481,0,1,1,0,00000000000000000000000000000000000000000000000000000000000000000000000000000000000000000000000000000000000000000000000000000464,0,1,0,0000000000000000000000000000000000000000000000000000000000000000000000000000000000000000000000000102c1da7ffffffc0000000000000000
482,482,0,1,1,0,00000000000000000000000000000000000000000000000000000000000000000000000000000000000000000000000000000000000000000000000000120057,0,1,0,0000000000000000000000000000000000000000000000000000000000000000000000000000000000000000000000000102c1da7ffffffc0000000000000000
483,483,0,1,1,0,00000000000000000000000000000000000000000000000000000000000000000000000000000000000000000000000000000000000000000000000000000000,0,1,0,0000000000000000000000000000000000000000000000000000000000000000000000000000000000000000000000000102c1da7ffffffc0000000000000000
484,484,0,1,1,0,00000000000000000000000000000000000000000000000000000000000000000000000000000000000000000000000000000000000000000000000000000000,0,1,0,0000000000000000000000000000000000000000000000000000000000000000000000000000000000000000000000000102c1da7ffffffc0000000000000000
485,485,0,1,1,0,00000000000000000000000000000000000000000000000000000000000000000000000000000000000000000000000000000000000000000000000000000000,0,1,0,0000000000000000000000000000000000000000000000000000000000000000000000000000000000000000000000000102c1da7ffffffc0000000000000000
486,486,0,1,1,0,00000000000000000000000000000000000000000000000000000000000000000000000000000000000000000000000000000000000000000000000000010004,0,1,0,0000000000000000000000000000000000000000000000000000000000000000000000000000000000000000000000000102c1da7ffffffc0000000000000000
487,487,0,1,1,0,00000000000000000000000000000000000000000000000000000000000000000000000000000000000000000000000000000000000000000000000000020000,0,1,0,0000000000000000000000000000000000000000000000000000000000000000000000000000000000000000000000000102c1da7ffffffc0000000000000000
488,488,0,1,1,0,00000000000000000000000000000000000000000000000000000000000000000000000000000000000000000000000000000000000000000000000000000001,0,1,0,0000000000000000000000000000000000000000000000000000000000000000000000000000000000000000000000000102c1da7ffffffc0000000000000000
489,489,0,1,1,0,000000000000000000000000000000000000000000000000000000000000000000000000000000000000000000000000000000000000000000000000ffffffff,0,1,0,0000000000000000000000000000000000000000000000000000000000000000000000000000000000000000000000000102c1da7ffffffc0000000000000000
490,490,0,1,1,0,000000000000000000000000000000000000000000000000000000000000000000000000000000000000000000000000000000000000000000000000ffffffff,0,1,0,0000000000000000000000000000000000000000000000000000000000000000000000000000000000000000000000000102c1da7ffffffc0000000000000000
491,491,0,1,1,0,000000000000000000000000000000000000000000000000000000000000000000000000000000000000000000000000000000000000000000000000ffffffff,0,1,0,0000000000000000000000000000000000000000000000000000000000000000000000000000000000000000000000000002c1da7ffffffc0000000000000000
492,492,0,1,1,0,000000000000000000000000000000000000000000000000000000000000000000000000000000000000000000000000000000000000000000000000ffffffff,0,1,0,0000000000000000000000000000000000000000000000000000000000000000000000000000000000000000000000000002c1da7ffffffc0000000000000000
493,493,0,1,1,0,000000000000000000000000000000000000000000000000000000000000000000000000000000000000000000000000000000000000000000000000ffffffff,0,1,0,0000000000000000000000000000000000000000000000000000000000000000000000000000000000000000000000000002c1da7ffffffc0000000000000000
494,494,0,1,1,0,000000000000000000000000000000000000000000000000000000000000000000000000000000000000000000000000000000000000000000000000ffffffff,0,1,0,0000000000000000000000000000000000000000000000000000000000000000000000000000000000000000000000000002c1da7ffffffc0000000000000000
495,495,0,1,1,0,000000000000000000000000000000000000000000000000000000000000000000000000000000000000000000000000000000000000000000000000ffffffff,0,1,0,0000000000000000000000000000000000000000000000000000000000000000000000000000000000000000000000000002c1da7ffffffc0000000000000000
496,496,0,1,1,0,000000000000000000000000000000000000000000000000000000000000000000000000000000000000000000000000000000000000000000000000ffffffff,0,1,0,0000000000000000000000000000000000000000000000000000000000000000000000000000000000000000000000000002c1da7ffffffc0000000000000000
497,497,0,1,1,0,00000000000000000000000000000000000000000000000000000000000000000000000000000000000000000000000000000000000000000000000000000000,0,1,0,0000000000000000000000000000000000000000000000000000000000000000000000000000000000000000000000000002c1da7ffffffc0000000000000000
498,498,0,1,1,0,00000000000000000000000000000000000000000000000000000000000000000000000000000000000000000000000000000000000000000000000000000000,0,1,0,0000000000000000000000000000000000000000000000000000000000000000000000000000000000000000000000000002c1da7ffffffc0000000000000000
499,499,0,1,1,0,00000000000000000000000000000000000000000000000000000000000000000000000000000000000000000000000000000000000000000000000000000000,0,1,0,0000000000000000000000000000000000000000000000000000000000000000000000000000000000000000000000000002c1da7ffffffc0000000000000000
500,500,0,1,1,0,00000000000000000000000000000000000000000000000000000000000000000000000000000000000000000000000000000000000000000000000000000000,0,1,0,0000000000000000000000000000000000000000000000000000000000000000000000000000000000000000000000000002c1da7ffffffc0000000000000000
501,501,0,1,1,0,00000000000000000000000000000000000000000000000000000000000000000000000000000000000000000000000000000000000000000000000000000000,0,1,0,0000000000000000000000000000000000000000000000000000000000000000000000000000000000000000000000000002c1da7ffffffc0000000000000000
502,502,0,1,1,0,00000000000000000000000000000000000000000000000000000000000000000000000000000000000000000000000000000000000000000000000000000000,0,1,0,0000000000000000000000000000000000000000000000000000000000000000000000000000000000000000000000000002c1da7ffffffc0000000000000000
503,503,0,1,1,0,00000000000000000000000000000000000000000000000000000000000000000000000000000000000000000000000000000000000000000000000000000000,0,1,0,0000000000000000000000000000000000000000000000000000000000000000000000000000000000000000000000000002c1da7ffffffc0000000000000000
504,504,0,1,1,0,00000000000000000000000000000000000000000000000000000000000000000000000000000000000000000000000000000000000000000000000000000000,0,1,0,0000000000000000000000000000000000000000000000000000000000000000000000000000000000000000000000000002c1da7ffffffc0000000000000000
505,505,0,1,1,0,00000000000000000000000000000000000000000000000000000000000000000000000000000000000000000000000000000000000000000000000000002b2b,0,1,0,0000000000000000000000000000000000000000000000000000000000000000000000000000000000000000000000000002c1da7ffffffc0000000000000000
506,506,0,1,1,0,00000000000000000000000000000000000000000000000000000000000000000000000000000000000000000000000000000000000000000000000028282929,0,1,0,0000000000000000000000000000000000000000000000000000000000000000000000000000000000000000000000000002c1da7ffffffc0000000000000000
507,507,0,1,1,0,0000000000000000000000000000000000000000000000000000000000000000000000000000000000000000000000000000000000000000000000002a2a0002,0,1,0,0000000000000000000000000000000000000000000000000000000000000000000000000000000000000000000000000002c1da7ffffffc0000000000000000
508,508,0,1,1,0,00000000000000000000000000000000000000000000000000000000000000000000000000000000000000000000000000000000000000000000000020032024,0,1,0,0000000000000000000000000000000000000000000000000000000000000000000000000000000000000000000000000002c1da7ffffffc0000000000000000
509,509,0,1,1,0,00000000000000000000000000000000000000000000000000000000000000000000000000000000000000000000000000000000000000000000000000110008,0,1,0,0000000000000000000000000000000000000000000000000000000000000000000000000000000000000000000000000002c1da7ffffffc0000000000000000
510,510,0,1,1,0,000000000000000000000000000000000000000000000000000000000000000000000000000000000000000000000000000000000000000000000000200e0007,0,1,0,0000000000000000000000000000000000000000000000000000000000000000000000000000000000000000000000000002c1da7ffffffc0000000000000000
511,511,0,1,1,0,0000000000000000000000000000000000000000000000000000000000000000000000000000000000000000000000000000000000000000000000000003200a,0,1,0,0000000000000000000000000000000000000000000000000000000000000000000000000000000000000000000000000002c1da7ffffffc0000000000000000
512,512,1,1,1,0,00000000000000000000000000000000000000000000000000000000000000000000000000000000000000000000000000000000000000000000000020460006,1,1,0,00000000000000000000000000000000000000000000000000000000000000000000000000000000000000000000000000018180c1d00b540000000000000000
513,513,0,1,1,0,000000000000000000000000000000000000000000000000000000000000000000000000000000000000000000000000000000000000000000000000000c0041,1,1,0,00000000000000000000000000000000000000000000000000000000000000000000000000000000000000000000000000018181c0a02d500000000000000000
514,514,0,1,1,0,00000000000000000000000000000000000000000000000000000000000000000000000000000000000000000000000000000000000000000000000020042007,1,1,0,00000000000000000000000000000000000000000000000000000000000000000000000000000000000000000000000000018380c1ce790c0000000000000000
515,515,0,1,1,0,00000000000000000000000000000000000000000000000000000000000000000000000000000000000000000000000000000000000000000000000020120040,1,1,0,00000000000000000000000000000000000000000000000000000000000000000000000000000000000000000000000000018381c0f9e4380000000000000000
516,516,0,1,1,0,000000000000000000000000000000000000000000000000000000000000000000000000000000000000000000000000000000000000000000000000000a000a,1,1,0,000000000000000000000000000000000000000000000000000000000000000000000000000000000000000000000000000185803d9f9b800000000000000000
517,517,0,1,1,0,00000000000000000000000000000000000000000000000000000000000000000000000000000000000000000000000000000000000000000000000000082002,1,1,0,00000000000000000000000000000000000000000000000000000000000000000000000000000000000000000000000000018581c18760640000000000000000
518,518,0,1,1,0,00000000000000000000000000000000000000000000000000000000000000000000000000000000000000000000000000000000000000000000000020012010,1,1,0,00000000000000000000000000000000000000000000000000000000000000000000000000000000000000000000000000018780c0fb9ed00000000000000000
519,519,0,1,1,0,0000000000000000000000000000000000000000000000000000000000000000000000000000000000000000000000000000000000000000000000000005202a,1,1,0,00000000000000000000000000000000000000000000000000000000000000000000000000000000000000000000000000018781c11dcf680000000000000000
520,520,0,1,1,0,0000000000000000000000000000000000000000000000000000000000000000000000000000000000000000000000000000000000000000000000000013202c,1,1,0,00000000000000000000000000000000000000000000000000000000000000000000000000000000000000000000000000018980c13d59900000000000000000
521,521,0,1,1,0,000000000000000000000000000000000000000000000000000000000000000000000000000000000000000000000000000000000000000000000000001b0023,1,1,0,00000000000000000000000000000000000000000000000000000000000000000000000000000000000000000000000000018981c03566400000000000000000
522,522,0,1,1,0,00000000000000000000000000000000000000000000000000000000000000000000000000000000000000000000000000000000000000000000000020010002,1,1,0,00000000000000000000000000000000000000000000000000000000000000000000000000000000000000000000000000018b80c11d7f340000000000000000
523,523,0,1,1,0,00000000000000000000000000000000000000000000000000000000000000000000000000000000000000000000000000000000000000000000000020090001,1,1,0,00000000000000000000000000000000000000000000000000000000000000000000000000000000000000000000000000018b81c18ebf9c0000000000000000
524,524,0,1,1,0,00000000000000000000000000000000000000000000000000000000000000000000000000000000000000000000000000000000000000000000000000052006,1,1,0,00000000000000000000000000000000000000000000000000000000000000000000000000000000000000000000000000018d80c09b39f40000000000000000
525,525,0,1,1,0,00000000000000000000000000000000000000000000000000000000000000000000000000000000000000000000000000000000000000000000000000340005,1,1,0,00000000000000000000000000000000000000000000000000000000000000000000000000000000000000000000000000018d81417263040000000000000000
526,526,0,1,1,0,00000000000000000000000000000000000000000000000000000000000000000000000000000000000000000000000000000000000000000000000020202005,1,1,0,00000000000000000000000000000000000000000000000000000000000000000000000000000000000000000000000000018f80405689bc0000000000000000
527,527,0,1,1,0,000000000000000000000000000000000000000000000000000000000000000000000000000000000000000000000000000000000000000000000000200d0008,1,1,0,00000000000000000000000000000000000000000000000000000000000000000000000000000000000000000000000000018f81c094bb200000000000000000
528,528,0,1,1,0,000000000000000000000000000000000000000000000000000000000000000000000000000000000000000000000000000000000000000000000000200a2012,1,1,0,000000000000000000000000000000000000000000000000000000000000000000000000000000000000000000000000000181c03f9d0e780000000000000000
529,529,0,1,1,0,000000000000000000000000000000000000000000000000000000000000000000000000000000000000000000000000000000000000000000000000201f000c,1,1,0,000000000000000000000000000000000000000000000000000000000000000000000000000000000000000000000000000181c1404e873c0000000000000000
530,530,0,1,1,0,00000000000000000000000000000000000000000000000000000000000000000000000000000000000000000000000000000000000000000000000000150017,1,1,0,000000000000000000000000000000000000000000000000000000000000000000000000000000000000000000000000000183c0c283eecc0000000000000000
531,531,0,1,1,0,00000000000000000000000000000000000000000000000000000000000000000000000000000000000000000000000000000000000000000000000000262019,1,1,0,000000000000000000000000000000000000000000000000000000000000000000000000000000000000000000000000000183c1c07dd9a00000000000000000
532,532,0,1,1,0,00000000000000000000000000000000000000000000000000000000000000000000000000000000000000000000000000000000000000000000000000062018,1,1,0,000000000000000000000000000000000000000000000000000000000000000000000000000000000000000000000000000185c0c0bfb5f80000000000000000
533,533,0,0,1,0,00000000000000000000000000000000000000000000000000000000000000000000000000000000000000000000000000000000000000000000000000062018,1,1,0,000000000000000000000000000000000000000000000000000000000000000000000000000000000000000000000000000185c1c17fdaf80000000000000000
534,534,0,0,1,0,00000000000000000000000000000000000000000000000000000000000000000000000000000000000000000000000000000000000000000000000000062018,1,1,0,000000000000000000000000000000000000000000000000000000000000000000000000000000000000000000000000000187c041c169ec0000000000000000
535,535,0,0,1,0,00000000000000000000000000000000000000000000000000000000000000000000000000000000000000000000000000000000000000000000000000062018,1,1,0,000000000000000000000000000000000000000000000000000000000000000000000000000000000000000000000000000187c1c034b0980000000000000000
536,536,0,0,1,0,00000000000000000000000000000000000000000000000000000000000000000000000000000000000000000000000000000000000000000000000000062018,1,1,0,000000000000000000000000000000000000000000000000000000000000000000000000000000000000000000000000000189c041e0bf500000000000000000
537,537,0,0,1,0,00000000000000000000000000000000000000000000000000000000000000000000000000000000000000000000000000000000000000000000000000062018,1,1,0,000000000000000000000000000000000000000000000000000000000000000000000000000000000000000000000000000189c1c0fd02b80000000000000000
538,538,0,0,1,0,00000000000000000000000000000000000000000000000000000000000000000000000000000000000000000000000000000000000000000000000000062018,1,1,0,00000000000000000000000000000000000000000000000000000000000000000000000000000000000000000000000000018bc0420c90d00000000000000000
539,539,0,0,1,0,00000000000000000000000000000000000000000000000000000000000000000000000000000000000000000000000000000000000000000000000000062018,1,1,0,00000000000000000000000000000000000000000000000000000000000000000000000000000000000000000000000000018bc1c036f2f00000000000000000
540,540,0,1,1,0,000000000000000000000000000000000000000000000000000000000000000000000000000000000000000000000000000000000000000000000000001d200f,1,1,0,00000000000000000000000000000000000000000000000000000000000000000000000000000000000000000000000000018dc0c2434d8c0000000000000000
541,541,0,1,1,0,0000000000000000000000000000000000000000000000000000000000000000000000000000000000000000000000000000000000000000000000000003200f,1,1,0,00000000000000000000000000000000000000000000000000000000000000000000000000000000000000000000000000018dc141b164e40000000000000000
542,542,0,1,1,0,00000000000000000000000000000000000000000000000000000000000000000000000000000000000000000000000000000000000000000000000020032018,1,1,0,00000000000000000000000000000000000000000000000000000000000000000000000000000000000000000000000000018fc040ad9a0c0000000000000000
543,543,0,1,1,0,00000000000000000000000000000000000000000000000000000000000000000000000000000000000000000000000000000000000000000000000020152011,1,1,0,00000000000000000000000000000000000000000000000000000000000000000000000000000000000000000000000000018fc13ed9a0c00000000000000000
544,544,0,1,1,0,000000000000000000000000000000000000000000000000000000000000000000000000000000000000000000000000000000000000000000000000201b2009,1,1,0,00000000000000000000000000000000000000000000000000000000000000000000000000000000000000000000000000018200bfe69c600000000000000000
545,545,0,1,1,0,0000000000000000000000000000000000000000000000000000000000000000000000000000000000000000000000000000000000000000000000002025200c,1,1,0,00000000000000000000000000000000000000000000000000000000000000000000000000000000000000000000000000018201c1c669c40000000000000000
546,546,0,1,1,0,00000000000000000000000000000000000000000000000000000000000000000000000000000000000000000000000000000000000000000000000000100009,1,1,0,0000000000000000000000000000000000000000000000000000000000000000000000000000000000000000000000000001840042448df80000000000000000
547,547,0,1,1,0,00000000000000000000000000000000000000000000000000000000000000000000000000000000000000000000000000000000000000000000000020082014,1,1,0,00000000000000000000000000000000000000000000000000000000000000000000000000000000000000000000000000018401c12dc8180000000000000000
548,548,0,1,1,0,00000000000000000000000000000000000000000000000000000000000000000000000000000000000000000000000000000000000000000000000000132012,1,1,0,000000000000000000000000000000000000000000000000000000000000000000000000000000000000000000000000000186004110b2680000000000000000
549,549,0,1,1,0,0000000000000000000000000000000000000000000000000000000000000000000000000000000000000000000000000000000000000000000000000025200e,1,1,0,00000000000000000000000000000000000000000000000000000000000000000000000000000000000000000000000000018601c237d3640000000000000000
550,550,0,1,1,0,00000000000000000000000000000000000000000000000000000000000000000000000000000000000000000000000000000000000000000000000020170009,1,1,0,00000000000000000000000000000000000000000000000000000000000000000000000000000000000000000000000000018800c1e5b1080000000000000000
551,551,0,1,1,0,000000000000000000000000000000000000000000000000000000000000000000000000000000000000000000000000000000000000000000000000202d2016,1,1,0,00000000000000000000000000000000000000000000000000000000000000000000000000000000000000000000000000018801c14b62100000000000000000
552,552,0,1,1,0,00000000000000000000000000000000000000000000000000000000000000000000000000000000000000000000000000000000000000000000000020120006,1,1,0,00000000000000000000000000000000000000000000000000000000000000000000000000000000000000000000000000018a00c0df40700000000000000000
553,553,0,1,1,0,000000000000000000000000000000000000000000000000000000000000000000000000000000000000000000000000000000000000000000000000000c000e,1,1,0,00000000000000000000000000000000000000000000000000000000000000000000000000000000000000000000000000018a01c187d01c0000000000000000
554,554,0,1,1,0,0000000000000000000000000000000000000000000000000000000000000000000000000000000000000000000000000000000000000000000000000002202f,1,1,0,00000000000000000000000000000000000000000000000000000000000000000000000000000000000000000000000000018c0041a9c2b40000000000000000
555,555,0,1,1,0,00000000000000000000000000000000000000000000000000000000000000000000000000000000000000000000000000000000000000000000000000082003,1,1,0,00000000000000000000000000000000000000000000000000000000000000000000000000000000000000000000000000018c01c11c7a940000000000000000
556,556,0,1,1,0,00000000000000000000000000000000000000000000000000000000000000000000000000000000000000000000000000000000000000000000000000060005,1,1,0,00000000000000000000000000000000000000000000000000000000000000000000000000000000000000000000000000018e004132d2200000000000000000
557,557,0,1,1,0,00000000000000000000000000000000000000000000000000000000000000000000000000000000000000000000000000000000000000000000000020242005,1,1,0,00000000000000000000000000000000000000000000000000000000000000000000000000000000000000000000000000018e014085a4420000000000000000
558,558,0,1,1,0,0000000000000000000000000000000000000000000000000000000000000000000000000000000000000000000000000000000000000000000000002018200f,1,1,0,00000000000000000000000000000000000000000000000000000000000000000000000000000000000000000000000000019000c18d84b40000000000000000
559,559,0,1,1,0,00000000000000000000000000000000000000000000000000000000000000000000000000000000000000000000000000000000000000000000000020232023,1,1,0,00000000000000000000000000000000000000000000000000000000000000000000000000000000000000000000000000019001c10b09680000000000000000
560,560,0,1,1,0,00000000000000000000000000000000000000000000000000000000000000000000000000000000000000000000000000000000000000000000000020102001,1,1,0,00000000000000000000000000000000000000000000000000000000000000000000000000000000000000000000000000018240c1a7c5180000000000000000
561,561,0,1,1,0,00000000000000000000000000000000000000000000000000000000000000000000000000000000000000000000000000000000000000000000000020112007,1,1,0,00000000000000000000000000000000000000000000000000000000000000000000000000000000000000000000000000018241c1dfc5180000000000000000
562,562,0,1,1,0,000000000000000000000000000000000000000000000000000000000000000000000000000000000000000000000000000000000000000000000000202e0006,1,1,0,0000000000000000000000000000000000000000000000000000000000000000000000000000000000000000000000000001844041509d480000000000000000
563,563,0,1,1,0,0000000000000000000000000000000000000000000000000000000000000000000000000000000000000000000000000000000000000000000000002002200b,1,1,0,00000000000000000000000000000000000000000000000000000000000000000000000000000000000000000000000000018441c1a7b1580000000000000000
564,564,0,1,1,0,00000000000000000000000000000000000000000000000000000000000000000000000000000000000000000000000000000000000000000000000020022005,1,1,0,00000000000000000000000000000000000000000000000000000000000000000000000000000000000000000000000000018640410f6c960000000000000000
565,565,0,1,1,0,00000000000000000000000000000000000000000000000000000000000000000000000000000000000000000000000000000000000000000000000020112014,1,1,0,0000000000000000000000000000000000000000000000000000000000000000000000000000000000000000000000000001864141afb6480000000000000000
566,566,0,1,1,0,00000000000000000000000000000000000000000000000000000000000000000000000000000000000000000000000000000000000000000000000000162003,1,1,0,000000000000000000000000000000000000000000000000000000000000000000000000000000000000000000000000000188403e4ba5800000000000000000
567,567,0,1,1,0,00000000000000000000000000000000000000000000000000000000000000000000000000000000000000000000000000000000000000000000000020132011,1,1,0,00000000000000000000000000000000000000000000000000000000000000000000000000000000000000000000000000018841bfe68b500000000000000000
568,568,0,1,1,0,00000000000000000000000000000000000000000000000000000000000000000000000000000000000000000000000000000000000000000000000020022040,1,1,0,00000000000000000000000000000000000000000000000000000000000000000000000000000000000000000000000000018a40404297a00000000000000000
569,569,0,1,1,0,00000000000000000000000000000000000000000000000000000000000000000000000000000000000000000000000000000000000000000000000000040012,1,1,0,00000000000000000000000000000000000000000000000000000000000000000000000000000000000000000000000000018a41c0deb4300000000000000000
570,570,0,1,1,0,00000000000000000000000000000000000000000000000000000000000000000000000000000000000000000000000000000000000000000000000000150009,1,1,0,00000000000000000000000000000000000000000000000000000000000000000000000000000000000000000000000000018c40c10bdd840000000000000000
571,571,0,1,1,0,00000000000000000000000000000000000000000000000000000000000000000000000000000000000000000000000000000000000000000000000000112006,1,1,0,00000000000000000000000000000000000000000000000000000000000000000000000000000000000000000000000000018c41c13bdd840000000000000000
572,572,0,1,1,0,000000000000000000000000000000000000000000000000000000000000000000000000000000000000000000000000000000000000000000000000200d2015,1,1,0,00000000000000000000000000000000000000000000000000000000000000000000000000000000000000000000000000018e40c14df3700000000000000000
573,573,0,1,1,0,000000000000000000000000000000000000000000000000000000000000000000000000000000000000000000000000000000000000000000000000200a200c,1,1,0,00000000000000000000000000000000000000000000000000000000000000000000000000000000000000000000000000018e413e0323800000000000000000
574,574,0,1,1,0,000000000000000000000000000000000000000000000000000000000000000000000000000000000000000000000000000000000000000000000000000c0013,1,1,0,000000000000000000000000000000000000000000000000000000000000000000000000000000000000000000000000000190404219606c0000000000000000
575,575,0,1,1,0,00000000000000000000000000000000000000000000000000000000000000000000000000000000000000000000000000000000000000000000000020080003,1,1,0,00000000000000000000000000000000000000000000000000000000000000000000000000000000000000000000000000019041c1d53f240000000000000000
576,576,0,1,1,0,000000000000000000000000000000000000000000000000000000000000000000000000000000000000000000000000000000000000000000000000000f2028,1,1,0,00000000000000000000000000000000000000000000000000000000000000000000000000000000000000000000000000018280c1cdb6d00000000000000000
577,577,0,1,1,0,00000000000000000000000000000000000000000000000000000000000000000000000000000000000000000000000000000000000000000000000020250018,1,1,0,00000000000000000000000000000000000000000000000000000000000000000000000000000000000000000000000000018281c23adb680000000000000000
578,578,0,1,1,0,000000000000000000000000000000000000000000000000000000000000000000000000000000000000000000000000000000000000000000000000201b2018,1,1,0,0000000000000000000000000000000000000000000000000000000000000000000000000000000000000000000000000001848042482d5c0000000000000000
579,579,0,1,1,0,00000000000000000000000000000000000000000000000000000000000000000000000000000000000000000000000000000000000000000000000000000000,1,1,0,000000000000000000000000000000000000000000000000000000000000000000000000000000000000000000000000000184813f85abd00000000000000000
580,580,0,1,1,0,00000000000000000000000000000000000000000000000000000000000000000000000000000000000000000000000000000000000000000000000000000000,1,1,0,00000000000000000000000000000000000000000000000000000000000000000000000000000000000000000000000000018680419fe4cc0000000000000000
581,581,0,1,1,0,00000000000000000000000000000000000000000000000000000000000000000000000000000000000000000000000000000000000000000000000000000000,1,1,0,00000000000000000000000000000000000000000000000000000000000000000000000000000000000000000000000000018681403f267c0000000000000000
582,582,0,1,1,0,00000000000000000000000000000000000000000000000000000000000000000000000000000000000000000000000000000000000000000000000000000000,1,1,0,0000000000000000000000000000000000000000000000000000000000000000000000000000000000000000000000000001888041311e840000000000000000
583,583,0,1,1,0,00000000000000000000000000000000000000000000000000000000000000000000000000000000000000000000000000000000000000000000000000170003,1,1,0,0000000000000000000000000000000000000000000000000000000000000000000000000000000000000000000000000001888141908f400000000000000000
584,584,0,1,0,0,00000000000000000000000000000000000000000000000000000000000000000000000000000000000000000000000000000000000000000000000012345678,1,1,0,00000000000000000000000000000000000000000000000000000000000000000000000000000000000000000000000000018a804140fbe40000000000000000
585,585,0,1,0,0,00000000000000000000000000000000000000000000000000000000000000000000000000000000000000000000000000000000000000000000000012345678,1,1,0,00000000000000000000000000000000000000000000000000000000000000000000000000000000000000000000000000018a814150fbe40000000000000000
586,586,0,1,0,0,00000000000000000000000000000000000000000000000000000000000000000000000000000000000000000000000000000000000000000000000012345678,1,1,0,00000000000000000000000000000000000000000000000000000000000000000000000000000000000000000000000000018c80c095bed80000000000000000
587,587,0,1,0,0,00000000000000000000000000000000000000000000000000000000000000000000000000000000000000000000000000000000000000000000000012345678,1,1,0,00000000000000000000000000000000000000000000000000000000000000000000000000000000000000000000000000018c81c16adf680000000000000000
588,588,0,1,0,0,00000000000000000000000000000000000000000000000000000000000000000000000000000000000000000000000000000000000000000000000012345678,1,1,0,00000000000000000000000000000000000000000000000000000000000000000000000000000000000000000000000000018e80c185eee40000000000000000
589,589,0,1,0,0,00000000000000000000000000000000000000000000000000000000000000000000000000000000000000000000000000000000000000000000000012345678,1,1,0,00000000000000000000000000000000000000000000000000000000000000000000000000000000000000000000000000018e81401088e40000000000000000
590,590,0,1,0,0,00000000000000000000000000000000000000000000000000000000000000000000000000000000000000000000000000000000000000000000000012345678,1,1,0,00000000000000000000000000000000000000000000000000000000000000000000000000000000000000000000000000019080c1d5f6240000000000000000
591,591,0,1,0,0,00000000000000000000000000000000000000000000000000000000000000000000000000000000000000000000000000000000000000000000000012345678,1,1,0,00000000000000000000000000000000000000000000000000000000000000000000000000000000000000000000000000019081c202fb100000000000000000
592,592,0,1,0,0,00000000000000000000000000000000000000000000000000000000000000000000000000000000000000000000000000000000000000000000000012345678,1,1,0,000000000000000000000000000000000000000000000000000000000000000000000000000000000000000000000000000182c0c1d77e480000000000000000
593,593,0,1,0,0,00000000000000000000000000000000000000000000000000000000000000000000000000000000000000000000000000000000000000000000000012345678,1,1,0,000000000000000000000000000000000000000000000000000000000000000000000000000000000000000000000000000182c1c0ddf9180000000000000000
594,594,0,1,0,0,00000000000000000000000000000000000000000000000000000000000000000000000000000000000000000000000000000000000000000000000012345678,1,1,0,000000000000000000000000000000000000000000000000000000000000000000000000000000000000000000000000000184c041212f000000000000000000
595,595,0,1,0,0,00000000000000000000000000000000000000000000000000000000000000000000000000000000000000000000000000000000000000000000000012345678,1,1,0,000000000000000000000000000000000000000000000000000000000000000000000000000000000000000000000000000184c140c25e000000000000000000
596,596,0,1,0,0,00000000000000000000000000000000000000000000000000000000000000000000000000000000000000000000000000000000000000000000000012345678,1,1,0,000000000000000000000000000000000000000000000000000000000000000000000000000000000000000000000000000186c0c1ef0b180000000000000000
597,597,0,1,0,0,00000000000000000000000000000000000000000000000000000000000000000000000000000000000000000000000000000000000000000000000012345678,1,1,0,000000000000000000000000000000000000000000000000000000000000000000000000000000000000000000000000000186c14198f4e40000000000000000
598,598,0,1,0,0,00000000000000000000000000000000000000000000000000000000000000000000000000000000000000000000000000000000000000000000000012345678,1,1,0,000000000000000000000000000000000000000000000000000000000000000000000000000000000000000000000000000188c03d568b000000000000000000
599,599,0,1,1,0,00000000000000000000000000000000000000000000000000000000000000000000000000000000000000000000000000000000000000000000000012345678,1,1,0,000000000000000000000000000000000000000000000000000000000000000000000000000000000000000000000000000188c1c10f29740000000000000000
600,600,0,1,1,0,00000000000000000000000000000000000000000000000000000000000000000000000000000000000000000000000000000000000000000000000010dedd5f,1,1,0,00000000000000000000000000000000000000000000000000000000000000000000000000000000000000000000000000018ac0bf77efa00000000000000000
601,601,0,1,1,0,00000000000000000000000000000000000000000000000000000000000000000000000000000000000000000000000000000000000000000000000000000000,1,1,0,00000000000000000000000000000000000000000000000000000000000000000000000000000000000000000000000000018ac1415081040000000000000000
602,602,0,1,1,0,000000000000000000000000000000000000000000000000000000000000000000000000000000000000000000000000000000000000000000000000000000cf,1,1,0,00000000000000000000000000000000000000000000000000000000000000000000000000000000000000000000000000018cc0c2072ef40000000000000000
603,603,0,1,1,0,00000000000000000000000000000000000000000000000000000000000000000000000000000000000000000000000000000000000000000000000000000000,1,1,0,00000000000000000000000000000000000000000000000000000000000000000000000000000000000000000000000000018cc14189a2180000000000000000
604,604,0,1,1,0,000000000000000000000000000000000000000000000000000000000000000000000000000000000000000000000000000000000000000000000000b7506303,1,1,0,00000000000000000000000000000000000000000000000000000000000000000000000000000000000000000000000000018ec04155f6d40000000000000000
605,605,0,1,1,0,000000000000000000000000000000000000000000000000000000000000000000000000000000000000000000000000000000000000000000000000dd1234dd,1,1,0,00000000000000000000000000000000000000000000000000000000000000000000000000000000000000000000000000018ec1c0b412500000000000000000
606,606,0,1,1,0,000000000000000000000000000000000000000000000000000000000000000000000000000000000000000000000000000000000000000000000000000000e5,1,1,0,000000000000000000000000000000000000000000000000000000000000000000000000000000000000000000000000000190c041d924240000000000000000
607,607,0,1,1,0,00000000000000000000000000000000000000000000000000000000000000000000000000000000000000000000000000000000000000000000000000000009,1,1,0,000000000000000000000000000000000000000000000000000000000000000000000000000000000000000000000000000190c1bf5b7b600000000000000000
608,608,0,1,1,0,00000000000000000000000000000000000000000000000000000000000000000000000000000000000000000000000000000000000000000000000005000000,1,1,0,00000000000000000000000000000000000000000000000000000000000000000000000000000000000000000000000000018300400765a40000000000000000
609,609,0,1,1,0,00000000000000000000000000000000000000000000000000000000000000000000000000000000000000000000000000000000000000000000000000410001,1,1,0,00000000000000000000000000000000000000000000000000000000000000000000000000000000000000000000000000018301423076580000000000000000
610,610,0,1,1,0,00000000000000000000000000000000000000000000000000000000000000000000000000000000000000000000000000000000000000000000000000000002,1,1,0,0000000000000000000000000000000000000000000000000000000000000000000000000000000000000000000000000001850041d8d4fc0000000000000000
611,611,0,1,1,0,00000000000000000000000000000000000000000000000000000000000000000000000000000000000000000000000000000000000000000000000000000000,1,1,0,00000000000000000000000000000000000000000000000000000000000000000000000000000000000000000000000000018501c14e56040000000000000000
612,612,0,1,1,0,0000000000000000000000000000000000000000000000000000000000000000000000000000000000000000000000000000000000000000000000007602bcfb,1,1,0,00000000000000000000000000000000000000000000000000000000000000000000000000000000000000000000000000018700c16ef1100000000000000000
613,613,0,1,1,0,00000000000000000000000000000000000000000000000000000000000000000000000000000000000000000000000000000000000000000000000000000001,1,1,0,00000000000000000000000000000000000000000000000000000000000000000000000000000000000000000000000000018701c1ef78880000000000000000
614,614,0,1,1,0,000000000000000000000000000000000000000000000000000000000000000000000000000000000000000000000000000000000000000000000000ee1234ee,1,1,0,0000000000000000000000000000000000000000000000000000000000000000000000000000000000000000000000000001890041608b800000000000000000
615,615,0,1,1,0,00000000000000000000000000000000000000000000000000000000000000000000000000000000000000000000000000000000000000000000000000000009,1,1,0,0000000000000000000000000000000000000000000000000000000000000000000000000000000000000000000000000001890141408b800000000000000000
616,616,0,1,1,0,0000000000000000000000000000000000000000000000000000000000000000000000000000000000000000000000000000000000000000000000000301000c,1,1,0,00000000000000000000000000000000000000000000000000000000000000000000000000000000000000000000000000018b00418065fa0000000000000000
617,617,0,1,1,0,00000000000000000000000000000000000000000000000000000000000000000000000000000000000000000000000000000000000000000000000000410143,1,1,0,00000000000000000000000000000000000000000000000000000000000000000000000000000000000000000000000000018b01c1e79a040000000000000000
618,618,0,1,1,0,00000000000000000000000000000000000000000000000000000000000000000000000000000000000000000000000000000000000000000000000000069585,1,1,0,00000000000000000000000000000000000000000000000000000000000000000000000000000000000000000000000000018d00c1cec16c0000000000000000
619,619,0,1,1,0,000000000000000000000000000000000000000000000000000000000000000000000000000000000000000000000000000000000000000000000000760297fa,1,1,0,00000000000000000000000000000000000000000000000000000000000000000000000000000000000000000000000000018d01c0760b700000000000000000
620,620,0,1,1,0,00000000000000000000000000000000000000000000000000000000000000000000000000000000000000000000000000000000000000000000000000000c63,1,1,0,00000000000000000000000000000000000000000000000000000000000000000000000000000000000000000000000000018f004126f9400000000000000000
621,621,0,1,1,0,00000000000000000000000000000000000000000000000000000000000000000000000000000000000000000000000000000000000000000000000000000084,1,1,0,00000000000000000000000000000000000000000000000000000000000000000000000000000000000000000000000000018f0140edf2840000000000000000
622,622,0,1,1,0,00000000000000000000000000000000000000000000000000000000000000000000000000000000000000000000000000000000000000000000000000000004,1,1,0,00000000000000000000000000000000000000000000000000000000000000000000000000000000000000000000000000019100c1cf4cdc0000000000000000
623,623,0,1,1,0,00000000000000000000000000000000000000000000000000000000000000000000000000000000000000000000000000000000000000000000000000000064,1,1,0,000000000000000000000000000000000000000000000000000000000000000000000000000000000000000000000000000191014082cc860000000000000000
624,624,0,1,1,0,00000000000000000000000000000000000000000000000000000000000000000000000000000000000000000000000000000000000000000000000039020000,1,1,0,0000000000000000000000000000000000000000000000000000000000000000000000000000000000000000000000000001834040c03c340000000000000000
625,625,0,1,1,0,000000000000000000000000000000000000000000000000000000000000000000000000000000000000000000000000000000000000000000000000000003fe,1,1,0,0000000000000000000000000000000000000000000000000000000000000000000000000000000000000000000000000001834141201e180000000000000000
626,626,0,1,1,0,00000000000000000000000000000000000000000000000000000000000000000000000000000000000000000000000000000000000000000000000000120057,1,1,0,0000000000000000000000000000000000000000000000000000000000000000000000000000000000000000000000000001854040c1b0600000000000000000
627,627,0,1,1,0,00000000000000000000000000000000000000000000000000000000000000000000000000000000000000000000000000000000000000000000000000000000,1,1,0,00000000000000000000000000000000000000000000000000000000000000000000000000000000000000000000000000018541c11f27d00000000000000000
628,628,0,1,1,0,00000000000000000000000000000000000000000000000000000000000000000000000000000000000000000000000000000000000000000000000000000000,1,1,0,00000000000000000000000000000000000000000000000000000000000000000000000000000000000000000000000000018740c1503e540000000000000000
629,629,0,1,1,0,00000000000000000000000000000000000000000000000000000000000000000000000000000000000000000000000000000000000000000000000000000000,1,1,0,00000000000000000000000000000000000000000000000000000000000000000000000000000000000000000000000000018741c040f9580000000000000000
630,630,0,1,1,0,00000000000000000000000000000000000000000000000000000000000000000000000000000000000000000000000000000000000000000000000000010004,1,1,0,00000000000000000000000000000000000000000000000000000000000000000000000000000000000000000000000000018940c223a2900000000000000000
631,631,0,1,1,0,00000000000000000000000000000000000000000000000000000000000000000000000000000000000000000000000000000000000000000000000000020000,1,1,0,0000000000000000000000000000000000000000000000000000000000000000000000000000000000000000000000000001894141e0bae00000000000000000
632,632,0,1,1,0,00000000000000000000000000000000000000000000000000000000000000000000000000000000000000000000000000000000000000000000000000000001,1,1,0,00000000000000000000000000000000000000000000000000000000000000000000000000000000000000000000000000018b4041c890d00000000000000000
633,633,0,1,1,0,000000000000000000000000000000000000000000000000000000000000000000000000000000000000000000000000000000000000000000000000ffffffff,1,1,0,00000000000000000000000000000000000000000000000000000000000000000000000000000000000000000000000000018b41c22fb7940000000000000000
634,634,0,1,1,0,000000000000000000000000000000000000000000000000000000000000000000000000000000000000000000000000000000000000000000000000ffffffff,1,1,0,00000000000000000000000000000000000000000000000000000000000000000000000000000000000000000000000000018d404121bc940000000000000000
635,635,0,1,1,0,000000000000000000000000000000000000000000000000000000000000000000000000000000000000000000000000000000000000000000000000ffffffff,1,1,0,00000000000000000000000000000000000000000000000000000000000000000000000000000000000000000000000000018d4140e379280000000000000000
636,636,0,1,1,0,000000000000000000000000000000000000000000000000000000000000000000000000000000000000000000000000000000000000000000000000ffffffff,1,1,0,00000000000000000000000000000000000000000000000000000000000000000000000000000000000000000000000000018f4041a23e340000000000000000
637,637,0,1,1,0,000000000000000000000000000000000000000000000000000000000000000000000000000000000000000000000000000000000000000000000000ffffffff,1,1,0,00000000000000000000000000000000000000000000000000000000000000000000000000000000000000000000000000018f413e8f8d000000000000000000
638,638,0,1,1,0,000000000000000000000000000000000000000000000000000000000000000000000000000000000000000000000000000000000000000000000000ffffffff,1,1,0,00000000000000000000000000000000000000000000000000000000000000000000000000000000000000000000000000019140c18e04840000000000000000
639,639,0,1,1,0,000000000000000000000000000000000000000000000000000000000000000000000000000000000000000000000000000000000000000000000000ffffffff,1,1,0,00000000000000000000000000000000000000000000000000000000000000000000000000000000000000000000000000019141c18e04840000000000000000
640,640,0,1,1,0,000000000000000000000000000000000000000000000000000000000000000000000000000000000000000000000000000000000000000000000000ffffffff,0,1,0,00000000000000000000000000000000000000000000000000000000000000000000000000000000000000000000000000018180bf80b5400000000000000000
641,641,0,1,1,0,00000000000000000000000000000000000000000000000000000000000000000000000000000000000000000000000000000000000000000000000000000000,1,1,0,000000000000000000000000000000000000000000000000000000000000000000000000000000000000000000000000000181bebf80b5400000000000000000
642,642,0,1,1,0,00000000000000000000000000000000000000000000000000000000000000000000000000000000000000000000000000000000000000000000000000000000,1,1,0,000000000000000000000000000000000000000000000000000000000000000000000000000000000000000000000000000181bfc20805a80000000000000000
643,643,0,1,1,0,00000000000000000000000000000000000000000000000000000000000000000000000000000000000000000000000000000000000000000000000000000000,1,1,0,000000000000000000000000000000000000000000000000000000000000000000000000000000000000000000000000000183be419986f00000000000000000
644,644,0,1,1,0,00000000000000000000000000000000000000000000000000000000000000000000000000000000000000000000000000000000000000000000000000000000,1,1,0,000000000000000000000000000000000000000000000000000000000000000000000000000000000000000000000000000183bf41230de40000000000000000
645,645,0,1,1,0,00000000000000000000000000000000000000000000000000000000000000000000000000000000000000000000000000000000000000000000000000000000,1,1,0,000000000000000000000000000000000000000000000000000000000000000000000000000000000000000000000000000185bec13ec0c80000000000000000
646,646,0,1,1,0,00000000000000000000000000000000000000000000000000000000000000000000000000000000000000000000000000000000000000000000000000000000,1,1,0,000000000000000000000000000000000000000000000000000000000000000000000000000000000000000000000000000185bf41113f360000000000000000
647,647,0,1,1,0,00000000000000000000000000000000000000000000000000000000000000000000000000000000000000000000000000000000000000000000000000000000,1,1,0,000000000000000000000000000000000000000000000000000000000000000000000000000000000000000000000000000187be40a461300000000000000000
648,648,0,1,1,0,00000000000000000000000000000000000000000000000000000000000000000000000000000000000000000000000000000000000000000000000000000000,1,1,0,000000000000000000000000000000000000000000000000000000000000000000000000000000000000000000000000000187bfc0fb9ed00000000000000000
649,649,0,1,1,0,00000000000000000000000000000000000000000000000000000000000000000000000000000000000000000000000000000000000000000000000000006a6a,1,1,0,000000000000000000000000000000000000000000000000000000000000000000000000000000000000000000000000000189bec287ab300000000000000000
650,650,0,1,1,0,0000000000000000000000000000000000000000000000000000000000000000000000000000000000000000000000000000000000000000000000006f6f6e6e,1,1,0,000000000000000000000000000000000000000000000000000000000000000000000000000000000000000000000000000189bf4102a66e0000000000000000
651,651,0,1,1,0,0000000000000000000000000000000000000000000000000000000000000000000000000000000000000000000000000000000000000000000000006b6b2012,1,1,0,00000000000000000000000000000000000000000000000000000000000000000000000000000000000000000000000000018bbe416280c80000000000000000
652,652,0,1,1,0,00000000000000000000000000000000000000000000000000000000000000000000000000000000000000000000000000000000000000000000000020172001,1,1,0,00000000000000000000000000000000000000000000000000000000000000000000000000000000000000000000000000018bbf428650180000000000000000
653,653,0,1,1,0,0000000000000000000000000000000000000000000000000000000000000000000000000000000000000000000000000000000000000000000000002006000a,1,1,0,00000000000000000000000000000000000000000000000000000000000000000000000000000000000000000000000000018dbebfece7d00000000000000000
654,654,0,1,1,0,00000000000000000000000000000000000000000000000000000000000000000000000000000000000000000000000000000000000000000000000020112013,1,1,0,00000000000000000000000000000000000000000000000000000000000000000000000000000000000000000000000000018dbfc09b39f40000000000000000
655,655,0,1,1,0,00000000000000000000000000000000000000000000000000000000000000000000000000000000000000000000000000000000000000000000000000040004,1,1,0,00000000000000000000000000000000000000000000000000000000000000000000000000000000000000000000000000018fbec17a5d900000000000000000
656,656,0,1,1,0,000000000000000000000000000000000000000000000000000000000000000000000000000000000000000000000000000000000000000000000000201c2002,1,1,0,00000000000000000000000000000000000000000000000000000000000000000000000000000000000000000000000000018fbf4284b44c0000000000000000
657,657,0,1,1,0,00000000000000000000000000000000000000000000000000000000000000000000000000000000000000000000000000000000000000000000000020112014,1,1,0,000000000000000000000000000000000000000000000000000000000000000000000000000000000000000000000000000181fe4143a1cc0000000000000000
658,658,0,1,1,0,000000000000000000000000000000000000000000000000000000000000000000000000000000000000000000000000000000000000000000000000201d2006,1,1,0,000000000000000000000000000000000000000000000000000000000000000000000000000000000000000000000000000181ff4143a1cc0000000000000000
659,659,0,1,1,0,00000000000000000000000000000000000000000000000000000000000000000000000000000000000000000000000000000000000000000000000020240035,1,1,0,000000000000000000000000000000000000000000000000000000000000000000000000000000000000000000000000000183fe412089980000000000000000
660,660,0,1,1,0,0000000000000000000000000000000000000000000000000000000000000000000000000000000000000000000000000000000000000000000000000000001e,1,1,0,000000000000000000000000000000000000000000000000000000000000000000000000000000000000000000000000000183ff3d0998000000000000000000
661,661,0,1,1,0,00000000000000000000000000000000000000000000000000000000000000000000000000000000000000000000000000000000000000000000000020110000,1,1,0,000000000000000000000000000000000000000000000000000000000000000000000000000000000000000000000000000185fe3f8128180000000000000000
662,662,0,1,1,0,00000000000000000000000000000000000000000000000000000000000000000000000000000000000000000000000000000000000000000000000020090004,1,1,0,000000000000000000000000000000000000000000000000000000000000000000000000000000000000000000000000000185ffc15fdaf80000000000000000
663,663,0,1,1,0,0000000000000000000000000000000000000000000000000000000000000000000000000000000000000000000000000000000000000000000000000001201d,1,1,0,000000000000000000000000000000000000000000000000000000000000000000000000000000000000000000000000000187fe40e5a7b00000000000000000
664,664,0,1,1,0,00000000000000000000000000000000000000000000000000000000000000000000000000000000000000000000000000000000000000000000000020132005,1,1,0,000000000000000000000000000000000000000000000000000000000000000000000000000000000000000000000000000187ffc21f4b080000000000000000
665,665,0,1,1,0,0000000000000000000000000000000000000000000000000000000000000000000000000000000000000000000000000000000000000000000000000002200c,1,1,0,000000000000000000000000000000000000000000000000000000000000000000000000000000000000000000000000000189fe41a8bf500000000000000000
666,666,0,1,1,0,00000000000000000000000000000000000000000000000000000000000000000000000000000000000000000000000000000000000000000000000000050005,1,1,0,000000000000000000000000000000000000000000000000000000000000000000000000000000000000000000000000000189ffc227a0540000000000000000
667,667,0,1,1,0,000000000000000000000000000000000000000000000000000000000000000000000000000000000000000000000000000000000000000000000000200e000b,1,1,0,00000000000000000000000000000000000000000000000000000000000000000000000000000000000000000000000000018bfe41e921a00000000000000000
668,668,0,1,1,0,000000000000000000000000000000000000000000000000000000000000000000000000000000000000000000000000000000000000000000000000001d2010,1,1,0,00000000000000000000000000000000000000000000000000000000000000000000000000000000000000000000000000018bff421490d00000000000000000
669,669,0,1,1,0,000000000000000000000000000000000000000000000000000000000000000000000000000000000000000000000000000000000000000000000000200e200f,1,1,0,00000000000000000000000000000000000000000000000000000000000000000000000000000000000000000000000000018dfe3f964e600000000000000000
670,670,0,1,1,0,0000000000000000000000000000000000000000000000000000000000000000000000000000000000000000000000000000000000000000000000002009200b,1,1,0,00000000000000000000000000000000000000000000000000000000000000000000000000000000000000000000000000018dff408593980000000000000000
671,671,0,1,1,0,00000000000000000000000000000000000000000000000000000000000000000000000000000000000000000000000000000000000000000000000000022004,1,1,0,00000000000000000000000000000000000000000000000000000000000000000000000000000000000000000000000000018ffec0d265f00000000000000000
672,672,0,1,1,0,00000000000000000000000000000000000000000000000000000000000000000000000000000000000000000000000000000000000000000000000020070002,1,1,0,00000000000000000000000000000000000000000000000000000000000000000000000000000000000000000000000000018fff405b34180000000000000000
673,673,0,1,1,0,0000000000000000000000000000000000000000000000000000000000000000000000000000000000000000000000000000000000000000000000002004000f,1,1,0,0000000000000000000000000000000000000000000000000000000000000000000000000000000000000000000000000001823e40e658e40000000000000000
674,674,0,1,1,0,00000000000000000000000000000000000000000000000000000000000000000000000000000000000000000000000000000000000000000000000000000003,1,1,0,0000000000000000000000000000000000000000000000000000000000000000000000000000000000000000000000000001823fc0734e300000000000000000
675,675,0,1,1,0,00000000000000000000000000000000000000000000000000000000000000000000000000000000000000000000000000000000000000000000000020052013,1,1,0,0000000000000000000000000000000000000000000000000000000000000000000000000000000000000000000000000001843e42588df80000000000000000
676,676,0,1,1,0,00000000000000000000000000000000000000000000000000000000000000000000000000000000000000000000000000000000000000000000000000072005,1,1,0,0000000000000000000000000000000000000000000000000000000000000000000000000000000000000000000000000001843f40e46fcc0000000000000000
677,677,0,1,1,0,0000000000000000000000000000000000000000000000000000000000000000000000000000000000000000000000000000000000000000000000002005200d,1,1,0,0000000000000000000000000000000000000000000000000000000000000000000000000000000000000000000000000001863ec1efa6c80000000000000000
678,678,0,1,1,0,0000000000000000000000000000000000000000000000000000000000000000000000000000000000000000000000000000000000000000000000002004000c,1,1,0,0000000000000000000000000000000000000000000000000000000000000000000000000000000000000000000000000001863fc03d36580000000000000000
679,679,0,1,1,0,00000000000000000000000000000000000000000000000000000000000000000000000000000000000000000000000000000000000000000000000020022009,1,1,0,0000000000000000000000000000000000000000000000000000000000000000000000000000000000000000000000000001883ec12b62100000000000000000
680,680,0,1,1,0,000000000000000000000000000000000000000000000000000000000000000000000000000000000000000000000000000000000000000000000000000c0009,1,1,0,0000000000000000000000000000000000000000000000000000000000000000000000000000000000000000000000000001883f41249dec0000000000000000
681,681,0,1,1,0,00000000000000000000000000000000000000000000000000000000000000000000000000000000000000000000000000000000000000000000000000210000,1,1,0,00000000000000000000000000000000000000000000000000000000000000000000000000000000000000000000000000018a3ec0ff40700000000000000000
682,682,0,1,1,0,00000000000000000000000000000000000000000000000000000000000000000000000000000000000000000000000000000000000000000000000020290001,1,1,0,00000000000000000000000000000000000000000000000000000000000000000000000000000000000000000000000000018a3fc17fa0380000000000000000
683,683,0,1,1,0,00000000000000000000000000000000000000000000000000000000000000000000000000000000000000000000000000000000000000000000000000022016,1,1,0,00000000000000000000000000000000000000000000000000000000000000000000000000000000000000000000000000018c3ec1e63d480000000000000000
684,684,0,1,1,0,0000000000000000000000000000000000000000000000000000000000000000000000000000000000000000000000000000000000000000000000000004201f,1,1,0,00000000000000000000000000000000000000000000000000000000000000000000000000000000000000000000000000018c3f4163856c0000000000000000
685,685,0,1,1,0,0000000000000000000000000000000000000000000000000000000000000000000000000000000000000000000000000000000000000000000000002002201f,1,1,0,00000000000000000000000000000000000000000000000000000000000000000000000000000000000000000000000000018e3e41b969100000000000000000
686,686,0,1,1,0,000000000000000000000000000000000000000000000000000000000000000000000000000000000000000000000000000000000000000000000000001d2002,1,1,0,00000000000000000000000000000000000000000000000000000000000000000000000000000000000000000000000000018e3f41c969100000000000000000
687,687,0,1,1,0,000000000000000000000000000000000000000000000000000000000000000000000000000000000000000000000000000000000000000000000000200e0004,1,1,0,0000000000000000000000000000000000000000000000000000000000000000000000000000000000000000000000000001903e42213da40000000000000000
688,688,0,1,1,0,00000000000000000000000000000000000000000000000000000000000000000000000000000000000000000000000000000000000000000000000020090002,1,1,0,0000000000000000000000000000000000000000000000000000000000000000000000000000000000000000000000000001903fc1b584b40000000000000000
689,689,0,1,1,0,0000000000000000000000000000000000000000000000000000000000000000000000000000000000000000000000000000000000000000000000000024000b,1,1,0,0000000000000000000000000000000000000000000000000000000000000000000000000000000000000000000000000001827e410075d00000000000000000
690,690,0,1,1,0,00000000000000000000000000000000000000000000000000000000000000000000000000000000000000000000000000000000000000000000000020052011,1,1,0,0000000000000000000000000000000000000000000000000000000000000000000000000000000000000000000000000001827fc1afc5180000000000000000
691,691,0,1,1,0,000000000000000000000000000000000000000000000000000000000000000000000000000000000000000000000000000000000000000000000000000b0018,1,1,0,0000000000000000000000000000000000000000000000000000000000000000000000000000000000000000000000000001847e41f84ea40000000000000000
692,692,0,1,1,0,0000000000000000000000000000000000000000000000000000000000000000000000000000000000000000000000000000000000000000000000000001200c,1,1,0,0000000000000000000000000000000000000000000000000000000000000000000000000000000000000000000000000001847fc14f62b40000000000000000
693,693,0,1,1,0,00000000000000000000000000000000000000000000000000000000000000000000000000000000000000000000000000000000000000000000000000052022,1,1,0,0000000000000000000000000000000000000000000000000000000000000000000000000000000000000000000000000001867e409ed92c0000000000000000
694,694,0,1,1,0,00000000000000000000000000000000000000000000000000000000000000000000000000000000000000000000000000000000000000000000000000030010,1,1,0,0000000000000000000000000000000000000000000000000000000000000000000000000000000000000000000000000001867fc15093680000000000000000
695,695,0,1,1,0,0000000000000000000000000000000000000000000000000000000000000000000000000000000000000000000000000000000000000000000000000005200c,1,1,0,0000000000000000000000000000000000000000000000000000000000000000000000000000000000000000000000000001887ebf4d16a00000000000000000
696,696,0,1,1,0,00000000000000000000000000000000000000000000000000000000000000000000000000000000000000000000000000000000000000000000000020102001,1,1,0,0000000000000000000000000000000000000000000000000000000000000000000000000000000000000000000000000001887fc1ae68b40000000000000000
697,697,0,1,1,0,0000000000000000000000000000000000000000000000000000000000000000000000000000000000000000000000000000000000000000000000000014201c,1,1,0,00000000000000000000000000000000000000000000000000000000000000000000000000000000000000000000000000018a7ec197ad0c0000000000000000
698,698,0,1,1,0,000000000000000000000000000000000000000000000000000000000000000000000000000000000000000000000000000000000000000000000000000d0009,1,1,0,00000000000000000000000000000000000000000000000000000000000000000000000000000000000000000000000000018a7fc16f5a180000000000000000
699,699,0,1,1,0,00000000000000000000000000000000000000000000000000000000000000000000000000000000000000000000000000000000000000000000000000190005,1,1,0,00000000000000000000000000000000000000000000000000000000000000000000000000000000000000000000000000018c7ec1c5eec00000000000000000
700,700,0,1,1,0,000000000000000000000000000000000000000000000000000000000000000000000000000000000000000000000000000000000000000000000000000a0014,1,1,0,00000000000000000000000000000000000000000000000000000000000000000000000000000000000000000000000000018c7fc0d7bb080000000000000000
701,701,0,1,1,0,0000000000000000000000000000000000000000000000000000000000000000000000000000000000000000000000000000000000000000000000000007200f,1,1,0,00000000000000000000000000000000000000000000000000000000000000000000000000000000000000000000000000018e7ec20b7cdc0000000000000000
702,702,0,1,1,0,000000000000000000000000000000000000000000000000000000000000000000000000000000000000000000000000000000000000000000000000001f2009,1,1,0,00000000000000000000000000000000000000000000000000000000000000000000000000000000000000000000000000018e7fc11df3700000000000000000
703,703,0,1,1,0,00000000000000000000000000000000000000000000000000000000000000000000000000000000000000000000000000000000000000000000000020052025,1,1,0,0000000000000000000000000000000000000000000000000000000000000000000000000000000000000000000000000001907e4192c0d80000000000000000
704,704,0,1,1,0,00000000000000000000000000000000000000000000000000000000000000000000000000000000000000000000000000000000000000000000000020130007,1,1,0,0000000000000000000000000000000000000000000000000000000000000000000000000000000000000000000000000001907f413581b40000000000000000
705,705,0,1,1,0,00000000000000000000000000000000000000000000000000000000000000000000000000000000000000000000000000000000000000000000000020010006,1,1,0,000000000000000000000000000000000000000000000000000000000000000000000000000000000000000000000000000182bec0b6db480000000000000000
706,706,0,1,1,0,00000000000000000000000000000000000000000000000000000000000000000000000000000000000000000000000000000000000000000000000020160013,1,1,0,000000000000000000000000000000000000000000000000000000000000000000000000000000000000000000000000000182bfc18db6d00000000000000000
707,707,0,1,1,0,000000000000000000000000000000000000000000000000000000000000000000000000000000000000000000000000000000000000000000000000203d000c,1,1,0,000000000000000000000000000000000000000000000000000000000000000000000000000000000000000000000000000184be41a85abc0000000000000000
708,708,0,1,1,0,000000000000000000000000000000000000000000000000000000000000000000000000000000000000000000000000000000000000000000000000200a2011,1,1,0,000000000000000000000000000000000000000000000000000000000000000000000000000000000000000000000000000184bfc17f4a800000000000000000
709,709,0,1,1,0,00000000000000000000000000000000000000000000000000000000000000000000000000000000000000000000000000000000000000000000000000192028,1,1,0,000000000000000000000000000000000000000000000000000000000000000000000000000000000000000000000000000186be421bf2640000000000000000
710,710,0,1,1,0,00000000000000000000000000000000000000000000000000000000000000000000000000000000000000000000000000000000000000000000000000062007,1,1,0,000000000000000000000000000000000000000000000000000000000000000000000000000000000000000000000000000186bfc14036600000000000000000
711,711,0,1,1,0,0000000000000000000000000000000000000000000000000000000000000000000000000000000000000000000000000000000000000000000000002014000a,1,1,0,000000000000000000000000000000000000000000000000000000000000000000000000000000000000000000000000000188bec1a770bc0000000000000000
712,712,0,1,1,0,0000000000000000000000000000000000000000000000000000000000000000000000000000000000000000000000000000000000000000000000002018201b,1,1,0,000000000000000000000000000000000000000000000000000000000000000000000000000000000000000000000000000188bf41311e840000000000000000
713,713,0,1,1,0,00000000000000000000000000000000000000000000000000000000000000000000000000000000000000000000000000000000000000000000000000182012,1,1,0,00000000000000000000000000000000000000000000000000000000000000000000000000000000000000000000000000018abec22bc1040000000000000000
714,714,0,1,1,0,000000000000000000000000000000000000000000000000000000000000000000000000000000000000000000000000000000000000000000000000200b200a,1,1,0,00000000000000000000000000000000000000000000000000000000000000000000000000000000000000000000000000018abfc19f820c0000000000000000
715,715,0,1,1,0,000000000000000000000000000000000000000000000000000000000000000000000000000000000000000000000000000000000000000000000000201e200e,1,1,0,00000000000000000000000000000000000000000000000000000000000000000000000000000000000000000000000000018cbec17adf680000000000000000
716,716,0,1,1,0,00000000000000000000000000000000000000000000000000000000000000000000000000000000000000000000000000000000000000000000000000000000,1,1,0,00000000000000000000000000000000000000000000000000000000000000000000000000000000000000000000000000018cbf410520920000000000000000
717,717,0,1,1,0,00000000000000000000000000000000000000000000000000000000000000000000000000000000000000000000000000000000000000000000000000000000,1,1,0,00000000000000000000000000000000000000000000000000000000000000000000000000000000000000000000000000018ebe416422380000000000000000
718,718,0,1,1,0,00000000000000000000000000000000000000000000000000000000000000000000000000000000000000000000000000000000000000000000000000000000,1,1,0,00000000000000000000000000000000000000000000000000000000000000000000000000000000000000000000000000018ebf4182111c0000000000000000
719,719,0,1,1,0,00000000000000000000000000000000000000000000000000000000000000000000000000000000000000000000000000000000000000000000000000000000,1,1,0,000000000000000000000000000000000000000000000000000000000000000000000000000000000000000000000000000190be408827720000000000000000
720,720,0,1,1,0,00000000000000000000000000000000000000000000000000000000000000000000000000000000000000000000000000000000000000000000000000170003,1,1,0,000000000000000000000000000000000000000000000000000000000000000000000000000000000000000000000000000190bfc232fb100000000000000000
721,721,0,1,0,0,00000000000000000000000000000000000000000000000000000000000000000000000000000000000000000000000000000000000000000000000012345678,1,1,0,000000000000000000000000000000000000000000000000000000000000000000000000000000000000000000000000000182fe412103700000000000000000
722,722,0,1,0,0,00000000000000000000000000000000000000000000000000000000000000000000000000000000000000000000000000000000000000000000000012345678,1,1,0,000000000000000000000000000000000000000000000000000000000000000000000000000000000000000000000000000182ffbf6fc8f00000000000000000
723,723,0,1,0,0,00000000000000000000000000000000000000000000000000000000000000000000000000000000000000000000000000000000000000000000000012345678,1,1,0,000000000000000000000000000000000000000000000000000000000000000000000000000000000000000000000000000184fe41012f000000000000000000
724,724,0,1,0,0,00000000000000000000000000000000000000000000000000000000000000000000000000000000000000000000000000000000000000000000000012345678,1,1,0,000000000000000000000000000000000000000000000000000000000000000000000000000000000000000000000000000184ff40e25e000000000000000000
725,725,0,1,0,0,00000000000000000000000000000000000000000000000000000000000000000000000000000000000000000000000000000000000000000000000012345678,1,1,0,000000000000000000000000000000000000000000000000000000000000000000000000000000000000000000000000000186fec207858c0000000000000000
726,726,0,1,0,0,00000000000000000000000000000000000000000000000000000000000000000000000000000000000000000000000000000000000000000000000012345678,1,1,0,000000000000000000000000000000000000000000000000000000000000000000000000000000000000000000000000000186ffc03858d00000000000000000
727,727,0,1,0,0,00000000000000000000000000000000000000000000000000000000000000000000000000000000000000000000000000000000000000000000000012345678,1,1,0,000000000000000000000000000000000000000000000000000000000000000000000000000000000000000000000000000188fec1af94b80000000000000000
728,728,0,1,1,0,00000000000000000000000000000000000000000000000000000000000000000000000000000000000000000000000000000000000000000000000012345678,1,1,0,000000000000000000000000000000000000000000000000000000000000000000000000000000000000000000000000000188ffc14f29740000000000000000
729,729,0,1,1,0,000000000000000000000000000000000000000000000000000000000000000000000000000000000000000000000000000000000000000000000000778180a6,1,1,0,00000000000000000000000000000000000000000000000000000000000000000000000000000000000000000000000000018afec203dfbc0000000000000000
730,730,0,1,1,0,0000000000000000000000000000000000000000000000000000000000000000000000000000000000000000000000000000000000000000000000000301000c,1,1,0,00000000000000000000000000000000000000000000000000000000000000000000000000000000000000000000000000018affc203dfbc0000000000000000
731,731,0,1,1,0,00000000000000000000000000000000000000000000000000000000000000000000000000000000000000000000000000000000000000000000000000410143,1,1,0,00000000000000000000000000000000000000000000000000000000000000000000000000000000000000000000000000018cfec15cbbd00000000000000000
732,732,0,1,1,0,00000000000000000000000000000000000000000000000000000000000000000000000000000000000000000000000000000000000000000000000000069585,1,1,0,00000000000000000000000000000000000000000000000000000000000000000000000000000000000000000000000000018cff3f9a21880000000000000000
733,733,0,1,1,0,000000000000000000000000000000000000000000000000000000000000000000000000000000000000000000000000000000000000000000000000760297fa,1,1,0,00000000000000000000000000000000000000000000000000000000000000000000000000000000000000000000000000018efec16a09280000000000000000
734,734,0,1,1,0,00000000000000000000000000000000000000000000000000000000000000000000000000000000000000000000000000000000000000000000000000000c63,1,1,0,00000000000000000000000000000000000000000000000000000000000000000000000000000000000000000000000000018effc09412500000000000000000
735,735,0,1,1,0,00000000000000000000000000000000000000000000000000000000000000000000000000000000000000000000000000000000000000000000000000000084,1,1,0,000000000000000000000000000000000000000000000000000000000000000000000000000000000000000000000000000190fec22f6dec0000000000000000
736,736,0,1,1,0,00000000000000000000000000000000000000000000000000000000000000000000000000000000000000000000000000000000000000000000000000000004,1,1,0,000000000000000000000000000000000000000000000000000000000000000000000000000000000000000000000000000190ff4102484a0000000000000000
737,737,0,1,1,0,00000000000000000000000000000000000000000000000000000000000000000000000000000000000000000000000000000000000000000000000000000064,1,1,0,0000000000000000000000000000000000000000000000000000000000000000000000000000000000000000000000000001833e3decb4800000000000000000
738,738,0,1,1,0,00000000000000000000000000000000000000000000000000000000000000000000000000000000000000000000000000000000000000000000000039fa0000,1,1,0,0000000000000000000000000000000000000000000000000000000000000000000000000000000000000000000000000001833fc10e26940000000000000000
739,739,0,1,1,0,000000000000000000000000000000000000000000000000000000000000000000000000000000000000000000000000000000000000000000000000000003b0,1,1,0,0000000000000000000000000000000000000000000000000000000000000000000000000000000000000000000000000001853e3dd4fd800000000000000000
740,740,0,1,1,0,00000000000000000000000000000000000000000000000000000000000000000000000000000000000000000000000000000000000000000000000000120057,1,1,0,0000000000000000000000000000000000000000000000000000000000000000000000000000000000000000000000000001853fc03958100000000000000000
741,741,0,1,1,0,00000000000000000000000000000000000000000000000000000000000000000000000000000000000000000000000000000000000000000000000000000000,1,1,0,0000000000000000000000000000000000000000000000000000000000000000000000000000000000000000000000000001873ec16ef1100000000000000000
742,742,0,1,1,0,00000000000000000000000000000000000000000000000000000000000000000000000000000000000000000000000000000000000000000000000000000000,1,1,0,0000000000000000000000000000000000000000000000000000000000000000000000000000000000000000000000000001873fc18f78880000000000000000
743,743,0,1,1,0,00000000000000000000000000000000000000000000000000000000000000000000000000000000000000000000000000000000000000000000000000000000,1,1,0,0000000000000000000000000000000000000000000000000000000000000000000000000000000000000000000000000001893e41c045c00000000000000000
744,744,0,1,1,0,00000000000000000000000000000000000000000000000000000000000000000000000000000000000000000000000000000000000000000000000000010004,1,1,0,0000000000000000000000000000000000000000000000000000000000000000000000000000000000000000000000000001893fbf7747d00000000000000000
745,745,0,1,1,0,00000000000000000000000000000000000000000000000000000000000000000000000000000000000000000000000000000000000000000000000000020000,1,1,0,00000000000000000000000000000000000000000000000000000000000000000000000000000000000000000000000000018b3ec1879a040000000000000000
746,746,0,1,1,0,00000000000000000000000000000000000000000000000000000000000000000000000000000000000000000000000000000000000000000000000000000001,1,1,0,00000000000000000000000000000000000000000000000000000000000000000000000000000000000000000000000000018b3fc16f34080000000000000000
747,747,0,1,1,0,000000000000000000000000000000000000000000000000000000000000000000000000000000000000000000000000000000000000000000000000ffffffff,1,1,0,00000000000000000000000000000000000000000000000000000000000000000000000000000000000000000000000000018d3e3e1f49000000000000000000
748,748,0,1,1,0,000000000000000000000000000000000000000000000000000000000000000000000000000000000000000000000000000000000000000000000000ffffffff,1,1,0,00000000000000000000000000000000000000000000000000000000000000000000000000000000000000000000000000018d3fc27760b80000000000000000
749,749,0,1,1,0,000000000000000000000000000000000000000000000000000000000000000000000000000000000000000000000000000000000000000000000000ffffffff,1,1,0,00000000000000000000000000000000000000000000000000000000000000000000000000000000000000000000000000018f3e40cdf2840000000000000000
750,750,0,1,1,0,000000000000000000000000000000000000000000000000000000000000000000000000000000000000000000000000000000000000000000000000ffffffff,1,1,0,00000000000000000000000000000000000000000000000000000000000000000000000000000000000000000000000000018f3f41a37ca00000000000000000
751,751,0,1,1,0,000000000000000000000000000000000000000000000000000000000000000000000000000000000000000000000000000000000000000000000000ffffffff,1,1,0,0000000000000000000000000000000000000000000000000000000000000000000000000000000000000000000000000001913e41b8b3200000000000000000
752,752,0,1,1,0,000000000000000000000000000000000000000000000000000000000000000000000000000000000000000000000000000000000000000000000000ffffffff,1,1,0,0000000000000000000000000000000000000000000000000000000000000000000000000000000000000000000000000001913f413166400000000000000000
753,753,0,1,1,0,000000000000000000000000000000000000000000000000000000000000000000000000000000000000000000000000000000000000000000000000ffffffff,1,1,0,0000000000000000000000000000000000000000000000000000000000000000000000000000000000000000000000000001837e41980f0c0000000000000000
754,754,0,1,1,0,000000000000000000000000000000000000000000000000000000000000000000000000000000000000000000000000000000000000000000000000ffffffff,1,1,0,0000000000000000000000000000000000000000000000000000000000000000000000000000000000000000000000000001837fc07f87980000000000000000
755,755,0,1,1,0,00000000000000000000000000000000000000000000000000000000000000000000000000000000000000000000000000000000000000000000000000000000,1,1,0,0000000000000000000000000000000000000000000000000000000000000000000000000000000000000000000000000001857ec12f27d00000000000000000
756,756,0,1,1,0,00000000000000000000000000000000000000000000000000000000000000000000000000000000000000000000000000000000000000000000000000000000,1,1,0,0000000000000000000000000000000000000000000000000000000000000000000000000000000000000000000000000001857fc19793e80000000000000000
757,757,0,1,1,0,00000000000000000000000000000000000000000000000000000000000000000000000000000000000000000000000000000000000000000000000000000000,1,1,0,0000000000000000000000000000000000000000000000000000000000000000000000000000000000000000000000000001877ec1003e540000000000000000
758,758,0,1,1,0,00000000000000000000000000000000000000000000000000000000000000000000000000000000000000000000000000000000000000000000000000000000,1,1,0,0000000000000000000000000000000000000000000000000000000000000000000000000000000000000000000000000001877fc1203e540000000000000000
759,759,0,1,1,0,00000000000000000000000000000000000000000000000000000000000000000000000000000000000000000000000000000000000000000000000000000000,1,1,0,0000000000000000000000000000000000000000000000000000000000000000000000000000000000000000000000000001897e416175c00000000000000000
760,760,0,1,1,0,00000000000000000000000000000000000000000000000000000000000000000000000000000000000000000000000000000000000000000000000000000000,1,1,0,0000000000000000000000000000000000000000000000000000000000000000000000000000000000000000000000000001897f41a8bae00000000000000000
761,761,0,1,1,0,00000000000000000000000000000000000000000000000000000000000000000000000000000000000000000000000000000000000000000000000000000000,1,1,0,00000000000000000000000000000000000000000000000000000000000000000000000000000000000000000000000000018b7ec0bdbcb00000000000000000
762,762,0,1,1,0,00000000000000000000000000000000000000000000000000000000000000000000000000000000000000000000000000000000000000000000000000000000,1,1,0,00000000000000000000000000000000000000000000000000000000000000000000000000000000000000000000000000018b7f40a2434a0000000000000000
763,763,0,1,1,0,00000000000000000000000000000000000000000000000000000000000000000000000000000000000000000000000000000000000000000000000000000202,1,1,0,00000000000000000000000000000000000000000000000000000000000000000000000000000000000000000000000000018d7e4188de4a0000000000000000
764,764,0,1,1,0,00000000000000000000000000000000000000000000000000000000000000000000000000000000000000000000000000000000000000000000000001010303,1,1,0,00000000000000000000000000000000000000000000000000000000000000000000000000000000000000000000000000018d7fc21790d80000000000000000
765,765,0,1,1,0,00000000000000000000000000000000000000000000000000000000000000000000000000000000000000000000000000000000000000000000000006062014,1,1,0,00000000000000000000000000000000000000000000000000000000000000000000000000000000000000000000000000018f7ec20ae0e40000000000000000
766,766,0,1,1,0,00000000000000000000000000000000000000000000000000000000000000000000000000000000000000000000000000000000000000000000000020022010,1,1,0,00000000000000000000000000000000000000000000000000000000000000000000000000000000000000000000000000018f7f41d23e340000000000000000
767,767,0,1,1,0,000000000000000000000000000000000000000000000000000000000000000000000000000000000000000000000000000000000000000000000000200a000c,1,1,0,0000000000000000000000000000000000000000000000000000000000000000000000000000000000000000000000000001917ec1c604840000000000000000
768,768,0,1,1,0,000000000000000000000000000000000000000000000000000000000000000000000000000000000000000000000000000000000000000000000000201b0012,1,1,0,0000000000000000000000000000000000000000000000000000000000000000000000000000000000000000000000000001917fc1ae04840000000000000000
769,769,0,1,1,0,0000000000000000000000000000000000000000000000000000000000000000000000000000000000000000000000000000000000000000000000002007200d,0,1,0,000000000000000000000000000000000000000000000000000000000000000000000000000000000000000000000000000181bebf80b5400000000000000000
770,770,0,1,1,0,00000000000000000000000000000000000000000000000000000000000000000000000000000000000000000000000000000000000000000000000000080009,1,1,0,00000000000000000000000000000000000000000000000000000000000000000000000000000000000000000000000000019180c1a59d100000000000000000
771,771,0,1,1,0,000000000000000000000000000000000000000000000000000000000000000000000000000000000000000000000000000000000000000000000000000e0000,1,1,0,000000000000000000000000000000000000000000000000000000000000000000000000000000000000000000000000000191813fa62ed00000000000000000
772,772,0,1,1,0,00000000000000000000000000000000000000000000000000000000000000000000000000000000000000000000000000000000000000000000000020090006,1,1,0,00000000000000000000000000000000000000000000000000000000000000000000000000000000000000000000000000019380c06768b00000000000000000
773,773,0,1,1,0,00000000000000000000000000000000000000000000000000000000000000000000000000000000000000000000000000000000000000000000000020070009,1,1,0,00000000000000000000000000000000000000000000000000000000000000000000000000000000000000000000000000019381414625d00000000000000000
774,774,0,1,1,0,00000000000000000000000000000000000000000000000000000000000000000000000000000000000000000000000000000000000000000000000020112001,1,1,0,00000000000000000000000000000000000000000000000000000000000000000000000000000000000000000000000000019580c16ad8480000000000000000
775,775,0,1,1,0,00000000000000000000000000000000000000000000000000000000000000000000000000000000000000000000000000000000000000000000000000072017,1,1,0,00000000000000000000000000000000000000000000000000000000000000000000000000000000000000000000000000019581c1856c240000000000000000
776,776,0,1,1,0,00000000000000000000000000000000000000000000000000000000000000000000000000000000000000000000000000000000000000000000000000110000,1,1,0,0000000000000000000000000000000000000000000000000000000000000000000000000000000000000000000000000001978040ca54a00000000000000000
777,777,0,1,1,0,000000000000000000000000000000000000000000000000000000000000000000000000000000000000000000000000000000000000000000000000200f2009,1,1,0,0000000000000000000000000000000000000000000000000000000000000000000000000000000000000000000000000001978140ca54a00000000000000000
778,778,0,1,1,0,0000000000000000000000000000000000000000000000000000000000000000000000000000000000000000000000000000000000000000000000002001202f,1,1,0,00000000000000000000000000000000000000000000000000000000000000000000000000000000000000000000000000019980c1cce9ac0000000000000000
779,779,0,1,1,0,00000000000000000000000000000000000000000000000000000000000000000000000000000000000000000000000000000000000000000000000020162004,1,1,0,000000000000000000000000000000000000000000000000000000000000000000000000000000000000000000000000000199813ec594c00000000000000000
780,780,0,1,1,0,0000000000000000000000000000000000000000000000000000000000000000000000000000000000000000000000000000000000000000000000000003001f,1,1,0,00000000000000000000000000000000000000000000000000000000000000000000000000000000000000000000000000019b80c1658c600000000000000000
781,781,0,1,1,0,00000000000000000000000000000000000000000000000000000000000000000000000000000000000000000000000000000000000000000000000000142001,1,1,0,00000000000000000000000000000000000000000000000000000000000000000000000000000000000000000000000000019b81c18ac6300000000000000000
782,782,0,1,1,0,0000000000000000000000000000000000000000000000000000000000000000000000000000000000000000000000000000000000000000000000000001000a,1,1,0,00000000000000000000000000000000000000000000000000000000000000000000000000000000000000000000000000019d80c1bc23900000000000000000
783,783,0,1,1,0,000000000000000000000000000000000000000000000000000000000000000000000000000000000000000000000000000000000000000000000000201c200f,1,1,0,00000000000000000000000000000000000000000000000000000000000000000000000000000000000000000000000000019d81bf0472600000000000000000
784,784,0,1,1,0,000000000000000000000000000000000000000000000000000000000000000000000000000000000000000000000000000000000000000000000000201b0006,1,1,0,00000000000000000000000000000000000000000000000000000000000000000000000000000000000000000000000000019f80c1f3a5700000000000000000
785,785,0,1,1,0,00000000000000000000000000000000000000000000000000000000000000000000000000000000000000000000000000000000000000000000000020042020,1,1,0,00000000000000000000000000000000000000000000000000000000000000000000000000000000000000000000000000019f81426a2d440000000000000000
786,786,0,1,1,0,0000000000000000000000000000000000000000000000000000000000000000000000000000000000000000000000000000000000000000000000002005201b,1,1,0,000000000000000000000000000000000000000000000000000000000000000000000000000000000000000000000000000191c0401b48f00000000000000000
787,787,0,1,1,0,00000000000000000000000000000000000000000000000000000000000000000000000000000000000000000000000000000000000000000000000000120015,1,1,0,000000000000000000000000000000000000000000000000000000000000000000000000000000000000000000000000000191c14201b48e0000000000000000
788,788,0,1,1,0,00000000000000000000000000000000000000000000000000000000000000000000000000000000000000000000000000000000000000000000000020190047,1,1,0,000000000000000000000000000000000000000000000000000000000000000000000000000000000000000000000000000193c0c16b07180000000000000000
789,789,0,1,1,0,0000000000000000000000000000000000000000000000000000000000000000000000000000000000000000000000000000000000000000000000002009000f,1,1,0,000000000000000000000000000000000000000000000000000000000000000000000000000000000000000000000000000193c14013e3880000000000000000
790,790,0,1,1,0,00000000000000000000000000000000000000000000000000000000000000000000000000000000000000000000000000000000000000000000000000032016,1,1,0,000000000000000000000000000000000000000000000000000000000000000000000000000000000000000000000000000195c0c0dc61c00000000000000000
791,791,0,1,1,0,0000000000000000000000000000000000000000000000000000000000000000000000000000000000000000000000000000000000000000000000002008202e,1,1,0,000000000000000000000000000000000000000000000000000000000000000000000000000000000000000000000000000195c140c39e3c0000000000000000
792,792,0,1,1,0,0000000000000000000000000000000000000000000000000000000000000000000000000000000000000000000000000000000000000000000000002012004e,1,1,0,000000000000000000000000000000000000000000000000000000000000000000000000000000000000000000000000000197c040495ee80000000000000000
793,793,0,1,1,0,00000000000000000000000000000000000000000000000000000000000000000000000000000000000000000000000000000000000000000000000000192001,1,1,0,000000000000000000000000000000000000000000000000000000000000000000000000000000000000000000000000000197c1c1d6d4200000000000000000
794,794,0,1,1,0,00000000000000000000000000000000000000000000000000000000000000000000000000000000000000000000000000000000000000000000000000080006,1,1,0,000000000000000000000000000000000000000000000000000000000000000000000000000000000000000000000000000199c0c186c0500000000000000000
795,795,0,1,1,0,00000000000000000000000000000000000000000000000000000000000000000000000000000000000000000000000000000000000000000000000000092008,1,1,0,000000000000000000000000000000000000000000000000000000000000000000000000000000000000000000000000000199c1c03602900000000000000000
796,796,0,1,1,0,00000000000000000000000000000000000000000000000000000000000000000000000000000000000000000000000000000000000000000000000020150020,1,1,0,00000000000000000000000000000000000000000000000000000000000000000000000000000000000000000000000000019bc0412754b40000000000000000
797,797,0,1,1,0,00000000000000000000000000000000000000000000000000000000000000000000000000000000000000000000000000000000000000000000000020132004,1,1,0,00000000000000000000000000000000000000000000000000000000000000000000000000000000000000000000000000019bc1c062ad200000000000000000
798,798,0,1,1,0,00000000000000000000000000000000000000000000000000000000000000000000000000000000000000000000000000000000000000000000000020152006,1,1,0,00000000000000000000000000000000000000000000000000000000000000000000000000000000000000000000000000019dc04127bd400000000000000000
799,799,0,1,1,0,00000000000000000000000000000000000000000000000000000000000000000000000000000000000000000000000000000000000000000000000000140002,1,1,0,00000000000000000000000000000000000000000000000000000000000000000000000000000000000000000000000000019dc14127bd400000000000000000
800,800,0,1,1,0,0000000000000000000000000000000000000000000000000000000000000000000000000000000000000000000000000000000000000000000000002017003c,1,1,0,00000000000000000000000000000000000000000000000000000000000000000000000000000000000000000000000000019fc0c10423c40000000000000000
801,801,0,1,1,0,00000000000000000000000000000000000000000000000000000000000000000000000000000000000000000000000000000000000000000000000000270003,1,1,0,00000000000000000000000000000000000000000000000000000000000000000000000000000000000000000000000000019fc14185ee1c0000000000000000
802,802,0,1,1,0,0000000000000000000000000000000000000000000000000000000000000000000000000000000000000000000000000000000000000000000000002002200f,1,1,0,0000000000000000000000000000000000000000000000000000000000000000000000000000000000000000000000000001920041faabb80000000000000000
803,803,0,1,1,0,00000000000000000000000000000000000000000000000000000000000000000000000000000000000000000000000000000000000000000000000020070016,1,1,0,00000000000000000000000000000000000000000000000000000000000000000000000000000000000000000000000000019201c15aa8880000000000000000
804,804,0,1,1,0,000000000000000000000000000000000000000000000000000000000000000000000000000000000000000000000000000000000000000000000000000f0016,1,1,0,00000000000000000000000000000000000000000000000000000000000000000000000000000000000000000000000000019400c13bc6d00000000000000000
805,805,0,1,1,0,000000000000000000000000000000000000000000000000000000000000000000000000000000000000000000000000000000000000000000000000000b200e,1,1,0,00000000000000000000000000000000000000000000000000000000000000000000000000000000000000000000000000019401c14bc6d00000000000000000
806,806,0,1,1,0,00000000000000000000000000000000000000000000000000000000000000000000000000000000000000000000000000000000000000000000000000032006,1,1,0,00000000000000000000000000000000000000000000000000000000000000000000000000000000000000000000000000019600c0da36080000000000000000
807,807,0,1,1,0,000000000000000000000000000000000000000000000000000000000000000000000000000000000000000000000000000000000000000000000000200c0004,1,1,0,00000000000000000000000000000000000000000000000000000000000000000000000000000000000000000000000000019601c10d1b040000000000000000
808,808,0,1,1,0,00000000000000000000000000000000000000000000000000000000000000000000000000000000000000000000000000000000000000000000000020160008,1,1,0,0000000000000000000000000000000000000000000000000000000000000000000000000000000000000000000000000001980040849fa00000000000000000
809,809,0,1,1,0,000000000000000000000000000000000000000000000000000000000000000000000000000000000000000000000000000000000000000000000000202a200f,1,1,0,00000000000000000000000000000000000000000000000000000000000000000000000000000000000000000000000000019801bfed81700000000000000000
810,810,0,1,1,0,000000000000000000000000000000000000000000000000000000000000000000000000000000000000000000000000000000000000000000000000000f0003,1,1,0,00000000000000000000000000000000000000000000000000000000000000000000000000000000000000000000000000019a00c096d0940000000000000000
811,811,0,1,1,0,000000000000000000000000000000000000000000000000000000000000000000000000000000000000000000000000000000000000000000000000000f201a,1,1,0,00000000000000000000000000000000000000000000000000000000000000000000000000000000000000000000000000019a0140892f6c0000000000000000
812,812,0,1,1,0,000000000000000000000000000000000000000000000000000000000000000000000000000000000000000000000000000000000000000000000000000b202a,1,1,0,00000000000000000000000000000000000000000000000000000000000000000000000000000000000000000000000000019c00403e45e00000000000000000
813,813,0,1,1,0,0000000000000000000000000000000000000000000000000000000000000000000000000000000000000000000000000000000000000000000000000005201a,1,1,0,00000000000000000000000000000000000000000000000000000000000000000000000000000000000000000000000000019c0141afc8bc0000000000000000
814,814,0,1,1,0,000000000000000000000000000000000000000000000000000000000000000000000000000000000000000000000000000000000000000000000000200c201f,1,1,0,00000000000000000000000000000000000000000000000000000000000000000000000000000000000000000000000000019e0040ab89e00000000000000000
815,815,0,1,1,0,000000000000000000000000000000000000000000000000000000000000000000000000000000000000000000000000000000000000000000000000200f2023,1,1,0,00000000000000000000000000000000000000000000000000000000000000000000000000000000000000000000000000019e014105c4f00000000000000000
816,816,0,1,1,0,0000000000000000000000000000000000000000000000000000000000000000000000000000000000000000000000000000000000000000000000002018000b,1,1,0,0000000000000000000000000000000000000000000000000000000000000000000000000000000000000000000000000001a0003f7d67e00000000000000000
817,817,0,1,1,0,00000000000000000000000000000000000000000000000000000000000000000000000000000000000000000000000000000000000000000000000020022012,1,1,0,0000000000000000000000000000000000000000000000000000000000000000000000000000000000000000000000000001a001c15029800000000000000000
818,818,0,1,1,0,000000000000000000000000000000000000000000000000000000000000000000000000000000000000000000000000000000000000000000000000001f200c,1,1,0,00000000000000000000000000000000000000000000000000000000000000000000000000000000000000000000000000019240411648940000000000000000
819,819,0,1,1,0,00000000000000000000000000000000000000000000000000000000000000000000000000000000000000000000000000000000000000000000000000060001,1,1,0,00000000000000000000000000000000000000000000000000000000000000000000000000000000000000000000000000019241c026dda80000000000000000
820,820,0,1,1,0,00000000000000000000000000000000000000000000000000000000000000000000000000000000000000000000000000000000000000000000000000152020,1,1,0,00000000000000000000000000000000000000000000000000000000000000000000000000000000000000000000000000019440c02cbed80000000000000000
821,821,0,1,1,0,00000000000000000000000000000000000000000000000000000000000000000000000000000000000000000000000000000000000000000000000000132005,1,1,0,00000000000000000000000000000000000000000000000000000000000000000000000000000000000000000000000000019441c12b2fb40000000000000000
822,822,0,1,1,0,00000000000000000000000000000000000000000000000000000000000000000000000000000000000000000000000000000000000000000000000020032008,1,1,0,00000000000000000000000000000000000000000000000000000000000000000000000000000000000000000000000000019640bfd629500000000000000000
823,823,0,1,1,0,000000000000000000000000000000000000000000000000000000000000000000000000000000000000000000000000000000000000000000000000000f0003,1,1,0,0000000000000000000000000000000000000000000000000000000000000000000000000000000000000000000000000001964141653ad40000000000000000
824,824,0,1,1,0,000000000000000000000000000000000000000000000000000000000000000000000000000000000000000000000000000000000000000000000000201b2001,1,1,0,000000000000000000000000000000000000000000000000000000000000000000000000000000000000000000000000000198403e4c46c00000000000000000
825,825,0,1,1,0,00000000000000000000000000000000000000000000000000000000000000000000000000000000000000000000000000000000000000000000000000002018,1,1,0,00000000000000000000000000000000000000000000000000000000000000000000000000000000000000000000000000019841c0d99dc80000000000000000
826,826,0,1,1,0,00000000000000000000000000000000000000000000000000000000000000000000000000000000000000000000000000000000000000000000000020152002,1,1,0,00000000000000000000000000000000000000000000000000000000000000000000000000000000000000000000000000019a40416316100000000000000000
827,827,0,1,1,0,000000000000000000000000000000000000000000000000000000000000000000000000000000000000000000000000000000000000000000000000202c200c,1,1,0,00000000000000000000000000000000000000000000000000000000000000000000000000000000000000000000000000019a41413316100000000000000000
828,828,0,1,1,0,00000000000000000000000000000000000000000000000000000000000000000000000000000000000000000000000000000000000000000000000020092016,1,1,0,00000000000000000000000000000000000000000000000000000000000000000000000000000000000000000000000000019c404220cdcc0000000000000000
829,829,0,1,1,0,00000000000000000000000000000000000000000000000000000000000000000000000000000000000000000000000000000000000000000000000020180023,1,1,0,00000000000000000000000000000000000000000000000000000000000000000000000000000000000000000000000000019c4140e66e7c0000000000000000
830,830,0,1,1,0,00000000000000000000000000000000000000000000000000000000000000000000000000000000000000000000000000000000000000000000000000000000,1,1,0,00000000000000000000000000000000000000000000000000000000000000000000000000000000000000000000000000019e40c20e0a480000000000000000
831,831,0,1,1,0,00000000000000000000000000000000000000000000000000000000000000000000000000000000000000000000000000000000000000000000000000000000,1,1,0,00000000000000000000000000000000000000000000000000000000000000000000000000000000000000000000000000019e4140cfadb80000000000000000
832,832,0,1,1,0,00000000000000000000000000000000000000000000000000000000000000000000000000000000000000000000000000000000000000000000000000000000,1,1,0,0000000000000000000000000000000000000000000000000000000000000000000000000000000000000000000000000001a04040f985700000000000000000
833,833,0,1,1,0,00000000000000000000000000000000000000000000000000000000000000000000000000000000000000000000000000000000000000000000000000000000,1,1,0,0000000000000000000000000000000000000000000000000000000000000000000000000000000000000000000000000001a041c1819ea40000000000000000
834,834,0,1,1,0,00000000000000000000000000000000000000000000000000000000000000000000000000000000000000000000000000000000000000000000000000170003,1,1,0,0000000000000000000000000000000000000000000000000000000000000000000000000000000000000000000000000001928040c7b7680000000000000000
835,835,0,1,0,0,00000000000000000000000000000000000000000000000000000000000000000000000000000000000000000000000000000000000000000000000012345678,1,1,0,00000000000000000000000000000000000000000000000000000000000000000000000000000000000000000000000000019281c1e612240000000000000000
836,836,0,1,0,0,00000000000000000000000000000000000000000000000000000000000000000000000000000000000000000000000000000000000000000000000012345678,1,1,0,000000000000000000000000000000000000000000000000000000000000000000000000000000000000000000000000000194803ead24c00000000000000000
837,837,0,1,0,0,00000000000000000000000000000000000000000000000000000000000000000000000000000000000000000000000000000000000000000000000012345678,1,1,0,00000000000000000000000000000000000000000000000000000000000000000000000000000000000000000000000000019481c1e54b6c0000000000000000
838,838,0,1,0,0,00000000000000000000000000000000000000000000000000000000000000000000000000000000000000000000000000000000000000000000000012345678,1,1,0,0000000000000000000000000000000000000000000000000000000000000000000000000000000000000000000000000001968041f9b36c0000000000000000
839,839,0,1,0,0,00000000000000000000000000000000000000000000000000000000000000000000000000000000000000000000000000000000000000000000000012345678,1,1,0,000000000000000000000000000000000000000000000000000000000000000000000000000000000000000000000000000196813e59b6000000000000000000
840,840,0,1,0,0,00000000000000000000000000000000000000000000000000000000000000000000000000000000000000000000000000000000000000000000000012345678,1,1,0,00000000000000000000000000000000000000000000000000000000000000000000000000000000000000000000000000019880c13dd00c0000000000000000
841,841,0,1,0,0,00000000000000000000000000000000000000000000000000000000000000000000000000000000000000000000000000000000000000000000000012345678,1,1,0,0000000000000000000000000000000000000000000000000000000000000000000000000000000000000000000000000001988140c45fe40000000000000000
842,842,0,1,0,0,00000000000000000000000000000000000000000000000000000000000000000000000000000000000000000000000000000000000000000000000012345678,1,1,0,00000000000000000000000000000000000000000000000000000000000000000000000000000000000000000000000000019a80c0d4dbb80000000000000000
843,843,0,1,0,0,00000000000000000000000000000000000000000000000000000000000000000000000000000000000000000000000000000000000000000000000012345678,1,1,0,00000000000000000000000000000000000000000000000000000000000000000000000000000000000000000000000000019a81408b24440000000000000000
844,844,0,1,0,0,00000000000000000000000000000000000000000000000000000000000000000000000000000000000000000000000000000000000000000000000012345678,1,1,0,00000000000000000000000000000000000000000000000000000000000000000000000000000000000000000000000000019c8042210b400000000000000000
845,845,0,1,0,0,00000000000000000000000000000000000000000000000000000000000000000000000000000000000000000000000000000000000000000000000012345678,1,1,0,00000000000000000000000000000000000000000000000000000000000000000000000000000000000000000000000000019c8141742d0c0000000000000000
846,846,0,1,0,0,00000000000000000000000000000000000000000000000000000000000000000000000000000000000000000000000000000000000000000000000012345678,1,1,0,00000000000000000000000000000000000000000000000000000000000000000000000000000000000000000000000000019e80bcaa9c000000000000000000
847,847,0,1,0,0,00000000000000000000000000000000000000000000000000000000000000000000000000000000000000000000000000000000000000000000000012345678,1,1,0,00000000000000000000000000000000000000000000000000000000000000000000000000000000000000000000000000019e81c14055500000000000000000
848,848,0,1,0,0,00000000000000000000000000000000000000000000000000000000000000000000000000000000000000000000000000000000000000000000000012345678,1,1,0,0000000000000000000000000000000000000000000000000000000000000000000000000000000000000000000000000001a0804185bf580000000000000000
849,849,0,1,0,0,00000000000000000000000000000000000000000000000000000000000000000000000000000000000000000000000000000000000000000000000012345678,1,1,0,0000000000000000000000000000000000000000000000000000000000000000000000000000000000000000000000000001a08141edbf580000000000000000
850,850,0,1,0,0,00000000000000000000000000000000000000000000000000000000000000000000000000000000000000000000000000000000000000000000000012345678,1,1,0,000000000000000000000000000000000000000000000000000000000000000000000000000000000000000000000000000192c04056652c0000000000000000
851,851,0,1,0,0,00000000000000000000000000000000000000000000000000000000000000000000000000000000000000000000000000000000000000000000000012345678,1,1,0,000000000000000000000000000000000000000000000000000000000000000000000000000000000000000000000000000192c1c11a66b40000000000000000
852,852,0,1,0,0,00000000000000000000000000000000000000000000000000000000000000000000000000000000000000000000000000000000000000000000000012345678,1,1,0,000000000000000000000000000000000000000000000000000000000000000000000000000000000000000000000000000194c040e7faac0000000000000000
853,853,0,1,0,0,00000000000000000000000000000000000000000000000000000000000000000000000000000000000000000000000000000000000000000000000012345678,1,1,0,000000000000000000000000000000000000000000000000000000000000000000000000000000000000000000000000000194c1c1fe01500000000000000000
854,854,0,1,0,0,00000000000000000000000000000000000000000000000000000000000000000000000000000000000000000000000000000000000000000000000012345678,1,1,0,000000000000000000000000000000000000000000000000000000000000000000000000000000000000000000000000000196c040a571ba0000000000000000
855,855,0,1,0,0,00000000000000000000000000000000000000000000000000000000000000000000000000000000000000000000000000000000000000000000000012345678,1,1,0,000000000000000000000000000000000000000000000000000000000000000000000000000000000000000000000000000196c141915c6c0000000000000000
856,856,0,1,0,0,00000000000000000000000000000000000000000000000000000000000000000000000000000000000000000000000000000000000000000000000012345678,1,1,0,000000000000000000000000000000000000000000000000000000000000000000000000000000000000000000000000000198c040e84ed40000000000000000
857,857,0,1,1,0,00000000000000000000000000000000000000000000000000000000000000000000000000000000000000000000000000000000000000000000000012345678,1,1,0,000000000000000000000000000000000000000000000000000000000000000000000000000000000000000000000000000198c1c11bd8940000000000000000
858,858,0,1,1,0,00000000000000000000000000000000000000000000000000000000000000000000000000000000000000000000000000000000000000000000000064d0ad7c,1,1,0,00000000000000000000000000000000000000000000000000000000000000000000000000000000000000000000000000019ac0c15ab1300000000000000000
859,859,0,1,1,0,00000000000000000000000000000000000000000000000000000000000000000000000000000000000000000000000000000000000000000000000000000000,1,1,0,00000000000000000000000000000000000000000000000000000000000000000000000000000000000000000000000000019ac13faa76780000000000000000
860,860,0,1,1,0,000000000000000000000000000000000000000000000000000000000000000000000000000000000000000000000000000000000000000000000000000000cf,1,1,0,00000000000000000000000000000000000000000000000000000000000000000000000000000000000000000000000000019cc041c6da100000000000000000
861,861,0,1,1,0,00000000000000000000000000000000000000000000000000000000000000000000000000000000000000000000000000000000000000000000000000000000,1,1,0,00000000000000000000000000000000000000000000000000000000000000000000000000000000000000000000000000019cc1c1b925ec0000000000000000
862,862,0,1,1,0,0000000000000000000000000000000000000000000000000000000000000000000000000000000000000000000000000000000000000000000000008db7ee2c,1,1,0,00000000000000000000000000000000000000000000000000000000000000000000000000000000000000000000000000019ec04194cf1a0000000000000000
863,863,0,1,1,0,000000000000000000000000000000000000000000000000000000000000000000000000000000000000000000000000000000000000000000000000dd1234dd,1,1,0,00000000000000000000000000000000000000000000000000000000000000000000000000000000000000000000000000019ec141699e340000000000000000
864,864,0,1,1,0,000000000000000000000000000000000000000000000000000000000000000000000000000000000000000000000000000000000000000000000000000000e5,1,1,0,0000000000000000000000000000000000000000000000000000000000000000000000000000000000000000000000000001a0c041f708d00000000000000000
865,865,0,1,1,0,00000000000000000000000000000000000000000000000000000000000000000000000000000000000000000000000000000000000000000000000000000009,1,1,0,0000000000000000000000000000000000000000000000000000000000000000000000000000000000000000000000000001a0c1412e11a60000000000000000
866,866,0,1,1,0,00000000000000000000000000000000000000000000000000000000000000000000000000000000000000000000000000000000000000000000000005000000,1,1,0,00000000000000000000000000000000000000000000000000000000000000000000000000000000000000000000000000019300414120a80000000000000000
867,867,0,1,1,0,00000000000000000000000000000000000000000000000000000000000000000000000000000000000000000000000000000000000000000000000000410002,1,1,0,0000000000000000000000000000000000000000000000000000000000000000000000000000000000000000000000000001930141b090540000000000000000
868,868,0,1,1,0,00000000000000000000000000000000000000000000000000000000000000000000000000000000000000000000000000000000000000000000000000000002,1,1,0,00000000000000000000000000000000000000000000000000000000000000000000000000000000000000000000000000019500411529f20000000000000000
869,869,0,1,1,0,00000000000000000000000000000000000000000000000000000000000000000000000000000000000000000000000000000000000000000000000000000000,1,1,0,00000000000000000000000000000000000000000000000000000000000000000000000000000000000000000000000000019501c14ad60c0000000000000000
870,870,0,1,1,0,0000000000000000000000000000000000000000000000000000000000000000000000000000000000000000000000000000000000000000000000007602bcfa,1,1,0,0000000000000000000000000000000000000000000000000000000000000000000000000000000000000000000000000001970042049c740000000000000000
871,871,0,1,1,0,00000000000000000000000000000000000000000000000000000000000000000000000000000000000000000000000000000000000000000000000000000001,1,1,0,00000000000000000000000000000000000000000000000000000000000000000000000000000000000000000000000000019701c0db1c500000000000000000
872,872,0,1,1,0,000000000000000000000000000000000000000000000000000000000000000000000000000000000000000000000000000000000000000000000000ee1234ee,1,1,0,00000000000000000000000000000000000000000000000000000000000000000000000000000000000000000000000000019900c02de3980000000000000000
873,873,0,1,1,0,00000000000000000000000000000000000000000000000000000000000000000000000000000000000000000000000000000000000000000000000000000009,1,1,0,00000000000000000000000000000000000000000000000000000000000000000000000000000000000000000000000000019901c20ade380000000000000000
874,874,0,1,1,0,0000000000000000000000000000000000000000000000000000000000000000000000000000000000000000000000000000000000000000000000000301000c,1,1,0,00000000000000000000000000000000000000000000000000000000000000000000000000000000000000000000000000019b00c1851db40000000000000000
875,875,0,1,1,0,00000000000000000000000000000000000000000000000000000000000000000000000000000000000000000000000000000000000000000000000000410112,1,1,0,00000000000000000000000000000000000000000000000000000000000000000000000000000000000000000000000000019b014115c4940000000000000000
876,876,0,1,1,0,00000000000000000000000000000000000000000000000000000000000000000000000000000000000000000000000000000000000000000000000000069585,1,1,0,00000000000000000000000000000000000000000000000000000000000000000000000000000000000000000000000000019d00408223d00000000000000000
877,877,0,1,1,0,000000000000000000000000000000000000000000000000000000000000000000000000000000000000000000000000000000000000000000000000760297fa,1,1,0,00000000000000000000000000000000000000000000000000000000000000000000000000000000000000000000000000019d01413111e80000000000000000
878,878,0,1,1,0,00000000000000000000000000000000000000000000000000000000000000000000000000000000000000000000000000000000000000000000000000000c63,1,1,0,00000000000000000000000000000000000000000000000000000000000000000000000000000000000000000000000000019f00c1865b340000000000000000
879,879,0,1,1,0,00000000000000000000000000000000000000000000000000000000000000000000000000000000000000000000000000000000000000000000000000000084,1,1,0,00000000000000000000000000000000000000000000000000000000000000000000000000000000000000000000000000019f0141c1a4c80000000000000000
880,880,0,1,1,0,00000000000000000000000000000000000000000000000000000000000000000000000000000000000000000000000000000000000000000000000000000004,1,1,0,0000000000000000000000000000000000000000000000000000000000000000000000000000000000000000000000000001a100c25ae78c0000000000000000
881,881,0,1,1,0,00000000000000000000000000000000000000000000000000000000000000000000000000000000000000000000000000000000000000000000000000000064,1,1,0,0000000000000000000000000000000000000000000000000000000000000000000000000000000000000000000000000001a101419230e20000000000000000
882,882,0,1,1,0,00000000000000000000000000000000000000000000000000000000000000000000000000000000000000000000000000000000000000000000000039200000,1,1,0,00000000000000000000000000000000000000000000000000000000000000000000000000000000000000000000000000019340c0f7f3900000000000000000
883,883,0,1,1,0,0000000000000000000000000000000000000000000000000000000000000000000000000000000000000000000000000000000000000000000000000000024b,1,1,0,00000000000000000000000000000000000000000000000000000000000000000000000000000000000000000000000000019341c16bf9c80000000000000000
884,884,0,1,1,0,00000000000000000000000000000000000000000000000000000000000000000000000000000000000000000000000000000000000000000000000000120057,1,1,0,0000000000000000000000000000000000000000000000000000000000000000000000000000000000000000000000000001954041da48bc0000000000000000
885,885,0,1,1,0,00000000000000000000000000000000000000000000000000000000000000000000000000000000000000000000000000000000000000000000000000000000,1,1,0,00000000000000000000000000000000000000000000000000000000000000000000000000000000000000000000000000019541c216dba00000000000000000
886,886,0,1,1,0,00000000000000000000000000000000000000000000000000000000000000000000000000000000000000000000000000000000000000000000000000000000,1,1,0,00000000000000000000000000000000000000000000000000000000000000000000000000000000000000000000000000019740410674ae0000000000000000
887,887,0,1,1,0,00000000000000000000000000000000000000000000000000000000000000000000000000000000000000000000000000000000000000000000000000000000,1,1,0,00000000000000000000000000000000000000000000000000000000000000000000000000000000000000000000000000019741c09316a00000000000000000
888,888,0,1,1,0,00000000000000000000000000000000000000000000000000000000000000000000000000000000000000000000000000000000000000000000000000010004,1,1,0,00000000000000000000000000000000000000000000000000000000000000000000000000000000000000000000000000019940c18d07980000000000000000
889,889,0,1,1,0,00000000000000000000000000000000000000000000000000000000000000000000000000000000000000000000000000000000000000000000000000020000,1,1,0,000000000000000000000000000000000000000000000000000000000000000000000000000000000000000000000000000199414145f0cc0000000000000000
890,890,0,1,1,0,00000000000000000000000000000000000000000000000000000000000000000000000000000000000000000000000000000000000000000000000000000001,1,1,0,00000000000000000000000000000000000000000000000000000000000000000000000000000000000000000000000000019b40c1ac38fc0000000000000000
891,891,0,1,1,0,000000000000000000000000000000000000000000000000000000000000000000000000000000000000000000000000000000000000000000000000ffffffff,1,1,0,00000000000000000000000000000000000000000000000000000000000000000000000000000000000000000000000000019b41c1c438fc0000000000000000
892,892,0,1,1,0,000000000000000000000000000000000000000000000000000000000000000000000000000000000000000000000000000000000000000000000000ffffffff,1,1,0,00000000000000000000000000000000000000000000000000000000000000000000000000000000000000000000000000019d4041eb92180000000000000000
893,893,0,1,1,0,000000000000000000000000000000000000000000000000000000000000000000000000000000000000000000000000000000000000000000000000ffffffff,1,1,0,00000000000000000000000000000000000000000000000000000000000000000000000000000000000000000000000000019d41c148dbd00000000000000000
894,894,0,1,1,0,000000000000000000000000000000000000000000000000000000000000000000000000000000000000000000000000000000000000000000000000ffffffff,1,1,0,00000000000000000000000000000000000000000000000000000000000000000000000000000000000000000000000000019f40c0bbb8c00000000000000000
895,895,0,1,1,0,000000000000000000000000000000000000000000000000000000000000000000000000000000000000000000000000000000000000000000000000ffffffff,1,1,0,00000000000000000000000000000000000000000000000000000000000000000000000000000000000000000000000000019f41c09bb8c00000000000000000
896,896,0,1,1,0,000000000000000000000000000000000000000000000000000000000000000000000000000000000000000000000000000000000000000000000000ffffffff,1,1,0,0000000000000000000000000000000000000000000000000000000000000000000000000000000000000000000000000001a140c1bebc200000000000000000
897,897,0,1,1,0,000000000000000000000000000000000000000000000000000000000000000000000000000000000000000000000000000000000000000000000000ffffffff,1,1,0,0000000000000000000000000000000000000000000000000000000000000000000000000000000000000000000000000001a141c0faf0800000000000000000
898,898,0,1,1,0,000000000000000000000000000000000000000000000000000000000000000000000000000000000000000000000000000000000000000000000000ffffffff,0,1,0,000000000000000000000000000000000000000000000000000000000000000000000000000000000000000000000000000191803e98bb400000000000000000
899,899,0,1,1,0,00000000000000000000000000000000000000000000000000000000000000000000000000000000000000000000000000000000000000000000000000000000,1,1,0,000000000000000000000000000000000000000000000000000000000000000000000000000000000000000000000000000191be3e98bb400000000000000000
900,900,0,1,1,0,00000000000000000000000000000000000000000000000000000000000000000000000000000000000000000000000000000000000000000000000000000000,1,1,0,000000000000000000000000000000000000000000000000000000000000000000000000000000000000000000000000000191bfc15b3a200000000000000000
901,901,0,1,1,0,00000000000000000000000000000000000000000000000000000000000000000000000000000000000000000000000000000000000000000000000000000000,1,1,0,000000000000000000000000000000000000000000000000000000000000000000000000000000000000000000000000000193bec0f3b4580000000000000000
902,902,0,1,1,0,00000000000000000000000000000000000000000000000000000000000000000000000000000000000000000000000000000000000000000000000000000000,1,1,0,000000000000000000000000000000000000000000000000000000000000000000000000000000000000000000000000000193bf416625d00000000000000000
903,903,0,1,1,0,00000000000000000000000000000000000000000000000000000000000000000000000000000000000000000000000000000000000000000000000000000000,1,1,0,000000000000000000000000000000000000000000000000000000000000000000000000000000000000000000000000000195bec1c56c240000000000000000
904,904,0,1,1,0,00000000000000000000000000000000000000000000000000000000000000000000000000000000000000000000000000000000000000000000000000000000,1,1,0,000000000000000000000000000000000000000000000000000000000000000000000000000000000000000000000000000195bf41a293d80000000000000000
905,905,0,1,1,0,00000000000000000000000000000000000000000000000000000000000000000000000000000000000000000000000000000000000000000000000000000000,1,1,0,000000000000000000000000000000000000000000000000000000000000000000000000000000000000000000000000000197bec095ab5c0000000000000000
906,906,0,1,1,0,00000000000000000000000000000000000000000000000000000000000000000000000000000000000000000000000000000000000000000000000000000000,1,1,0,000000000000000000000000000000000000000000000000000000000000000000000000000000000000000000000000000197bfc12ad5b00000000000000000
907,907,0,1,1,0,00000000000000000000000000000000000000000000000000000000000000000000000000000000000000000000000000000000000000000000000000005959,1,1,0,000000000000000000000000000000000000000000000000000000000000000000000000000000000000000000000000000199be41262ca40000000000000000
908,908,0,1,1,0,0000000000000000000000000000000000000000000000000000000000000000000000000000000000000000000000000000000000000000000000005a5a5b5b,1,1,0,000000000000000000000000000000000000000000000000000000000000000000000000000000000000000000000000000199bf41362ca40000000000000000
909,909,0,1,1,0,00000000000000000000000000000000000000000000000000000000000000000000000000000000000000000000000000000000000000000000000058580000,1,1,0,00000000000000000000000000000000000000000000000000000000000000000000000000000000000000000000000000019bbe418539ce0000000000000000
910,910,0,1,1,0,0000000000000000000000000000000000000000000000000000000000000000000000000000000000000000000000000000000000000000000000000036206e,1,1,0,00000000000000000000000000000000000000000000000000000000000000000000000000000000000000000000000000019bbf4029ce7c0000000000000000
911,911,0,1,1,0,0000000000000000000000000000000000000000000000000000000000000000000000000000000000000000000000000000000000000000000000002049207c,1,1,0,00000000000000000000000000000000000000000000000000000000000000000000000000000000000000000000000000019dbec0611c900000000000000000
912,912,0,1,1,0,00000000000000000000000000000000000000000000000000000000000000000000000000000000000000000000000000000000000000000000000000400046,1,1,0,00000000000000000000000000000000000000000000000000000000000000000000000000000000000000000000000000019dbf4137b8da0000000000000000
913,913,0,1,1,0,000000000000000000000000000000000000000000000000000000000000000000000000000000000000000000000000000000000000000000000000205d0006,1,1,0,00000000000000000000000000000000000000000000000000000000000000000000000000000000000000000000000000019fbebfba57500000000000000000
914,914,0,1,1,0,000000000000000000000000000000000000000000000000000000000000000000000000000000000000000000000000000000000000000000000000201b20e3,1,1,0,00000000000000000000000000000000000000000000000000000000000000000000000000000000000000000000000000019fbf4168b5140000000000000000
915,915,0,1,1,0,00000000000000000000000000000000000000000000000000000000000000000000000000000000000000000000000000000000000000000000000020202012,1,1,0,000000000000000000000000000000000000000000000000000000000000000000000000000000000000000000000000000191fec1692dc00000000000000000
916,916,0,1,1,0,00000000000000000000000000000000000000000000000000000000000000000000000000000000000000000000000000000000000000000000000020330006,1,1,0,000000000000000000000000000000000000000000000000000000000000000000000000000000000000000000000000000191ff3fb691e00000000000000000
917,917,0,1,1,0,00000000000000000000000000000000000000000000000000000000000000000000000000000000000000000000000000000000000000000000000000c82050,1,1,0,000000000000000000000000000000000000000000000000000000000000000000000000000000000000000000000000000193fe4114f8e20000000000000000
918,918,0,1,1,0,000000000000000000000000000000000000000000000000000000000000000000000000000000000000000000000000000000000000000000000000204d002f,1,1,0,000000000000000000000000000000000000000000000000000000000000000000000000000000000000000000000000000193ffc1a5838c0000000000000000
919,919,0,1,1,0,000000000000000000000000000000000000000000000000000000000000000000000000000000000000000000000000000000000000000000000000002700ee,1,1,0,000000000000000000000000000000000000000000000000000000000000000000000000000000000000000000000000000195fe4198e78c0000000000000000
920,920,0,1,1,0,000000000000000000000000000000000000000000000000000000000000000000000000000000000000000000000000000000000000000000000000000d202a,1,1,0,000000000000000000000000000000000000000000000000000000000000000000000000000000000000000000000000000195ff40073c7c0000000000000000
921,921,0,1,1,0,00000000000000000000000000000000000000000000000000000000000000000000000000000000000000000000000000000000000000000000000020230092,1,1,0,000000000000000000000000000000000000000000000000000000000000000000000000000000000000000000000000000197fec14da8440000000000000000
922,922,0,1,1,0,000000000000000000000000000000000000000000000000000000000000000000000000000000000000000000000000000000000000000000000000006520a6,1,1,0,000000000000000000000000000000000000000000000000000000000000000000000000000000000000000000000000000197ffc0db50880000000000000000
923,923,0,1,1,0,000000000000000000000000000000000000000000000000000000000000000000000000000000000000000000000000000000000000000000000000201d203a,1,1,0,000000000000000000000000000000000000000000000000000000000000000000000000000000000000000000000000000199fe3f93fad80000000000000000
924,924,0,1,1,0,00000000000000000000000000000000000000000000000000000000000000000000000000000000000000000000000000000000000000000000000000242059,1,1,0,000000000000000000000000000000000000000000000000000000000000000000000000000000000000000000000000000199ffc23360280000000000000000
925,925,0,1,1,0,000000000000000000000000000000000000000000000000000000000000000000000000000000000000000000000000000000000000000000000000000a2137,1,1,0,00000000000000000000000000000000000000000000000000000000000000000000000000000000000000000000000000019bfec158ab480000000000000000
926,926,0,1,1,0,0000000000000000000000000000000000000000000000000000000000000000000000000000000000000000000000000000000000000000000000000003203e,1,1,0,00000000000000000000000000000000000000000000000000000000000000000000000000000000000000000000000000019bff408ea9680000000000000000
927,927,0,1,1,0,000000000000000000000000000000000000000000000000000000000000000000000000000000000000000000000000000000000000000000000000201400a3,1,1,0,00000000000000000000000000000000000000000000000000000000000000000000000000000000000000000000000000019dfe4107bd400000000000000000
928,928,0,1,1,0,000000000000000000000000000000000000000000000000000000000000000000000000000000000000000000000000000000000000000000000000000e20a5,1,1,0,00000000000000000000000000000000000000000000000000000000000000000000000000000000000000000000000000019dff4211ef500000000000000000
929,929,0,1,1,0,0000000000000000000000000000000000000000000000000000000000000000000000000000000000000000000000000000000000000000000000002064203f,1,1,0,00000000000000000000000000000000000000000000000000000000000000000000000000000000000000000000000000019ffe41cdee1c0000000000000000
930,930,0,1,1,0,000000000000000000000000000000000000000000000000000000000000000000000000000000000000000000000000000000000000000000000000208e212e,1,1,0,00000000000000000000000000000000000000000000000000000000000000000000000000000000000000000000000000019fff4097b8700000000000000000
931,931,0,1,1,0,000000000000000000000000000000000000000000000000000000000000000000000000000000000000000000000000000000000000000000000000005320b6,1,1,0,0000000000000000000000000000000000000000000000000000000000000000000000000000000000000000000000000001923e40555dc80000000000000000
932,932,0,1,1,0,0000000000000000000000000000000000000000000000000000000000000000000000000000000000000000000000000000000000000000000000002048209d,1,1,0,0000000000000000000000000000000000000000000000000000000000000000000000000000000000000000000000000001923f414557700000000000000000
933,933,0,1,1,0,000000000000000000000000000000000000000000000000000000000000000000000000000000000000000000000000000000000000000000000000008c200a,1,1,0,0000000000000000000000000000000000000000000000000000000000000000000000000000000000000000000000000001943ec1cde3680000000000000000
934,934,0,1,1,0,000000000000000000000000000000000000000000000000000000000000000000000000000000000000000000000000000000000000000000000000001d0016,1,1,0,0000000000000000000000000000000000000000000000000000000000000000000000000000000000000000000000000001943fc14bc6d00000000000000000
935,935,0,1,1,0,0000000000000000000000000000000000000000000000000000000000000000000000000000000000000000000000000000000000000000000000000038203a,1,1,0,0000000000000000000000000000000000000000000000000000000000000000000000000000000000000000000000000001963ec1c68d800000000000000000
936,936,0,1,1,0,00000000000000000000000000000000000000000000000000000000000000000000000000000000000000000000000000000000000000000000000020db209b,1,1,0,0000000000000000000000000000000000000000000000000000000000000000000000000000000000000000000000000001963f4102e4fa0000000000000000
937,937,0,1,1,0,00000000000000000000000000000000000000000000000000000000000000000000000000000000000000000000000000000000000000000000000000752088,1,1,0,0000000000000000000000000000000000000000000000000000000000000000000000000000000000000000000000000001983ebfed81700000000000000000
938,938,0,1,1,0,000000000000000000000000000000000000000000000000000000000000000000000000000000000000000000000000000000000000000000000000200a2083,1,1,0,0000000000000000000000000000000000000000000000000000000000000000000000000000000000000000000000000001983fc1eed8180000000000000000
939,939,0,1,1,0,00000000000000000000000000000000000000000000000000000000000000000000000000000000000000000000000000000000000000000000000020242077,1,1,0,00000000000000000000000000000000000000000000000000000000000000000000000000000000000000000000000000019a3ec02da1280000000000000000
940,940,0,1,1,0,0000000000000000000000000000000000000000000000000000000000000000000000000000000000000000000000000000000000000000000000002041005c,1,1,0,00000000000000000000000000000000000000000000000000000000000000000000000000000000000000000000000000019a3fc1c5b4240000000000000000
941,941,0,1,1,0,00000000000000000000000000000000000000000000000000000000000000000000000000000000000000000000000000000000000000000000000020582026,1,1,0,00000000000000000000000000000000000000000000000000000000000000000000000000000000000000000000000000019c3e41c7c8bc0000000000000000
942,942,0,1,1,0,0000000000000000000000000000000000000000000000000000000000000000000000000000000000000000000000000000000000000000000000000061206e,1,1,0,00000000000000000000000000000000000000000000000000000000000000000000000000000000000000000000000000019c3f41dfc8bc0000000000000000
943,943,0,1,1,0,00000000000000000000000000000000000000000000000000000000000000000000000000000000000000000000000000000000000000000000000020342038,1,1,0,00000000000000000000000000000000000000000000000000000000000000000000000000000000000000000000000000019e3ec19d1d880000000000000000
944,944,0,1,1,0,000000000000000000000000000000000000000000000000000000000000000000000000000000000000000000000000000000000000000000000000001f2004,1,1,0,00000000000000000000000000000000000000000000000000000000000000000000000000000000000000000000000000019e3f4298b89c0000000000000000
945,945,0,1,1,0,000000000000000000000000000000000000000000000000000000000000000000000000000000000000000000000000000000000000000000000000000e2002,1,1,0,0000000000000000000000000000000000000000000000000000000000000000000000000000000000000000000000000001a03ec040a6000000000000000000
946,946,0,1,1,0,0000000000000000000000000000000000000000000000000000000000000000000000000000000000000000000000000000000000000000000000002005003f,1,1,0,0000000000000000000000000000000000000000000000000000000000000000000000000000000000000000000000000001a03f41a7eb3e0000000000000000
947,947,0,1,1,0,000000000000000000000000000000000000000000000000000000000000000000000000000000000000000000000000000000000000000000000000205d0072,1,1,0,0000000000000000000000000000000000000000000000000000000000000000000000000000000000000000000000000001927e40ac91280000000000000000
948,948,0,1,1,0,0000000000000000000000000000000000000000000000000000000000000000000000000000000000000000000000000000000000000000000000002028207f,1,1,0,0000000000000000000000000000000000000000000000000000000000000000000000000000000000000000000000000001927fc19cdbb40000000000000000
949,949,0,1,1,0,00000000000000000000000000000000000000000000000000000000000000000000000000000000000000000000000000000000000000000000000000062007,1,1,0,0000000000000000000000000000000000000000000000000000000000000000000000000000000000000000000000000001947ec0b65f680000000000000000
950,950,0,1,1,0,0000000000000000000000000000000000000000000000000000000000000000000000000000000000000000000000000000000000000000000000002042204b,1,1,0,0000000000000000000000000000000000000000000000000000000000000000000000000000000000000000000000000001947fc22ecbec0000000000000000
951,951,0,1,1,0,00000000000000000000000000000000000000000000000000000000000000000000000000000000000000000000000000000000000000000000000000630050,1,1,0,0000000000000000000000000000000000000000000000000000000000000000000000000000000000000000000000000001967ec17ac5280000000000000000
952,952,0,1,1,0,000000000000000000000000000000000000000000000000000000000000000000000000000000000000000000000000000000000000000000000000207c0016,1,1,0,0000000000000000000000000000000000000000000000000000000000000000000000000000000000000000000000000001967f42a0a7580000000000000000
953,953,0,1,1,0,000000000000000000000000000000000000000000000000000000000000000000000000000000000000000000000000000000000000000000000000202b2021,1,1,0,0000000000000000000000000000000000000000000000000000000000000000000000000000000000000000000000000001987e41d9988c0000000000000000
954,954,0,1,1,0,000000000000000000000000000000000000000000000000000000000000000000000000000000000000000000000000000000000000000000000000007e2025,1,1,0,0000000000000000000000000000000000000000000000000000000000000000000000000000000000000000000000000001987f3f9988d80000000000000000
955,955,0,1,1,0,0000000000000000000000000000000000000000000000000000000000000000000000000000000000000000000000000000000000000000000000002027200d,1,1,0,00000000000000000000000000000000000000000000000000000000000000000000000000000000000000000000000000019a7e412316100000000000000000
956,956,0,1,1,0,00000000000000000000000000000000000000000000000000000000000000000000000000000000000000000000000000000000000000000000000020552134,1,1,0,00000000000000000000000000000000000000000000000000000000000000000000000000000000000000000000000000019a7f410316120000000000000000
957,957,0,1,1,0,00000000000000000000000000000000000000000000000000000000000000000000000000000000000000000000000000000000000000000000000020802001,1,1,0,00000000000000000000000000000000000000000000000000000000000000000000000000000000000000000000000000019c7e41819b9e0000000000000000
958,958,0,1,1,0,0000000000000000000000000000000000000000000000000000000000000000000000000000000000000000000000000000000000000000000000000026201d,1,1,0,00000000000000000000000000000000000000000000000000000000000000000000000000000000000000000000000000019c7fbf4c8c000000000000000000
959,959,0,1,1,0,00000000000000000000000000000000000000000000000000000000000000000000000000000000000000000000000000000000000000000000000000062081,1,1,0,00000000000000000000000000000000000000000000000000000000000000000000000000000000000000000000000000019e7ec17829200000000000000000
960,960,0,1,1,0,000000000000000000000000000000000000000000000000000000000000000000000000000000000000000000000000000000000000000000000000001c2049,1,1,0,00000000000000000000000000000000000000000000000000000000000000000000000000000000000000000000000000019e7f4215f5b40000000000000000
961,961,0,1,1,0,00000000000000000000000000000000000000000000000000000000000000000000000000000000000000000000000000000000000000000000000020212047,1,1,0,0000000000000000000000000000000000000000000000000000000000000000000000000000000000000000000000000001a07ec1533d480000000000000000
962,962,0,1,1,0,000000000000000000000000000000000000000000000000000000000000000000000000000000000000000000000000000000000000000000000000201c2108,1,1,0,0000000000000000000000000000000000000000000000000000000000000000000000000000000000000000000000000001a07f3fe615c00000000000000000
963,963,0,1,1,0,0000000000000000000000000000000000000000000000000000000000000000000000000000000000000000000000000000000000000000000000000036003b,1,1,0,000000000000000000000000000000000000000000000000000000000000000000000000000000000000000000000000000192bec19612240000000000000000
964,964,0,1,1,0,000000000000000000000000000000000000000000000000000000000000000000000000000000000000000000000000000000000000000000000000203e210e,1,1,0,000000000000000000000000000000000000000000000000000000000000000000000000000000000000000000000000000192bfc07091300000000000000000
965,965,0,1,1,0,00000000000000000000000000000000000000000000000000000000000000000000000000000000000000000000000000000000000000000000000020602015,1,1,0,000000000000000000000000000000000000000000000000000000000000000000000000000000000000000000000000000194be41b2b4900000000000000000
966,966,0,1,1,0,000000000000000000000000000000000000000000000000000000000000000000000000000000000000000000000000000000000000000000000000002e0040,1,1,0,000000000000000000000000000000000000000000000000000000000000000000000000000000000000000000000000000194bf408ad24c0000000000000000
967,967,0,1,1,0,00000000000000000000000000000000000000000000000000000000000000000000000000000000000000000000000000000000000000000000000020442036,1,1,0,000000000000000000000000000000000000000000000000000000000000000000000000000000000000000000000000000196bec1a64c940000000000000000
968,968,0,1,1,0,000000000000000000000000000000000000000000000000000000000000000000000000000000000000000000000000000000000000000000000000209a20cd,1,1,0,000000000000000000000000000000000000000000000000000000000000000000000000000000000000000000000000000196bf4278d9b40000000000000000
969,969,0,1,1,0,00000000000000000000000000000000000000000000000000000000000000000000000000000000000000000000000000000000000000000000000020570013,1,1,0,000000000000000000000000000000000000000000000000000000000000000000000000000000000000000000000000000198be42248bfc0000000000000000
970,970,0,1,1,0,00000000000000000000000000000000000000000000000000000000000000000000000000000000000000000000000000000000000000000000000020cd0012,1,1,0,000000000000000000000000000000000000000000000000000000000000000000000000000000000000000000000000000198bf40a45fe40000000000000000
971,971,0,1,1,0,00000000000000000000000000000000000000000000000000000000000000000000000000000000000000000000000000000000000000000000000020020060,1,1,0,00000000000000000000000000000000000000000000000000000000000000000000000000000000000000000000000000019abe3eb244400000000000000000
972,972,0,1,1,0,000000000000000000000000000000000000000000000000000000000000000000000000000000000000000000000000000000000000000000000000203b0044,1,1,0,00000000000000000000000000000000000000000000000000000000000000000000000000000000000000000000000000019abfc14a6ddc0000000000000000
973,973,0,1,1,0,000000000000000000000000000000000000000000000000000000000000000000000000000000000000000000000000000000000000000000000000005a0001,1,1,0,00000000000000000000000000000000000000000000000000000000000000000000000000000000000000000000000000019cbec02f4bc80000000000000000
974,974,0,1,1,0,00000000000000000000000000000000000000000000000000000000000000000000000000000000000000000000000000000000000000000000000000000000,1,1,0,00000000000000000000000000000000000000000000000000000000000000000000000000000000000000000000000000019cbf41d216840000000000000000
975,975,0,1,1,0,00000000000000000000000000000000000000000000000000000000000000000000000000000000000000000000000000000000000000000000000000000000,1,1,0,00000000000000000000000000000000000000000000000000000000000000000000000000000000000000000000000000019ebe419fd5580000000000000000
976,976,0,1,1,0,00000000000000000000000000000000000000000000000000000000000000000000000000000000000000000000000000000000000000000000000000000000,1,1,0,00000000000000000000000000000000000000000000000000000000000000000000000000000000000000000000000000019ebf41d7d5580000000000000000
977,977,0,1,1,0,00000000000000000000000000000000000000000000000000000000000000000000000000000000000000000000000000000000000000000000000000000000,1,1,0,0000000000000000000000000000000000000000000000000000000000000000000000000000000000000000000000000001a0be4185bf580000000000000000
978,978,0,1,1,0,00000000000000000000000000000000000000000000000000000000000000000000000000000000000000000000000000000000000000000000000000170003,1,1,0,0000000000000000000000000000000000000000000000000000000000000000000000000000000000000000000000000001a0bfc104814c0000000000000000
979,979,0,1,0,0,00000000000000000000000000000000000000000000000000000000000000000000000000000000000000000000000000000000000000000000000012345678,1,1,0,000000000000000000000000000000000000000000000000000000000000000000000000000000000000000000000000000192fe40ab32960000000000000000
980,980,0,1,0,0,00000000000000000000000000000000000000000000000000000000000000000000000000000000000000000000000000000000000000000000000012345678,1,1,0,000000000000000000000000000000000000000000000000000000000000000000000000000000000000000000000000000192ffc0699ad00000000000000000
981,981,0,1,0,0,00000000000000000000000000000000000000000000000000000000000000000000000000000000000000000000000000000000000000000000000012345678,1,1,0,000000000000000000000000000000000000000000000000000000000000000000000000000000000000000000000000000194fec11c02a80000000000000000
982,982,0,1,0,0,00000000000000000000000000000000000000000000000000000000000000000000000000000000000000000000000000000000000000000000000012345678,1,1,0,000000000000000000000000000000000000000000000000000000000000000000000000000000000000000000000000000194ff40c7faac0000000000000000
983,983,0,1,0,0,00000000000000000000000000000000000000000000000000000000000000000000000000000000000000000000000000000000000000000000000012345678,1,1,0,000000000000000000000000000000000000000000000000000000000000000000000000000000000000000000000000000196fec19ea3900000000000000000
984,984,0,1,0,0,00000000000000000000000000000000000000000000000000000000000000000000000000000000000000000000000000000000000000000000000012345678,1,1,0,000000000000000000000000000000000000000000000000000000000000000000000000000000000000000000000000000196ff4122b8dc0000000000000000
985,985,0,1,0,0,00000000000000000000000000000000000000000000000000000000000000000000000000000000000000000000000000000000000000000000000012345678,1,1,0,000000000000000000000000000000000000000000000000000000000000000000000000000000000000000000000000000198fec21ef6240000000000000000
986,986,0,1,1,0,00000000000000000000000000000000000000000000000000000000000000000000000000000000000000000000000000000000000000000000000012345678,1,1,0,000000000000000000000000000000000000000000000000000000000000000000000000000000000000000000000000000198ffc14bd8940000000000000000
987,987,0,1,1,0,0000000000000000000000000000000000000000000000000000000000000000000000000000000000000000000000000000000000000000000000001c754f19,1,1,0,00000000000000000000000000000000000000000000000000000000000000000000000000000000000000000000000000019afe418aa7660000000000000000
988,988,0,1,1,0,0000000000000000000000000000000000000000000000000000000000000000000000000000000000000000000000000000000000000000000000000301000c,1,1,0,00000000000000000000000000000000000000000000000000000000000000000000000000000000000000000000000000019aff40aa9d9e0000000000000000
989,989,0,1,1,0,00000000000000000000000000000000000000000000000000000000000000000000000000000000000000000000000000000000000000000000000000410112,1,1,0,00000000000000000000000000000000000000000000000000000000000000000000000000000000000000000000000000019cfe419eda120000000000000000
990,990,0,1,1,0,00000000000000000000000000000000000000000000000000000000000000000000000000000000000000000000000000000000000000000000000000069585,1,1,0,00000000000000000000000000000000000000000000000000000000000000000000000000000000000000000000000000019cffc1a925ec0000000000000000
991,991,0,1,1,0,000000000000000000000000000000000000000000000000000000000000000000000000000000000000000000000000000000000000000000000000760297fa,1,1,0,00000000000000000000000000000000000000000000000000000000000000000000000000000000000000000000000000019efe4184cf1a0000000000000000
992,992,0,1,1,0,00000000000000000000000000000000000000000000000000000000000000000000000000000000000000000000000000000000000000000000000000000c63,1,1,0,00000000000000000000000000000000000000000000000000000000000000000000000000000000000000000000000000019effc21198700000000000000000
993,993,0,1,1,0,00000000000000000000000000000000000000000000000000000000000000000000000000000000000000000000000000000000000000000000000000000084,1,1,0,0000000000000000000000000000000000000000000000000000000000000000000000000000000000000000000000000001a0fe412e11a60000000000000000
994,994,0,1,1,0,00000000000000000000000000000000000000000000000000000000000000000000000000000000000000000000000000000000000000000000000000000004,1,1,0,0000000000000000000000000000000000000000000000000000000000000000000000000000000000000000000000000001a0ffc1a0f72c0000000000000000
995,995,0,1,1,0,00000000000000000000000000000000000000000000000000000000000000000000000000000000000000000000000000000000000000000000000000000064,1,1,0,0000000000000000000000000000000000000000000000000000000000000000000000000000000000000000000000000001933ec11edf540000000000000000
996,996,0,1,1,0,00000000000000000000000000000000000000000000000000000000000000000000000000000000000000000000000000000000000000000000000039180000,1,1,0,0000000000000000000000000000000000000000000000000000000000000000000000000000000000000000000000000001933fc1e76fac0000000000000000
997,997,0,1,1,0,00000000000000000000000000000000000000000000000000000000000000000000000000000000000000000000000000000000000000000000000000000324,1,1,0,0000000000000000000000000000000000000000000000000000000000000000000000000000000000000000000000000001953ec14ad60c0000000000000000
998,998,0,1,1,0,00000000000000000000000000000000000000000000000000000000000000000000000000000000000000000000000000000000000000000000000000120057,1,1,0,0000000000000000000000000000000000000000000000000000000000000000000000000000000000000000000000000001953fc202b5840000000000000000
999,999,0,1,1,0,00000000000000000000000000000000000000000000000000000000000000000000000000000000000000000000000000000000000000000000000000000000,1,1,0,0000000000000000000000000000000000000000000000000000000000000000000000000000000000000000000000000001973ec1aec7140000000000000000
1000,1000,0,1,1,0,00000000000000000000000000000000000000000000000000000000000000000000000000000000000000000000000000000000000000000000000000000000,1,1,0,0000000000000000000000000000000000000000000000000000000000000000000000000000000000000000000000000001973f415271d40000000000000000
1001,1001,0,1,1,0,00000000000000000000000000000000000000000000000000000000000000000000000000000000000000000000000000000000000000000000000000000000,1,1,0,0000000000000000000000000000000000000000000000000000000000000000000000000000000000000000000000000001993e3e90e3000000000000000000
1002,1002,0,1,1,0,00000000000000000000000000000000000000000000000000000000000000000000000000000000000000000000000000000000000000000000000000010004,1,1,0,0000000000000000000000000000000000000000000000000000000000000000000000000000000000000000000000000001993fc17b78e80000000000000000
1003,1003,0,1,1,0,00000000000000000000000000000000000000000000000000000000000000000000000000000000000000000000000000000000000000000000000000020000,1,1,0,00000000000000000000000000000000000000000000000000000000000000000000000000000000000000000000000000019b3e420571240000000000000000
1004,1004,0,1,1,0,00000000000000000000000000000000000000000000000000000000000000000000000000000000000000000000000000000000000000000000000000000001,1,1,0,00000000000000000000000000000000000000000000000000000000000000000000000000000000000000000000000000019b3fc11a3b680000000000000000
1005,1005,0,1,1,0,000000000000000000000000000000000000000000000000000000000000000000000000000000000000000000000000000000000000000000000000ffffffff,1,1,0,00000000000000000000000000000000000000000000000000000000000000000000000000000000000000000000000000019d3e413111e80000000000000000
1006,1006,0,1,1,0,000000000000000000000000000000000000000000000000000000000000000000000000000000000000000000000000000000000000000000000000ffffffff,1,1,0,00000000000000000000000000000000000000000000000000000000000000000000000000000000000000000000000000019d3f40c223d00000000000000000
1007,1007,0,1,1,0,000000000000000000000000000000000000000000000000000000000000000000000000000000000000000000000000000000000000000000000000ffffffff,1,1,0,00000000000000000000000000000000000000000000000000000000000000000000000000000000000000000000000000019f3e41d1a4c80000000000000000
1008,1008,0,1,1,0,000000000000000000000000000000000000000000000000000000000000000000000000000000000000000000000000000000000000000000000000ffffffff,1,1,0,00000000000000000000000000000000000000000000000000000000000000000000000000000000000000000000000000019f3fc1d65b380000000000000000
1009,1009,0,1,1,0,000000000000000000000000000000000000000000000000000000000000000000000000000000000000000000000000000000000000000000000000ffffffff,1,1,0,0000000000000000000000000000000000000000000000000000000000000000000000000000000000000000000000000001a13e41ca30e00000000000000000
1010,1010,0,1,1,0,000000000000000000000000000000000000000000000000000000000000000000000000000000000000000000000000000000000000000000000000ffffffff,1,1,0,0000000000000000000000000000000000000000000000000000000000000000000000000000000000000000000000000001a13f3fa30e300000000000000000
1011,1011,0,1,1,0,000000000000000000000000000000000000000000000000000000000000000000000000000000000000000000000000000000000000000000000000ffffffff,1,1,0,0000000000000000000000000000000000000000000000000000000000000000000000000000000000000000000000000001937ebf3f9c700000000000000000
1012,1012,0,1,1,0,000000000000000000000000000000000000000000000000000000000000000000000000000000000000000000000000000000000000000000000000ffffffff,1,1,0,0000000000000000000000000000000000000000000000000000000000000000000000000000000000000000000000000001937fc0b7f3900000000000000000
1013,1013,0,1,1,0,00000000000000000000000000000000000000000000000000000000000000000000000000000000000000000000000000000000000000000000000000000000,1,1,0,0000000000000000000000000000000000000000000000000000000000000000000000000000000000000000000000000001957e418a48bc0000000000000000
1014,1014,0,1,1,0,00000000000000000000000000000000000000000000000000000000000000000000000000000000000000000000000000000000000000000000000000000000,1,1,0,0000000000000000000000000000000000000000000000000000000000000000000000000000000000000000000000000001957f40a922f00000000000000000
1015,1015,0,1,1,0,00000000000000000000000000000000000000000000000000000000000000000000000000000000000000000000000000000000000000000000000000000000,1,1,0,0000000000000000000000000000000000000000000000000000000000000000000000000000000000000000000000000001977ec1c4c5a80000000000000000
1016,1016,0,1,1,0,00000000000000000000000000000000000000000000000000000000000000000000000000000000000000000000000000000000000000000000000000000000,1,1,0,0000000000000000000000000000000000000000000000000000000000000000000000000000000000000000000000000001977f3fb3a5780000000000000000
1017,1017,0,1,1,0,00000000000000000000000000000000000000000000000000000000000000000000000000000000000000000000000000000000000000000000000000000000,1,1,0,0000000000000000000000000000000000000000000000000000000000000000000000000000000000000000000000000001997e4017c3340000000000000000
1018,1018,0,1,1,0,00000000000000000000000000000000000000000000000000000000000000000000000000000000000000000000000000000000000000000000000000000000,1,1,0,0000000000000000000000000000000000000000000000000000000000000000000000000000000000000000000000000001997fc1ad07980000000000000000
1019,1019,0,1,1,0,00000000000000000000000000000000000000000000000000000000000000000000000000000000000000000000000000000000000000000000000000000000,1,1,0,00000000000000000000000000000000000000000000000000000000000000000000000000000000000000000000000000019b7ec19438fc0000000000000000
1020,1020,0,1,1,0,00000000000000000000000000000000000000000000000000000000000000000000000000000000000000000000000000000000000000000000000000000000,1,1,0,00000000000000000000000000000000000000000000000000000000000000000000000000000000000000000000000000019b7f3ef1c0600000000000000000
1021,1021,0,1,1,0,0000000000000000000000000000000000000000000000000000000000000000000000000000000000000000000000000000000000000000000000000000c5c5,1,1,0,00000000000000000000000000000000000000000000000000000000000000000000000000000000000000000000000000019d7ec21a36f40000000000000000
1022,1022,0,1,1,0,000000000000000000000000000000000000000000000000000000000000000000000000000000000000000000000000000000000000000000000000c6c6c7c7,1,1,0,00000000000000000000000000000000000000000000000000000000000000000000000000000000000000000000000000019d7fc0d1b7a00000000000000000
1023,1023,0,1,1,0,000000000000000000000000000000000000000000000000000000000000000000000000000000000000000000000000000000000000000000000000c4c47373,1,1,0,00000000000000000000000000000000000000000000000000000000000000000000000000000000000000000000000000019f7ec07771800000000000000000
