Sample in Buffer,Sample in Window,TRIGGER,inst_shell/inst_dynamic/inst_user_wrapper_0/inst_user_c0_0/axis_host_recv[0]\\.tvalid,inst_shell/inst_dynamic/inst_user_wrapper_0/inst_user_c0_0/axis_host_recv[0]\\.tready,inst_shell/inst_dynamic/inst_user_wrapper_0/inst_user_c0_0/axis_host_recv[0]\\.tlast,inst_shell/inst_dynamic/inst_user_wrapper_0/inst_user_c0_0/axis_host_recv[0]\\.tdata[511:0],inst_shell/inst_dynamic/inst_user_wrapper_0/inst_user_c0_0/axis_host_send[0]\\.tvalid,inst_shell/inst_dynamic/inst_user_wrapper_0/inst_user_c0_0/axis_host_send[0]\\.tready,inst_shell/inst_dynamic/inst_user_wrapper_0/inst_user_c0_0/axis_host_send[0]\\.tlast,inst_shell/inst_dynamic/inst_user_wrapper_0/inst_user_c0_0/axis_host_send[0]\\.tdata[511:0]
Radix - UNSIGNED,UNSIGNED,UNSIGNED,HEX,HEX,HEX,HEX,HEX,HEX,HEX,HEX
0,0,0,0,1,0,00000000000000000000000000000000000000000000000000000000000000000000000000000000000000000000000000000000000000000000000000000000,0,1,0,00000000000000000000000000000000000000000000000000000000000000000000000000000000000000000000000000000000000000000000000000000000
1,1,0,0,1,0,00000000000000000000000000000000000000000000000000000000000000000000000000000000000000000000000000000000000000000000000000000000,0,1,0,00000000000000000000000000000000000000000000000000000000000000000000000000000000000000000000000000000000000000000000000000000000
2,2,0,0,1,0,00000000000000000000000000000000000000000000000000000000000000000000000000000000000000000000000000000000000000000000000000000000,0,1,0,00000000000000000000000000000000000000000000000000000000000000000000000000000000000000000000000000000000000000000000000000000000
3,3,0,0,1,0,00000000000000000000000000000000000000000000000000000000000000000000000000000000000000000000000000000000000000000000000000000000,0,1,0,00000000000000000000000000000000000000000000000000000000000000000000000000000000000000000000000000000000000000000000000000000000
4,4,0,0,1,0,00000000000000000000000000000000000000000000000000000000000000000000000000000000000000000000000000000000000000000000000000000000,0,1,0,00000000000000000000000000000000000000000000000000000000000000000000000000000000000000000000000000000000000000000000000000000000
5,5,0,0,1,0,00000000000000000000000000000000000000000000000000000000000000000000000000000000000000000000000000000000000000000000000000000000,0,1,0,00000000000000000000000000000000000000000000000000000000000000000000000000000000000000000000000000000000000000000000000000000000
6,6,0,0,1,0,00000000000000000000000000000000000000000000000000000000000000000000000000000000000000000000000000000000000000000000000000000000,0,1,0,00000000000000000000000000000000000000000000000000000000000000000000000000000000000000000000000000000000000000000000000000000000
7,7,0,0,1,0,00000000000000000000000000000000000000000000000000000000000000000000000000000000000000000000000000000000000000000000000000000000,0,1,0,00000000000000000000000000000000000000000000000000000000000000000000000000000000000000000000000000000000000000000000000000000000
8,8,0,0,1,0,00000000000000000000000000000000000000000000000000000000000000000000000000000000000000000000000000000000000000000000000000000000,0,1,0,00000000000000000000000000000000000000000000000000000000000000000000000000000000000000000000000000000000000000000000000000000000
9,9,0,0,1,0,00000000000000000000000000000000000000000000000000000000000000000000000000000000000000000000000000000000000000000000000000000000,0,1,0,00000000000000000000000000000000000000000000000000000000000000000000000000000000000000000000000000000000000000000000000000000000
10,10,0,0,1,0,00000000000000000000000000000000000000000000000000000000000000000000000000000000000000000000000000000000000000000000000000000000,0,1,0,00000000000000000000000000000000000000000000000000000000000000000000000000000000000000000000000000000000000000000000000000000000
11,11,0,0,1,0,00000000000000000000000000000000000000000000000000000000000000000000000000000000000000000000000000000000000000000000000000000000,0,1,0,00000000000000000000000000000000000000000000000000000000000000000000000000000000000000000000000000000000000000000000000000000000
12,12,0,0,1,0,00000000000000000000000000000000000000000000000000000000000000000000000000000000000000000000000000000000000000000000000000000000,0,1,0,00000000000000000000000000000000000000000000000000000000000000000000000000000000000000000000000000000000000000000000000000000000
13,13,0,0,1,0,00000000000000000000000000000000000000000000000000000000000000000000000000000000000000000000000000000000000000000000000000000000,0,1,0,00000000000000000000000000000000000000000000000000000000000000000000000000000000000000000000000000000000000000000000000000000000
14,14,0,0,1,0,00000000000000000000000000000000000000000000000000000000000000000000000000000000000000000000000000000000000000000000000000000000,0,1,0,00000000000000000000000000000000000000000000000000000000000000000000000000000000000000000000000000000000000000000000000000000000
15,15,0,0,1,0,00000000000000000000000000000000000000000000000000000000000000000000000000000000000000000000000000000000000000000000000000000000,0,1,0,00000000000000000000000000000000000000000000000000000000000000000000000000000000000000000000000000000000000000000000000000000000
16,16,0,0,1,0,00000000000000000000000000000000000000000000000000000000000000000000000000000000000000000000000000000000000000000000000000000000,0,1,0,00000000000000000000000000000000000000000000000000000000000000000000000000000000000000000000000000000000000000000000000000000000
17,17,0,0,1,0,00000000000000000000000000000000000000000000000000000000000000000000000000000000000000000000000000000000000000000000000000000000,0,1,0,00000000000000000000000000000000000000000000000000000000000000000000000000000000000000000000000000000000000000000000000000000000
18,18,0,0,1,0,00000000000000000000000000000000000000000000000000000000000000000000000000000000000000000000000000000000000000000000000000000000,0,1,0,00000000000000000000000000000000000000000000000000000000000000000000000000000000000000000000000000000000000000000000000000000000
19,19,0,0,1,0,00000000000000000000000000000000000000000000000000000000000000000000000000000000000000000000000000000000000000000000000000000000,0,1,0,00000000000000000000000000000000000000000000000000000000000000000000000000000000000000000000000000000000000000000000000000000000
20,20,0,0,1,0,00000000000000000000000000000000000000000000000000000000000000000000000000000000000000000000000000000000000000000000000000000000,0,1,0,00000000000000000000000000000000000000000000000000000000000000000000000000000000000000000000000000000000000000000000000000000000
21,21,0,0,1,0,00000000000000000000000000000000000000000000000000000000000000000000000000000000000000000000000000000000000000000000000000000000,0,1,0,00000000000000000000000000000000000000000000000000000000000000000000000000000000000000000000000000000000000000000000000000000000
22,22,0,0,1,0,00000000000000000000000000000000000000000000000000000000000000000000000000000000000000000000000000000000000000000000000000000000,0,1,0,00000000000000000000000000000000000000000000000000000000000000000000000000000000000000000000000000000000000000000000000000000000
23,23,0,0,1,0,00000000000000000000000000000000000000000000000000000000000000000000000000000000000000000000000000000000000000000000000000000000,0,1,0,00000000000000000000000000000000000000000000000000000000000000000000000000000000000000000000000000000000000000000000000000000000
24,24,0,0,1,0,00000000000000000000000000000000000000000000000000000000000000000000000000000000000000000000000000000000000000000000000000000000,0,1,0,00000000000000000000000000000000000000000000000000000000000000000000000000000000000000000000000000000000000000000000000000000000
25,25,0,0,1,0,00000000000000000000000000000000000000000000000000000000000000000000000000000000000000000000000000000000000000000000000000000000,0,1,0,00000000000000000000000000000000000000000000000000000000000000000000000000000000000000000000000000000000000000000000000000000000
26,26,0,0,1,0,00000000000000000000000000000000000000000000000000000000000000000000000000000000000000000000000000000000000000000000000000000000,0,1,0,00000000000000000000000000000000000000000000000000000000000000000000000000000000000000000000000000000000000000000000000000000000
27,27,0,0,1,0,00000000000000000000000000000000000000000000000000000000000000000000000000000000000000000000000000000000000000000000000000000000,0,1,0,00000000000000000000000000000000000000000000000000000000000000000000000000000000000000000000000000000000000000000000000000000000
28,28,0,0,1,0,00000000000000000000000000000000000000000000000000000000000000000000000000000000000000000000000000000000000000000000000000000000,0,1,0,00000000000000000000000000000000000000000000000000000000000000000000000000000000000000000000000000000000000000000000000000000000
29,29,0,0,1,0,00000000000000000000000000000000000000000000000000000000000000000000000000000000000000000000000000000000000000000000000000000000,0,1,0,00000000000000000000000000000000000000000000000000000000000000000000000000000000000000000000000000000000000000000000000000000000
30,30,0,0,1,0,00000000000000000000000000000000000000000000000000000000000000000000000000000000000000000000000000000000000000000000000000000000,0,1,0,00000000000000000000000000000000000000000000000000000000000000000000000000000000000000000000000000000000000000000000000000000000
31,31,0,0,1,0,00000000000000000000000000000000000000000000000000000000000000000000000000000000000000000000000000000000000000000000000000000000,0,1,0,00000000000000000000000000000000000000000000000000000000000000000000000000000000000000000000000000000000000000000000000000000000
32,32,0,0,1,0,00000000000000000000000000000000000000000000000000000000000000000000000000000000000000000000000000000000000000000000000000000000,0,1,0,00000000000000000000000000000000000000000000000000000000000000000000000000000000000000000000000000000000000000000000000000000000
33,33,0,0,1,0,00000000000000000000000000000000000000000000000000000000000000000000000000000000000000000000000000000000000000000000000000000000,0,1,0,00000000000000000000000000000000000000000000000000000000000000000000000000000000000000000000000000000000000000000000000000000000
34,34,0,0,1,0,00000000000000000000000000000000000000000000000000000000000000000000000000000000000000000000000000000000000000000000000000000000,0,1,0,00000000000000000000000000000000000000000000000000000000000000000000000000000000000000000000000000000000000000000000000000000000
35,35,0,0,1,0,00000000000000000000000000000000000000000000000000000000000000000000000000000000000000000000000000000000000000000000000000000000,0,1,0,00000000000000000000000000000000000000000000000000000000000000000000000000000000000000000000000000000000000000000000000000000000
36,36,0,0,1,0,00000000000000000000000000000000000000000000000000000000000000000000000000000000000000000000000000000000000000000000000000000000,0,1,0,00000000000000000000000000000000000000000000000000000000000000000000000000000000000000000000000000000000000000000000000000000000
37,37,0,0,1,0,00000000000000000000000000000000000000000000000000000000000000000000000000000000000000000000000000000000000000000000000000000000,0,1,0,00000000000000000000000000000000000000000000000000000000000000000000000000000000000000000000000000000000000000000000000000000000
38,38,0,0,1,0,00000000000000000000000000000000000000000000000000000000000000000000000000000000000000000000000000000000000000000000000000000000,0,1,0,00000000000000000000000000000000000000000000000000000000000000000000000000000000000000000000000000000000000000000000000000000000
39,39,0,0,1,0,00000000000000000000000000000000000000000000000000000000000000000000000000000000000000000000000000000000000000000000000000000000,0,1,0,00000000000000000000000000000000000000000000000000000000000000000000000000000000000000000000000000000000000000000000000000000000
40,40,0,0,1,0,00000000000000000000000000000000000000000000000000000000000000000000000000000000000000000000000000000000000000000000000000000000,0,1,0,00000000000000000000000000000000000000000000000000000000000000000000000000000000000000000000000000000000000000000000000000000000
41,41,0,0,1,0,00000000000000000000000000000000000000000000000000000000000000000000000000000000000000000000000000000000000000000000000000000000,0,1,0,00000000000000000000000000000000000000000000000000000000000000000000000000000000000000000000000000000000000000000000000000000000
42,42,0,0,1,0,00000000000000000000000000000000000000000000000000000000000000000000000000000000000000000000000000000000000000000000000000000000,0,1,0,00000000000000000000000000000000000000000000000000000000000000000000000000000000000000000000000000000000000000000000000000000000
43,43,0,0,1,0,00000000000000000000000000000000000000000000000000000000000000000000000000000000000000000000000000000000000000000000000000000000,0,1,0,00000000000000000000000000000000000000000000000000000000000000000000000000000000000000000000000000000000000000000000000000000000
44,44,0,0,1,0,00000000000000000000000000000000000000000000000000000000000000000000000000000000000000000000000000000000000000000000000000000000,0,1,0,00000000000000000000000000000000000000000000000000000000000000000000000000000000000000000000000000000000000000000000000000000000
45,45,0,0,1,0,00000000000000000000000000000000000000000000000000000000000000000000000000000000000000000000000000000000000000000000000000000000,0,1,0,00000000000000000000000000000000000000000000000000000000000000000000000000000000000000000000000000000000000000000000000000000000
46,46,0,0,1,0,00000000000000000000000000000000000000000000000000000000000000000000000000000000000000000000000000000000000000000000000000000000,0,1,0,00000000000000000000000000000000000000000000000000000000000000000000000000000000000000000000000000000000000000000000000000000000
47,47,0,0,1,0,00000000000000000000000000000000000000000000000000000000000000000000000000000000000000000000000000000000000000000000000000000000,0,1,0,00000000000000000000000000000000000000000000000000000000000000000000000000000000000000000000000000000000000000000000000000000000
48,48,0,0,1,0,00000000000000000000000000000000000000000000000000000000000000000000000000000000000000000000000000000000000000000000000000000000,0,1,0,00000000000000000000000000000000000000000000000000000000000000000000000000000000000000000000000000000000000000000000000000000000
49,49,0,0,1,0,00000000000000000000000000000000000000000000000000000000000000000000000000000000000000000000000000000000000000000000000000000000,0,1,0,00000000000000000000000000000000000000000000000000000000000000000000000000000000000000000000000000000000000000000000000000000000
50,50,0,0,1,0,00000000000000000000000000000000000000000000000000000000000000000000000000000000000000000000000000000000000000000000000000000000,0,1,0,00000000000000000000000000000000000000000000000000000000000000000000000000000000000000000000000000000000000000000000000000000000
51,51,0,0,1,0,00000000000000000000000000000000000000000000000000000000000000000000000000000000000000000000000000000000000000000000000000000000,0,1,0,00000000000000000000000000000000000000000000000000000000000000000000000000000000000000000000000000000000000000000000000000000000
52,52,0,0,1,0,00000000000000000000000000000000000000000000000000000000000000000000000000000000000000000000000000000000000000000000000000000000,0,1,0,00000000000000000000000000000000000000000000000000000000000000000000000000000000000000000000000000000000000000000000000000000000
53,53,0,0,1,0,00000000000000000000000000000000000000000000000000000000000000000000000000000000000000000000000000000000000000000000000000000000,0,1,0,00000000000000000000000000000000000000000000000000000000000000000000000000000000000000000000000000000000000000000000000000000000
54,54,0,0,1,0,00000000000000000000000000000000000000000000000000000000000000000000000000000000000000000000000000000000000000000000000000000000,0,1,0,00000000000000000000000000000000000000000000000000000000000000000000000000000000000000000000000000000000000000000000000000000000
55,55,0,0,1,0,00000000000000000000000000000000000000000000000000000000000000000000000000000000000000000000000000000000000000000000000000000000,0,1,0,00000000000000000000000000000000000000000000000000000000000000000000000000000000000000000000000000000000000000000000000000000000
56,56,0,0,1,0,00000000000000000000000000000000000000000000000000000000000000000000000000000000000000000000000000000000000000000000000000000000,0,1,0,00000000000000000000000000000000000000000000000000000000000000000000000000000000000000000000000000000000000000000000000000000000
57,57,0,0,1,0,00000000000000000000000000000000000000000000000000000000000000000000000000000000000000000000000000000000000000000000000000000000,0,1,0,00000000000000000000000000000000000000000000000000000000000000000000000000000000000000000000000000000000000000000000000000000000
58,58,0,0,1,0,00000000000000000000000000000000000000000000000000000000000000000000000000000000000000000000000000000000000000000000000000000000,0,1,0,00000000000000000000000000000000000000000000000000000000000000000000000000000000000000000000000000000000000000000000000000000000
59,59,0,0,1,0,00000000000000000000000000000000000000000000000000000000000000000000000000000000000000000000000000000000000000000000000000000000,0,1,0,00000000000000000000000000000000000000000000000000000000000000000000000000000000000000000000000000000000000000000000000000000000
60,60,0,0,1,0,00000000000000000000000000000000000000000000000000000000000000000000000000000000000000000000000000000000000000000000000000000000,0,1,0,00000000000000000000000000000000000000000000000000000000000000000000000000000000000000000000000000000000000000000000000000000000
61,61,0,0,1,0,00000000000000000000000000000000000000000000000000000000000000000000000000000000000000000000000000000000000000000000000000000000,0,1,0,00000000000000000000000000000000000000000000000000000000000000000000000000000000000000000000000000000000000000000000000000000000
62,62,0,0,1,0,00000000000000000000000000000000000000000000000000000000000000000000000000000000000000000000000000000000000000000000000000000000,0,1,0,00000000000000000000000000000000000000000000000000000000000000000000000000000000000000000000000000000000000000000000000000000000
63,63,0,0,1,0,00000000000000000000000000000000000000000000000000000000000000000000000000000000000000000000000000000000000000000000000000000000,0,1,0,00000000000000000000000000000000000000000000000000000000000000000000000000000000000000000000000000000000000000000000000000000000
64,64,0,0,1,0,00000000000000000000000000000000000000000000000000000000000000000000000000000000000000000000000000000000000000000000000000000000,0,1,0,00000000000000000000000000000000000000000000000000000000000000000000000000000000000000000000000000000000000000000000000000000000
65,65,0,0,1,0,00000000000000000000000000000000000000000000000000000000000000000000000000000000000000000000000000000000000000000000000000000000,0,1,0,00000000000000000000000000000000000000000000000000000000000000000000000000000000000000000000000000000000000000000000000000000000
66,66,0,0,1,0,00000000000000000000000000000000000000000000000000000000000000000000000000000000000000000000000000000000000000000000000000000000,0,1,0,00000000000000000000000000000000000000000000000000000000000000000000000000000000000000000000000000000000000000000000000000000000
67,67,0,0,1,0,00000000000000000000000000000000000000000000000000000000000000000000000000000000000000000000000000000000000000000000000000000000,0,1,0,00000000000000000000000000000000000000000000000000000000000000000000000000000000000000000000000000000000000000000000000000000000
68,68,0,0,1,0,00000000000000000000000000000000000000000000000000000000000000000000000000000000000000000000000000000000000000000000000000000000,0,1,0,00000000000000000000000000000000000000000000000000000000000000000000000000000000000000000000000000000000000000000000000000000000
69,69,0,0,1,0,00000000000000000000000000000000000000000000000000000000000000000000000000000000000000000000000000000000000000000000000000000000,0,1,0,00000000000000000000000000000000000000000000000000000000000000000000000000000000000000000000000000000000000000000000000000000000
70,70,0,0,1,0,00000000000000000000000000000000000000000000000000000000000000000000000000000000000000000000000000000000000000000000000000000000,0,1,0,00000000000000000000000000000000000000000000000000000000000000000000000000000000000000000000000000000000000000000000000000000000
71,71,0,0,1,0,00000000000000000000000000000000000000000000000000000000000000000000000000000000000000000000000000000000000000000000000000000000,0,1,0,00000000000000000000000000000000000000000000000000000000000000000000000000000000000000000000000000000000000000000000000000000000
72,72,0,0,1,0,00000000000000000000000000000000000000000000000000000000000000000000000000000000000000000000000000000000000000000000000000000000,0,1,0,00000000000000000000000000000000000000000000000000000000000000000000000000000000000000000000000000000000000000000000000000000000
73,73,0,0,1,0,00000000000000000000000000000000000000000000000000000000000000000000000000000000000000000000000000000000000000000000000000000000,0,1,0,00000000000000000000000000000000000000000000000000000000000000000000000000000000000000000000000000000000000000000000000000000000
74,74,0,0,1,0,00000000000000000000000000000000000000000000000000000000000000000000000000000000000000000000000000000000000000000000000000000000,0,1,0,00000000000000000000000000000000000000000000000000000000000000000000000000000000000000000000000000000000000000000000000000000000
75,75,0,0,1,0,00000000000000000000000000000000000000000000000000000000000000000000000000000000000000000000000000000000000000000000000000000000,0,1,0,00000000000000000000000000000000000000000000000000000000000000000000000000000000000000000000000000000000000000000000000000000000
76,76,0,0,1,0,00000000000000000000000000000000000000000000000000000000000000000000000000000000000000000000000000000000000000000000000000000000,0,1,0,00000000000000000000000000000000000000000000000000000000000000000000000000000000000000000000000000000000000000000000000000000000
77,77,0,0,1,0,00000000000000000000000000000000000000000000000000000000000000000000000000000000000000000000000000000000000000000000000000000000,0,1,0,00000000000000000000000000000000000000000000000000000000000000000000000000000000000000000000000000000000000000000000000000000000
78,78,0,0,1,0,00000000000000000000000000000000000000000000000000000000000000000000000000000000000000000000000000000000000000000000000000000000,0,1,0,00000000000000000000000000000000000000000000000000000000000000000000000000000000000000000000000000000000000000000000000000000000
79,79,0,0,1,0,00000000000000000000000000000000000000000000000000000000000000000000000000000000000000000000000000000000000000000000000000000000,0,1,0,00000000000000000000000000000000000000000000000000000000000000000000000000000000000000000000000000000000000000000000000000000000
80,80,0,0,1,0,00000000000000000000000000000000000000000000000000000000000000000000000000000000000000000000000000000000000000000000000000000000,0,1,0,00000000000000000000000000000000000000000000000000000000000000000000000000000000000000000000000000000000000000000000000000000000
81,81,0,0,1,0,00000000000000000000000000000000000000000000000000000000000000000000000000000000000000000000000000000000000000000000000000000000,0,1,0,00000000000000000000000000000000000000000000000000000000000000000000000000000000000000000000000000000000000000000000000000000000
82,82,0,0,1,0,00000000000000000000000000000000000000000000000000000000000000000000000000000000000000000000000000000000000000000000000000000000,0,1,0,00000000000000000000000000000000000000000000000000000000000000000000000000000000000000000000000000000000000000000000000000000000
83,83,0,0,1,0,00000000000000000000000000000000000000000000000000000000000000000000000000000000000000000000000000000000000000000000000000000000,0,1,0,00000000000000000000000000000000000000000000000000000000000000000000000000000000000000000000000000000000000000000000000000000000
84,84,0,0,1,0,00000000000000000000000000000000000000000000000000000000000000000000000000000000000000000000000000000000000000000000000000000000,0,1,0,00000000000000000000000000000000000000000000000000000000000000000000000000000000000000000000000000000000000000000000000000000000
85,85,0,0,1,0,00000000000000000000000000000000000000000000000000000000000000000000000000000000000000000000000000000000000000000000000000000000,0,1,0,00000000000000000000000000000000000000000000000000000000000000000000000000000000000000000000000000000000000000000000000000000000
86,86,0,0,1,0,00000000000000000000000000000000000000000000000000000000000000000000000000000000000000000000000000000000000000000000000000000000,0,1,0,00000000000000000000000000000000000000000000000000000000000000000000000000000000000000000000000000000000000000000000000000000000
87,87,0,0,1,0,00000000000000000000000000000000000000000000000000000000000000000000000000000000000000000000000000000000000000000000000000000000,0,1,0,00000000000000000000000000000000000000000000000000000000000000000000000000000000000000000000000000000000000000000000000000000000
88,88,0,0,1,0,00000000000000000000000000000000000000000000000000000000000000000000000000000000000000000000000000000000000000000000000000000000,0,1,0,00000000000000000000000000000000000000000000000000000000000000000000000000000000000000000000000000000000000000000000000000000000
89,89,0,0,1,0,00000000000000000000000000000000000000000000000000000000000000000000000000000000000000000000000000000000000000000000000000000000,0,1,0,00000000000000000000000000000000000000000000000000000000000000000000000000000000000000000000000000000000000000000000000000000000
90,90,0,0,1,0,00000000000000000000000000000000000000000000000000000000000000000000000000000000000000000000000000000000000000000000000000000000,0,1,0,00000000000000000000000000000000000000000000000000000000000000000000000000000000000000000000000000000000000000000000000000000000
91,91,0,0,1,0,00000000000000000000000000000000000000000000000000000000000000000000000000000000000000000000000000000000000000000000000000000000,0,1,0,00000000000000000000000000000000000000000000000000000000000000000000000000000000000000000000000000000000000000000000000000000000
92,92,0,0,1,0,00000000000000000000000000000000000000000000000000000000000000000000000000000000000000000000000000000000000000000000000000000000,0,1,0,00000000000000000000000000000000000000000000000000000000000000000000000000000000000000000000000000000000000000000000000000000000
93,93,0,0,1,0,00000000000000000000000000000000000000000000000000000000000000000000000000000000000000000000000000000000000000000000000000000000,0,1,0,00000000000000000000000000000000000000000000000000000000000000000000000000000000000000000000000000000000000000000000000000000000
94,94,0,0,1,0,00000000000000000000000000000000000000000000000000000000000000000000000000000000000000000000000000000000000000000000000000000000,0,1,0,00000000000000000000000000000000000000000000000000000000000000000000000000000000000000000000000000000000000000000000000000000000
95,95,0,0,1,0,00000000000000000000000000000000000000000000000000000000000000000000000000000000000000000000000000000000000000000000000000000000,0,1,0,00000000000000000000000000000000000000000000000000000000000000000000000000000000000000000000000000000000000000000000000000000000
96,96,0,0,1,0,00000000000000000000000000000000000000000000000000000000000000000000000000000000000000000000000000000000000000000000000000000000,0,1,0,00000000000000000000000000000000000000000000000000000000000000000000000000000000000000000000000000000000000000000000000000000000
97,97,0,0,1,0,00000000000000000000000000000000000000000000000000000000000000000000000000000000000000000000000000000000000000000000000000000000,0,1,0,00000000000000000000000000000000000000000000000000000000000000000000000000000000000000000000000000000000000000000000000000000000
98,98,0,0,1,0,00000000000000000000000000000000000000000000000000000000000000000000000000000000000000000000000000000000000000000000000000000000,0,1,0,00000000000000000000000000000000000000000000000000000000000000000000000000000000000000000000000000000000000000000000000000000000
99,99,0,0,1,0,00000000000000000000000000000000000000000000000000000000000000000000000000000000000000000000000000000000000000000000000000000000,0,1,0,00000000000000000000000000000000000000000000000000000000000000000000000000000000000000000000000000000000000000000000000000000000
100,100,0,0,1,0,00000000000000000000000000000000000000000000000000000000000000000000000000000000000000000000000000000000000000000000000000000000,0,1,0,00000000000000000000000000000000000000000000000000000000000000000000000000000000000000000000000000000000000000000000000000000000
101,101,0,0,1,0,00000000000000000000000000000000000000000000000000000000000000000000000000000000000000000000000000000000000000000000000000000000,0,1,0,00000000000000000000000000000000000000000000000000000000000000000000000000000000000000000000000000000000000000000000000000000000
102,102,0,0,1,0,00000000000000000000000000000000000000000000000000000000000000000000000000000000000000000000000000000000000000000000000000000000,0,1,0,00000000000000000000000000000000000000000000000000000000000000000000000000000000000000000000000000000000000000000000000000000000
103,103,0,0,1,0,00000000000000000000000000000000000000000000000000000000000000000000000000000000000000000000000000000000000000000000000000000000,0,1,0,00000000000000000000000000000000000000000000000000000000000000000000000000000000000000000000000000000000000000000000000000000000
104,104,0,0,1,0,00000000000000000000000000000000000000000000000000000000000000000000000000000000000000000000000000000000000000000000000000000000,0,1,0,00000000000000000000000000000000000000000000000000000000000000000000000000000000000000000000000000000000000000000000000000000000
105,105,0,0,1,0,00000000000000000000000000000000000000000000000000000000000000000000000000000000000000000000000000000000000000000000000000000000,0,1,0,00000000000000000000000000000000000000000000000000000000000000000000000000000000000000000000000000000000000000000000000000000000
106,106,0,0,1,0,00000000000000000000000000000000000000000000000000000000000000000000000000000000000000000000000000000000000000000000000000000000,0,1,0,00000000000000000000000000000000000000000000000000000000000000000000000000000000000000000000000000000000000000000000000000000000
107,107,0,0,1,0,00000000000000000000000000000000000000000000000000000000000000000000000000000000000000000000000000000000000000000000000000000000,0,1,0,00000000000000000000000000000000000000000000000000000000000000000000000000000000000000000000000000000000000000000000000000000000
108,108,0,0,1,0,00000000000000000000000000000000000000000000000000000000000000000000000000000000000000000000000000000000000000000000000000000000,0,1,0,00000000000000000000000000000000000000000000000000000000000000000000000000000000000000000000000000000000000000000000000000000000
109,109,0,0,1,0,00000000000000000000000000000000000000000000000000000000000000000000000000000000000000000000000000000000000000000000000000000000,0,1,0,00000000000000000000000000000000000000000000000000000000000000000000000000000000000000000000000000000000000000000000000000000000
110,110,0,0,1,0,00000000000000000000000000000000000000000000000000000000000000000000000000000000000000000000000000000000000000000000000000000000,0,1,0,00000000000000000000000000000000000000000000000000000000000000000000000000000000000000000000000000000000000000000000000000000000
111,111,0,0,1,0,00000000000000000000000000000000000000000000000000000000000000000000000000000000000000000000000000000000000000000000000000000000,0,1,0,00000000000000000000000000000000000000000000000000000000000000000000000000000000000000000000000000000000000000000000000000000000
112,112,0,0,1,0,00000000000000000000000000000000000000000000000000000000000000000000000000000000000000000000000000000000000000000000000000000000,0,1,0,00000000000000000000000000000000000000000000000000000000000000000000000000000000000000000000000000000000000000000000000000000000
113,113,0,0,1,0,00000000000000000000000000000000000000000000000000000000000000000000000000000000000000000000000000000000000000000000000000000000,0,1,0,00000000000000000000000000000000000000000000000000000000000000000000000000000000000000000000000000000000000000000000000000000000
114,114,0,0,1,0,00000000000000000000000000000000000000000000000000000000000000000000000000000000000000000000000000000000000000000000000000000000,0,1,0,00000000000000000000000000000000000000000000000000000000000000000000000000000000000000000000000000000000000000000000000000000000
115,115,0,0,1,0,00000000000000000000000000000000000000000000000000000000000000000000000000000000000000000000000000000000000000000000000000000000,0,1,0,00000000000000000000000000000000000000000000000000000000000000000000000000000000000000000000000000000000000000000000000000000000
116,116,0,0,1,0,00000000000000000000000000000000000000000000000000000000000000000000000000000000000000000000000000000000000000000000000000000000,0,1,0,00000000000000000000000000000000000000000000000000000000000000000000000000000000000000000000000000000000000000000000000000000000
117,117,0,0,1,0,00000000000000000000000000000000000000000000000000000000000000000000000000000000000000000000000000000000000000000000000000000000,0,1,0,00000000000000000000000000000000000000000000000000000000000000000000000000000000000000000000000000000000000000000000000000000000
118,118,0,0,1,0,00000000000000000000000000000000000000000000000000000000000000000000000000000000000000000000000000000000000000000000000000000000,0,1,0,00000000000000000000000000000000000000000000000000000000000000000000000000000000000000000000000000000000000000000000000000000000
119,119,0,0,1,0,00000000000000000000000000000000000000000000000000000000000000000000000000000000000000000000000000000000000000000000000000000000,0,1,0,00000000000000000000000000000000000000000000000000000000000000000000000000000000000000000000000000000000000000000000000000000000
120,120,0,0,1,0,00000000000000000000000000000000000000000000000000000000000000000000000000000000000000000000000000000000000000000000000000000000,0,1,0,00000000000000000000000000000000000000000000000000000000000000000000000000000000000000000000000000000000000000000000000000000000
121,121,0,0,1,0,00000000000000000000000000000000000000000000000000000000000000000000000000000000000000000000000000000000000000000000000000000000,0,1,0,00000000000000000000000000000000000000000000000000000000000000000000000000000000000000000000000000000000000000000000000000000000
122,122,0,0,1,0,00000000000000000000000000000000000000000000000000000000000000000000000000000000000000000000000000000000000000000000000000000000,0,1,0,00000000000000000000000000000000000000000000000000000000000000000000000000000000000000000000000000000000000000000000000000000000
123,123,0,0,1,0,00000000000000000000000000000000000000000000000000000000000000000000000000000000000000000000000000000000000000000000000000000000,0,1,0,00000000000000000000000000000000000000000000000000000000000000000000000000000000000000000000000000000000000000000000000000000000
124,124,0,0,1,0,00000000000000000000000000000000000000000000000000000000000000000000000000000000000000000000000000000000000000000000000000000000,0,1,0,00000000000000000000000000000000000000000000000000000000000000000000000000000000000000000000000000000000000000000000000000000000
125,125,0,0,1,0,00000000000000000000000000000000000000000000000000000000000000000000000000000000000000000000000000000000000000000000000000000000,0,1,0,00000000000000000000000000000000000000000000000000000000000000000000000000000000000000000000000000000000000000000000000000000000
126,126,0,0,1,0,00000000000000000000000000000000000000000000000000000000000000000000000000000000000000000000000000000000000000000000000000000000,0,1,0,00000000000000000000000000000000000000000000000000000000000000000000000000000000000000000000000000000000000000000000000000000000
127,127,0,0,1,0,00000000000000000000000000000000000000000000000000000000000000000000000000000000000000000000000000000000000000000000000000000000,0,1,0,00000000000000000000000000000000000000000000000000000000000000000000000000000000000000000000000000000000000000000000000000000000
128,128,0,0,1,0,00000000000000000000000000000000000000000000000000000000000000000000000000000000000000000000000000000000000000000000000000000000,0,1,0,00000000000000000000000000000000000000000000000000000000000000000000000000000000000000000000000000000000000000000000000000000000
129,129,0,0,1,0,00000000000000000000000000000000000000000000000000000000000000000000000000000000000000000000000000000000000000000000000000000000,0,1,0,00000000000000000000000000000000000000000000000000000000000000000000000000000000000000000000000000000000000000000000000000000000
130,130,0,0,1,0,00000000000000000000000000000000000000000000000000000000000000000000000000000000000000000000000000000000000000000000000000000000,0,1,0,00000000000000000000000000000000000000000000000000000000000000000000000000000000000000000000000000000000000000000000000000000000
131,131,0,0,1,0,00000000000000000000000000000000000000000000000000000000000000000000000000000000000000000000000000000000000000000000000000000000,0,1,0,00000000000000000000000000000000000000000000000000000000000000000000000000000000000000000000000000000000000000000000000000000000
132,132,0,0,1,0,00000000000000000000000000000000000000000000000000000000000000000000000000000000000000000000000000000000000000000000000000000000,0,1,0,00000000000000000000000000000000000000000000000000000000000000000000000000000000000000000000000000000000000000000000000000000000
133,133,0,0,1,0,00000000000000000000000000000000000000000000000000000000000000000000000000000000000000000000000000000000000000000000000000000000,0,1,0,00000000000000000000000000000000000000000000000000000000000000000000000000000000000000000000000000000000000000000000000000000000
134,134,0,0,1,0,00000000000000000000000000000000000000000000000000000000000000000000000000000000000000000000000000000000000000000000000000000000,0,1,0,00000000000000000000000000000000000000000000000000000000000000000000000000000000000000000000000000000000000000000000000000000000
135,135,0,0,1,0,00000000000000000000000000000000000000000000000000000000000000000000000000000000000000000000000000000000000000000000000000000000,0,1,0,00000000000000000000000000000000000000000000000000000000000000000000000000000000000000000000000000000000000000000000000000000000
136,136,0,0,1,0,00000000000000000000000000000000000000000000000000000000000000000000000000000000000000000000000000000000000000000000000000000000,0,1,0,00000000000000000000000000000000000000000000000000000000000000000000000000000000000000000000000000000000000000000000000000000000
137,137,0,0,1,0,00000000000000000000000000000000000000000000000000000000000000000000000000000000000000000000000000000000000000000000000000000000,0,1,0,00000000000000000000000000000000000000000000000000000000000000000000000000000000000000000000000000000000000000000000000000000000
138,138,0,0,1,0,00000000000000000000000000000000000000000000000000000000000000000000000000000000000000000000000000000000000000000000000000000000,0,1,0,00000000000000000000000000000000000000000000000000000000000000000000000000000000000000000000000000000000000000000000000000000000
139,139,0,0,1,0,00000000000000000000000000000000000000000000000000000000000000000000000000000000000000000000000000000000000000000000000000000000,0,1,0,00000000000000000000000000000000000000000000000000000000000000000000000000000000000000000000000000000000000000000000000000000000
140,140,0,0,1,0,00000000000000000000000000000000000000000000000000000000000000000000000000000000000000000000000000000000000000000000000000000000,0,1,0,00000000000000000000000000000000000000000000000000000000000000000000000000000000000000000000000000000000000000000000000000000000
141,141,0,0,1,0,00000000000000000000000000000000000000000000000000000000000000000000000000000000000000000000000000000000000000000000000000000000,0,1,0,00000000000000000000000000000000000000000000000000000000000000000000000000000000000000000000000000000000000000000000000000000000
142,142,0,0,1,0,00000000000000000000000000000000000000000000000000000000000000000000000000000000000000000000000000000000000000000000000000000000,0,1,0,00000000000000000000000000000000000000000000000000000000000000000000000000000000000000000000000000000000000000000000000000000000
143,143,0,0,1,0,00000000000000000000000000000000000000000000000000000000000000000000000000000000000000000000000000000000000000000000000000000000,0,1,0,00000000000000000000000000000000000000000000000000000000000000000000000000000000000000000000000000000000000000000000000000000000
144,144,0,0,1,0,00000000000000000000000000000000000000000000000000000000000000000000000000000000000000000000000000000000000000000000000000000000,0,1,0,00000000000000000000000000000000000000000000000000000000000000000000000000000000000000000000000000000000000000000000000000000000
145,145,0,0,1,0,00000000000000000000000000000000000000000000000000000000000000000000000000000000000000000000000000000000000000000000000000000000,0,1,0,00000000000000000000000000000000000000000000000000000000000000000000000000000000000000000000000000000000000000000000000000000000
146,146,0,0,1,0,00000000000000000000000000000000000000000000000000000000000000000000000000000000000000000000000000000000000000000000000000000000,0,1,0,00000000000000000000000000000000000000000000000000000000000000000000000000000000000000000000000000000000000000000000000000000000
147,147,0,0,1,0,00000000000000000000000000000000000000000000000000000000000000000000000000000000000000000000000000000000000000000000000000000000,0,1,0,00000000000000000000000000000000000000000000000000000000000000000000000000000000000000000000000000000000000000000000000000000000
148,148,0,0,1,0,00000000000000000000000000000000000000000000000000000000000000000000000000000000000000000000000000000000000000000000000000000000,0,1,0,00000000000000000000000000000000000000000000000000000000000000000000000000000000000000000000000000000000000000000000000000000000
149,149,0,0,1,0,00000000000000000000000000000000000000000000000000000000000000000000000000000000000000000000000000000000000000000000000000000000,0,1,0,00000000000000000000000000000000000000000000000000000000000000000000000000000000000000000000000000000000000000000000000000000000
150,150,0,0,1,0,00000000000000000000000000000000000000000000000000000000000000000000000000000000000000000000000000000000000000000000000000000000,0,1,0,00000000000000000000000000000000000000000000000000000000000000000000000000000000000000000000000000000000000000000000000000000000
151,151,0,0,1,0,00000000000000000000000000000000000000000000000000000000000000000000000000000000000000000000000000000000000000000000000000000000,0,1,0,00000000000000000000000000000000000000000000000000000000000000000000000000000000000000000000000000000000000000000000000000000000
152,152,0,0,1,0,00000000000000000000000000000000000000000000000000000000000000000000000000000000000000000000000000000000000000000000000000000000,0,1,0,00000000000000000000000000000000000000000000000000000000000000000000000000000000000000000000000000000000000000000000000000000000
153,153,0,0,1,0,00000000000000000000000000000000000000000000000000000000000000000000000000000000000000000000000000000000000000000000000000000000,0,1,0,00000000000000000000000000000000000000000000000000000000000000000000000000000000000000000000000000000000000000000000000000000000
154,154,0,0,1,0,00000000000000000000000000000000000000000000000000000000000000000000000000000000000000000000000000000000000000000000000000000000,0,1,0,00000000000000000000000000000000000000000000000000000000000000000000000000000000000000000000000000000000000000000000000000000000
155,155,0,0,1,0,00000000000000000000000000000000000000000000000000000000000000000000000000000000000000000000000000000000000000000000000000000000,0,1,0,00000000000000000000000000000000000000000000000000000000000000000000000000000000000000000000000000000000000000000000000000000000
156,156,0,0,1,0,00000000000000000000000000000000000000000000000000000000000000000000000000000000000000000000000000000000000000000000000000000000,0,1,0,00000000000000000000000000000000000000000000000000000000000000000000000000000000000000000000000000000000000000000000000000000000
157,157,0,0,1,0,00000000000000000000000000000000000000000000000000000000000000000000000000000000000000000000000000000000000000000000000000000000,0,1,0,00000000000000000000000000000000000000000000000000000000000000000000000000000000000000000000000000000000000000000000000000000000
158,158,0,0,1,0,00000000000000000000000000000000000000000000000000000000000000000000000000000000000000000000000000000000000000000000000000000000,0,1,0,00000000000000000000000000000000000000000000000000000000000000000000000000000000000000000000000000000000000000000000000000000000
159,159,0,0,1,0,00000000000000000000000000000000000000000000000000000000000000000000000000000000000000000000000000000000000000000000000000000000,0,1,0,00000000000000000000000000000000000000000000000000000000000000000000000000000000000000000000000000000000000000000000000000000000
160,160,0,0,1,0,00000000000000000000000000000000000000000000000000000000000000000000000000000000000000000000000000000000000000000000000000000000,0,1,0,00000000000000000000000000000000000000000000000000000000000000000000000000000000000000000000000000000000000000000000000000000000
161,161,0,0,1,0,00000000000000000000000000000000000000000000000000000000000000000000000000000000000000000000000000000000000000000000000000000000,0,1,0,00000000000000000000000000000000000000000000000000000000000000000000000000000000000000000000000000000000000000000000000000000000
162,162,0,0,1,0,00000000000000000000000000000000000000000000000000000000000000000000000000000000000000000000000000000000000000000000000000000000,0,1,0,00000000000000000000000000000000000000000000000000000000000000000000000000000000000000000000000000000000000000000000000000000000
163,163,0,0,1,0,00000000000000000000000000000000000000000000000000000000000000000000000000000000000000000000000000000000000000000000000000000000,0,1,0,00000000000000000000000000000000000000000000000000000000000000000000000000000000000000000000000000000000000000000000000000000000
164,164,0,0,1,0,00000000000000000000000000000000000000000000000000000000000000000000000000000000000000000000000000000000000000000000000000000000,0,1,0,00000000000000000000000000000000000000000000000000000000000000000000000000000000000000000000000000000000000000000000000000000000
165,165,0,0,1,0,00000000000000000000000000000000000000000000000000000000000000000000000000000000000000000000000000000000000000000000000000000000,0,1,0,00000000000000000000000000000000000000000000000000000000000000000000000000000000000000000000000000000000000000000000000000000000
166,166,0,0,1,0,00000000000000000000000000000000000000000000000000000000000000000000000000000000000000000000000000000000000000000000000000000000,0,1,0,00000000000000000000000000000000000000000000000000000000000000000000000000000000000000000000000000000000000000000000000000000000
167,167,0,0,1,0,00000000000000000000000000000000000000000000000000000000000000000000000000000000000000000000000000000000000000000000000000000000,0,1,0,00000000000000000000000000000000000000000000000000000000000000000000000000000000000000000000000000000000000000000000000000000000
168,168,0,0,1,0,00000000000000000000000000000000000000000000000000000000000000000000000000000000000000000000000000000000000000000000000000000000,0,1,0,00000000000000000000000000000000000000000000000000000000000000000000000000000000000000000000000000000000000000000000000000000000
169,169,0,0,1,0,00000000000000000000000000000000000000000000000000000000000000000000000000000000000000000000000000000000000000000000000000000000,0,1,0,00000000000000000000000000000000000000000000000000000000000000000000000000000000000000000000000000000000000000000000000000000000
170,170,0,0,1,0,00000000000000000000000000000000000000000000000000000000000000000000000000000000000000000000000000000000000000000000000000000000,0,1,0,00000000000000000000000000000000000000000000000000000000000000000000000000000000000000000000000000000000000000000000000000000000
171,171,0,0,1,0,00000000000000000000000000000000000000000000000000000000000000000000000000000000000000000000000000000000000000000000000000000000,0,1,0,00000000000000000000000000000000000000000000000000000000000000000000000000000000000000000000000000000000000000000000000000000000
172,172,0,0,1,0,00000000000000000000000000000000000000000000000000000000000000000000000000000000000000000000000000000000000000000000000000000000,0,1,0,00000000000000000000000000000000000000000000000000000000000000000000000000000000000000000000000000000000000000000000000000000000
173,173,0,0,1,0,00000000000000000000000000000000000000000000000000000000000000000000000000000000000000000000000000000000000000000000000000000000,0,1,0,00000000000000000000000000000000000000000000000000000000000000000000000000000000000000000000000000000000000000000000000000000000
174,174,0,0,1,0,00000000000000000000000000000000000000000000000000000000000000000000000000000000000000000000000000000000000000000000000000000000,0,1,0,00000000000000000000000000000000000000000000000000000000000000000000000000000000000000000000000000000000000000000000000000000000
175,175,0,0,1,0,00000000000000000000000000000000000000000000000000000000000000000000000000000000000000000000000000000000000000000000000000000000,0,1,0,00000000000000000000000000000000000000000000000000000000000000000000000000000000000000000000000000000000000000000000000000000000
176,176,0,0,1,0,00000000000000000000000000000000000000000000000000000000000000000000000000000000000000000000000000000000000000000000000000000000,0,1,0,00000000000000000000000000000000000000000000000000000000000000000000000000000000000000000000000000000000000000000000000000000000
177,177,0,0,1,0,00000000000000000000000000000000000000000000000000000000000000000000000000000000000000000000000000000000000000000000000000000000,0,1,0,00000000000000000000000000000000000000000000000000000000000000000000000000000000000000000000000000000000000000000000000000000000
178,178,0,0,1,0,00000000000000000000000000000000000000000000000000000000000000000000000000000000000000000000000000000000000000000000000000000000,0,1,0,00000000000000000000000000000000000000000000000000000000000000000000000000000000000000000000000000000000000000000000000000000000
179,179,0,0,1,0,00000000000000000000000000000000000000000000000000000000000000000000000000000000000000000000000000000000000000000000000000000000,0,1,0,00000000000000000000000000000000000000000000000000000000000000000000000000000000000000000000000000000000000000000000000000000000
180,180,0,0,1,0,00000000000000000000000000000000000000000000000000000000000000000000000000000000000000000000000000000000000000000000000000000000,0,1,0,00000000000000000000000000000000000000000000000000000000000000000000000000000000000000000000000000000000000000000000000000000000
181,181,0,0,1,0,00000000000000000000000000000000000000000000000000000000000000000000000000000000000000000000000000000000000000000000000000000000,0,1,0,00000000000000000000000000000000000000000000000000000000000000000000000000000000000000000000000000000000000000000000000000000000
182,182,0,0,1,0,00000000000000000000000000000000000000000000000000000000000000000000000000000000000000000000000000000000000000000000000000000000,0,1,0,00000000000000000000000000000000000000000000000000000000000000000000000000000000000000000000000000000000000000000000000000000000
183,183,0,0,1,0,00000000000000000000000000000000000000000000000000000000000000000000000000000000000000000000000000000000000000000000000000000000,0,1,0,00000000000000000000000000000000000000000000000000000000000000000000000000000000000000000000000000000000000000000000000000000000
184,184,0,0,1,0,00000000000000000000000000000000000000000000000000000000000000000000000000000000000000000000000000000000000000000000000000000000,0,1,0,00000000000000000000000000000000000000000000000000000000000000000000000000000000000000000000000000000000000000000000000000000000
185,185,0,0,1,0,00000000000000000000000000000000000000000000000000000000000000000000000000000000000000000000000000000000000000000000000000000000,0,1,0,00000000000000000000000000000000000000000000000000000000000000000000000000000000000000000000000000000000000000000000000000000000
186,186,0,0,1,0,00000000000000000000000000000000000000000000000000000000000000000000000000000000000000000000000000000000000000000000000000000000,0,1,0,00000000000000000000000000000000000000000000000000000000000000000000000000000000000000000000000000000000000000000000000000000000
187,187,0,0,1,0,00000000000000000000000000000000000000000000000000000000000000000000000000000000000000000000000000000000000000000000000000000000,0,1,0,00000000000000000000000000000000000000000000000000000000000000000000000000000000000000000000000000000000000000000000000000000000
188,188,0,0,1,0,00000000000000000000000000000000000000000000000000000000000000000000000000000000000000000000000000000000000000000000000000000000,0,1,0,00000000000000000000000000000000000000000000000000000000000000000000000000000000000000000000000000000000000000000000000000000000
189,189,0,0,1,0,00000000000000000000000000000000000000000000000000000000000000000000000000000000000000000000000000000000000000000000000000000000,0,1,0,00000000000000000000000000000000000000000000000000000000000000000000000000000000000000000000000000000000000000000000000000000000
190,190,0,0,1,0,00000000000000000000000000000000000000000000000000000000000000000000000000000000000000000000000000000000000000000000000000000000,0,1,0,00000000000000000000000000000000000000000000000000000000000000000000000000000000000000000000000000000000000000000000000000000000
191,191,0,0,1,0,00000000000000000000000000000000000000000000000000000000000000000000000000000000000000000000000000000000000000000000000000000000,0,1,0,00000000000000000000000000000000000000000000000000000000000000000000000000000000000000000000000000000000000000000000000000000000
192,192,0,0,1,0,00000000000000000000000000000000000000000000000000000000000000000000000000000000000000000000000000000000000000000000000000000000,0,1,0,00000000000000000000000000000000000000000000000000000000000000000000000000000000000000000000000000000000000000000000000000000000
193,193,0,0,1,0,00000000000000000000000000000000000000000000000000000000000000000000000000000000000000000000000000000000000000000000000000000000,0,1,0,00000000000000000000000000000000000000000000000000000000000000000000000000000000000000000000000000000000000000000000000000000000
194,194,0,0,1,0,00000000000000000000000000000000000000000000000000000000000000000000000000000000000000000000000000000000000000000000000000000000,0,1,0,00000000000000000000000000000000000000000000000000000000000000000000000000000000000000000000000000000000000000000000000000000000
195,195,0,0,1,0,00000000000000000000000000000000000000000000000000000000000000000000000000000000000000000000000000000000000000000000000000000000,0,1,0,00000000000000000000000000000000000000000000000000000000000000000000000000000000000000000000000000000000000000000000000000000000
196,196,0,0,1,0,00000000000000000000000000000000000000000000000000000000000000000000000000000000000000000000000000000000000000000000000000000000,0,1,0,00000000000000000000000000000000000000000000000000000000000000000000000000000000000000000000000000000000000000000000000000000000
197,197,0,0,1,0,00000000000000000000000000000000000000000000000000000000000000000000000000000000000000000000000000000000000000000000000000000000,0,1,0,00000000000000000000000000000000000000000000000000000000000000000000000000000000000000000000000000000000000000000000000000000000
198,198,0,0,1,0,00000000000000000000000000000000000000000000000000000000000000000000000000000000000000000000000000000000000000000000000000000000,0,1,0,00000000000000000000000000000000000000000000000000000000000000000000000000000000000000000000000000000000000000000000000000000000
199,199,0,0,1,0,00000000000000000000000000000000000000000000000000000000000000000000000000000000000000000000000000000000000000000000000000000000,0,1,0,00000000000000000000000000000000000000000000000000000000000000000000000000000000000000000000000000000000000000000000000000000000
200,200,0,0,1,0,00000000000000000000000000000000000000000000000000000000000000000000000000000000000000000000000000000000000000000000000000000000,0,1,0,00000000000000000000000000000000000000000000000000000000000000000000000000000000000000000000000000000000000000000000000000000000
201,201,0,0,1,0,00000000000000000000000000000000000000000000000000000000000000000000000000000000000000000000000000000000000000000000000000000000,0,1,0,00000000000000000000000000000000000000000000000000000000000000000000000000000000000000000000000000000000000000000000000000000000
202,202,0,0,1,0,00000000000000000000000000000000000000000000000000000000000000000000000000000000000000000000000000000000000000000000000000000000,0,1,0,00000000000000000000000000000000000000000000000000000000000000000000000000000000000000000000000000000000000000000000000000000000
203,203,0,0,1,0,00000000000000000000000000000000000000000000000000000000000000000000000000000000000000000000000000000000000000000000000000000000,0,1,0,00000000000000000000000000000000000000000000000000000000000000000000000000000000000000000000000000000000000000000000000000000000
204,204,0,0,1,0,00000000000000000000000000000000000000000000000000000000000000000000000000000000000000000000000000000000000000000000000000000000,0,1,0,00000000000000000000000000000000000000000000000000000000000000000000000000000000000000000000000000000000000000000000000000000000
205,205,0,0,1,0,00000000000000000000000000000000000000000000000000000000000000000000000000000000000000000000000000000000000000000000000000000000,0,1,0,00000000000000000000000000000000000000000000000000000000000000000000000000000000000000000000000000000000000000000000000000000000
206,206,0,0,1,0,00000000000000000000000000000000000000000000000000000000000000000000000000000000000000000000000000000000000000000000000000000000,0,1,0,00000000000000000000000000000000000000000000000000000000000000000000000000000000000000000000000000000000000000000000000000000000
207,207,0,0,1,0,00000000000000000000000000000000000000000000000000000000000000000000000000000000000000000000000000000000000000000000000000000000,0,1,0,00000000000000000000000000000000000000000000000000000000000000000000000000000000000000000000000000000000000000000000000000000000
208,208,0,0,1,0,00000000000000000000000000000000000000000000000000000000000000000000000000000000000000000000000000000000000000000000000000000000,0,1,0,00000000000000000000000000000000000000000000000000000000000000000000000000000000000000000000000000000000000000000000000000000000
209,209,0,0,1,0,00000000000000000000000000000000000000000000000000000000000000000000000000000000000000000000000000000000000000000000000000000000,0,1,0,00000000000000000000000000000000000000000000000000000000000000000000000000000000000000000000000000000000000000000000000000000000
210,210,0,0,1,0,00000000000000000000000000000000000000000000000000000000000000000000000000000000000000000000000000000000000000000000000000000000,0,1,0,00000000000000000000000000000000000000000000000000000000000000000000000000000000000000000000000000000000000000000000000000000000
211,211,0,0,1,0,00000000000000000000000000000000000000000000000000000000000000000000000000000000000000000000000000000000000000000000000000000000,0,1,0,00000000000000000000000000000000000000000000000000000000000000000000000000000000000000000000000000000000000000000000000000000000
212,212,0,0,1,0,00000000000000000000000000000000000000000000000000000000000000000000000000000000000000000000000000000000000000000000000000000000,0,1,0,00000000000000000000000000000000000000000000000000000000000000000000000000000000000000000000000000000000000000000000000000000000
213,213,0,0,1,0,00000000000000000000000000000000000000000000000000000000000000000000000000000000000000000000000000000000000000000000000000000000,0,1,0,00000000000000000000000000000000000000000000000000000000000000000000000000000000000000000000000000000000000000000000000000000000
214,214,0,0,1,0,00000000000000000000000000000000000000000000000000000000000000000000000000000000000000000000000000000000000000000000000000000000,0,1,0,00000000000000000000000000000000000000000000000000000000000000000000000000000000000000000000000000000000000000000000000000000000
215,215,0,0,1,0,00000000000000000000000000000000000000000000000000000000000000000000000000000000000000000000000000000000000000000000000000000000,0,1,0,00000000000000000000000000000000000000000000000000000000000000000000000000000000000000000000000000000000000000000000000000000000
216,216,0,0,1,0,00000000000000000000000000000000000000000000000000000000000000000000000000000000000000000000000000000000000000000000000000000000,0,1,0,00000000000000000000000000000000000000000000000000000000000000000000000000000000000000000000000000000000000000000000000000000000
217,217,0,0,1,0,00000000000000000000000000000000000000000000000000000000000000000000000000000000000000000000000000000000000000000000000000000000,0,1,0,00000000000000000000000000000000000000000000000000000000000000000000000000000000000000000000000000000000000000000000000000000000
218,218,0,0,1,0,00000000000000000000000000000000000000000000000000000000000000000000000000000000000000000000000000000000000000000000000000000000,0,1,0,00000000000000000000000000000000000000000000000000000000000000000000000000000000000000000000000000000000000000000000000000000000
219,219,0,0,1,0,00000000000000000000000000000000000000000000000000000000000000000000000000000000000000000000000000000000000000000000000000000000,0,1,0,00000000000000000000000000000000000000000000000000000000000000000000000000000000000000000000000000000000000000000000000000000000
220,220,0,0,1,0,00000000000000000000000000000000000000000000000000000000000000000000000000000000000000000000000000000000000000000000000000000000,0,1,0,00000000000000000000000000000000000000000000000000000000000000000000000000000000000000000000000000000000000000000000000000000000
221,221,0,0,1,0,00000000000000000000000000000000000000000000000000000000000000000000000000000000000000000000000000000000000000000000000000000000,0,1,0,00000000000000000000000000000000000000000000000000000000000000000000000000000000000000000000000000000000000000000000000000000000
222,222,0,0,1,0,00000000000000000000000000000000000000000000000000000000000000000000000000000000000000000000000000000000000000000000000000000000,0,1,0,00000000000000000000000000000000000000000000000000000000000000000000000000000000000000000000000000000000000000000000000000000000
223,223,0,0,1,0,00000000000000000000000000000000000000000000000000000000000000000000000000000000000000000000000000000000000000000000000000000000,0,1,0,00000000000000000000000000000000000000000000000000000000000000000000000000000000000000000000000000000000000000000000000000000000
224,224,0,0,1,0,00000000000000000000000000000000000000000000000000000000000000000000000000000000000000000000000000000000000000000000000000000000,0,1,0,00000000000000000000000000000000000000000000000000000000000000000000000000000000000000000000000000000000000000000000000000000000
225,225,0,0,1,0,00000000000000000000000000000000000000000000000000000000000000000000000000000000000000000000000000000000000000000000000000000000,0,1,0,00000000000000000000000000000000000000000000000000000000000000000000000000000000000000000000000000000000000000000000000000000000
226,226,0,0,1,0,00000000000000000000000000000000000000000000000000000000000000000000000000000000000000000000000000000000000000000000000000000000,0,1,0,00000000000000000000000000000000000000000000000000000000000000000000000000000000000000000000000000000000000000000000000000000000
227,227,0,0,1,0,00000000000000000000000000000000000000000000000000000000000000000000000000000000000000000000000000000000000000000000000000000000,0,1,0,00000000000000000000000000000000000000000000000000000000000000000000000000000000000000000000000000000000000000000000000000000000
228,228,0,0,1,0,00000000000000000000000000000000000000000000000000000000000000000000000000000000000000000000000000000000000000000000000000000000,0,1,0,00000000000000000000000000000000000000000000000000000000000000000000000000000000000000000000000000000000000000000000000000000000
229,229,0,0,1,0,00000000000000000000000000000000000000000000000000000000000000000000000000000000000000000000000000000000000000000000000000000000,0,1,0,00000000000000000000000000000000000000000000000000000000000000000000000000000000000000000000000000000000000000000000000000000000
230,230,0,0,1,0,00000000000000000000000000000000000000000000000000000000000000000000000000000000000000000000000000000000000000000000000000000000,0,1,0,00000000000000000000000000000000000000000000000000000000000000000000000000000000000000000000000000000000000000000000000000000000
231,231,0,0,1,0,00000000000000000000000000000000000000000000000000000000000000000000000000000000000000000000000000000000000000000000000000000000,0,1,0,00000000000000000000000000000000000000000000000000000000000000000000000000000000000000000000000000000000000000000000000000000000
232,232,0,0,1,0,00000000000000000000000000000000000000000000000000000000000000000000000000000000000000000000000000000000000000000000000000000000,0,1,0,00000000000000000000000000000000000000000000000000000000000000000000000000000000000000000000000000000000000000000000000000000000
233,233,0,0,1,0,00000000000000000000000000000000000000000000000000000000000000000000000000000000000000000000000000000000000000000000000000000000,0,1,0,00000000000000000000000000000000000000000000000000000000000000000000000000000000000000000000000000000000000000000000000000000000
234,234,0,0,1,0,00000000000000000000000000000000000000000000000000000000000000000000000000000000000000000000000000000000000000000000000000000000,0,1,0,00000000000000000000000000000000000000000000000000000000000000000000000000000000000000000000000000000000000000000000000000000000
235,235,0,0,1,0,00000000000000000000000000000000000000000000000000000000000000000000000000000000000000000000000000000000000000000000000000000000,0,1,0,00000000000000000000000000000000000000000000000000000000000000000000000000000000000000000000000000000000000000000000000000000000
236,236,0,0,1,0,00000000000000000000000000000000000000000000000000000000000000000000000000000000000000000000000000000000000000000000000000000000,0,1,0,00000000000000000000000000000000000000000000000000000000000000000000000000000000000000000000000000000000000000000000000000000000
237,237,0,0,1,0,00000000000000000000000000000000000000000000000000000000000000000000000000000000000000000000000000000000000000000000000000000000,0,1,0,00000000000000000000000000000000000000000000000000000000000000000000000000000000000000000000000000000000000000000000000000000000
238,238,0,0,1,0,00000000000000000000000000000000000000000000000000000000000000000000000000000000000000000000000000000000000000000000000000000000,0,1,0,00000000000000000000000000000000000000000000000000000000000000000000000000000000000000000000000000000000000000000000000000000000
239,239,0,0,1,0,00000000000000000000000000000000000000000000000000000000000000000000000000000000000000000000000000000000000000000000000000000000,0,1,0,00000000000000000000000000000000000000000000000000000000000000000000000000000000000000000000000000000000000000000000000000000000
240,240,0,0,1,0,00000000000000000000000000000000000000000000000000000000000000000000000000000000000000000000000000000000000000000000000000000000,0,1,0,00000000000000000000000000000000000000000000000000000000000000000000000000000000000000000000000000000000000000000000000000000000
241,241,0,0,1,0,00000000000000000000000000000000000000000000000000000000000000000000000000000000000000000000000000000000000000000000000000000000,0,1,0,00000000000000000000000000000000000000000000000000000000000000000000000000000000000000000000000000000000000000000000000000000000
242,242,0,0,1,0,00000000000000000000000000000000000000000000000000000000000000000000000000000000000000000000000000000000000000000000000000000000,0,1,0,00000000000000000000000000000000000000000000000000000000000000000000000000000000000000000000000000000000000000000000000000000000
243,243,0,0,1,0,00000000000000000000000000000000000000000000000000000000000000000000000000000000000000000000000000000000000000000000000000000000,0,1,0,00000000000000000000000000000000000000000000000000000000000000000000000000000000000000000000000000000000000000000000000000000000
244,244,0,0,1,0,00000000000000000000000000000000000000000000000000000000000000000000000000000000000000000000000000000000000000000000000000000000,0,1,0,00000000000000000000000000000000000000000000000000000000000000000000000000000000000000000000000000000000000000000000000000000000
245,245,0,0,1,0,00000000000000000000000000000000000000000000000000000000000000000000000000000000000000000000000000000000000000000000000000000000,0,1,0,00000000000000000000000000000000000000000000000000000000000000000000000000000000000000000000000000000000000000000000000000000000
246,246,0,0,1,0,00000000000000000000000000000000000000000000000000000000000000000000000000000000000000000000000000000000000000000000000000000000,0,1,0,00000000000000000000000000000000000000000000000000000000000000000000000000000000000000000000000000000000000000000000000000000000
247,247,0,0,1,0,00000000000000000000000000000000000000000000000000000000000000000000000000000000000000000000000000000000000000000000000000000000,0,1,0,00000000000000000000000000000000000000000000000000000000000000000000000000000000000000000000000000000000000000000000000000000000
248,248,0,0,1,0,00000000000000000000000000000000000000000000000000000000000000000000000000000000000000000000000000000000000000000000000000000000,0,1,0,00000000000000000000000000000000000000000000000000000000000000000000000000000000000000000000000000000000000000000000000000000000
249,249,0,0,1,0,00000000000000000000000000000000000000000000000000000000000000000000000000000000000000000000000000000000000000000000000000000000,0,1,0,00000000000000000000000000000000000000000000000000000000000000000000000000000000000000000000000000000000000000000000000000000000
250,250,0,0,1,0,00000000000000000000000000000000000000000000000000000000000000000000000000000000000000000000000000000000000000000000000000000000,0,1,0,00000000000000000000000000000000000000000000000000000000000000000000000000000000000000000000000000000000000000000000000000000000
251,251,0,0,1,0,00000000000000000000000000000000000000000000000000000000000000000000000000000000000000000000000000000000000000000000000000000000,0,1,0,00000000000000000000000000000000000000000000000000000000000000000000000000000000000000000000000000000000000000000000000000000000
252,252,0,0,1,0,00000000000000000000000000000000000000000000000000000000000000000000000000000000000000000000000000000000000000000000000000000000,0,1,0,00000000000000000000000000000000000000000000000000000000000000000000000000000000000000000000000000000000000000000000000000000000
253,253,0,0,1,0,00000000000000000000000000000000000000000000000000000000000000000000000000000000000000000000000000000000000000000000000000000000,0,1,0,00000000000000000000000000000000000000000000000000000000000000000000000000000000000000000000000000000000000000000000000000000000
254,254,0,0,1,0,00000000000000000000000000000000000000000000000000000000000000000000000000000000000000000000000000000000000000000000000000000000,0,1,0,00000000000000000000000000000000000000000000000000000000000000000000000000000000000000000000000000000000000000000000000000000000
255,255,0,0,1,0,00000000000000000000000000000000000000000000000000000000000000000000000000000000000000000000000000000000000000000000000000000000,0,1,0,00000000000000000000000000000000000000000000000000000000000000000000000000000000000000000000000000000000000000000000000000000000
256,256,0,0,1,0,00000000000000000000000000000000000000000000000000000000000000000000000000000000000000000000000000000000000000000000000000000000,0,1,0,00000000000000000000000000000000000000000000000000000000000000000000000000000000000000000000000000000000000000000000000000000000
257,257,0,0,1,0,00000000000000000000000000000000000000000000000000000000000000000000000000000000000000000000000000000000000000000000000000000000,0,1,0,00000000000000000000000000000000000000000000000000000000000000000000000000000000000000000000000000000000000000000000000000000000
258,258,0,0,1,0,00000000000000000000000000000000000000000000000000000000000000000000000000000000000000000000000000000000000000000000000000000000,0,1,0,00000000000000000000000000000000000000000000000000000000000000000000000000000000000000000000000000000000000000000000000000000000
259,259,0,0,1,0,00000000000000000000000000000000000000000000000000000000000000000000000000000000000000000000000000000000000000000000000000000000,0,1,0,00000000000000000000000000000000000000000000000000000000000000000000000000000000000000000000000000000000000000000000000000000000
260,260,0,0,1,0,00000000000000000000000000000000000000000000000000000000000000000000000000000000000000000000000000000000000000000000000000000000,0,1,0,00000000000000000000000000000000000000000000000000000000000000000000000000000000000000000000000000000000000000000000000000000000
261,261,0,0,1,0,00000000000000000000000000000000000000000000000000000000000000000000000000000000000000000000000000000000000000000000000000000000,0,1,0,00000000000000000000000000000000000000000000000000000000000000000000000000000000000000000000000000000000000000000000000000000000
262,262,0,0,1,0,00000000000000000000000000000000000000000000000000000000000000000000000000000000000000000000000000000000000000000000000000000000,0,1,0,00000000000000000000000000000000000000000000000000000000000000000000000000000000000000000000000000000000000000000000000000000000
263,263,0,0,1,0,00000000000000000000000000000000000000000000000000000000000000000000000000000000000000000000000000000000000000000000000000000000,0,1,0,00000000000000000000000000000000000000000000000000000000000000000000000000000000000000000000000000000000000000000000000000000000
264,264,0,0,1,0,00000000000000000000000000000000000000000000000000000000000000000000000000000000000000000000000000000000000000000000000000000000,0,1,0,00000000000000000000000000000000000000000000000000000000000000000000000000000000000000000000000000000000000000000000000000000000
265,265,0,0,1,0,00000000000000000000000000000000000000000000000000000000000000000000000000000000000000000000000000000000000000000000000000000000,0,1,0,00000000000000000000000000000000000000000000000000000000000000000000000000000000000000000000000000000000000000000000000000000000
266,266,0,0,1,0,00000000000000000000000000000000000000000000000000000000000000000000000000000000000000000000000000000000000000000000000000000000,0,1,0,00000000000000000000000000000000000000000000000000000000000000000000000000000000000000000000000000000000000000000000000000000000
267,267,0,0,1,0,00000000000000000000000000000000000000000000000000000000000000000000000000000000000000000000000000000000000000000000000000000000,0,1,0,00000000000000000000000000000000000000000000000000000000000000000000000000000000000000000000000000000000000000000000000000000000
268,268,0,0,1,0,00000000000000000000000000000000000000000000000000000000000000000000000000000000000000000000000000000000000000000000000000000000,0,1,0,00000000000000000000000000000000000000000000000000000000000000000000000000000000000000000000000000000000000000000000000000000000
269,269,0,0,1,0,00000000000000000000000000000000000000000000000000000000000000000000000000000000000000000000000000000000000000000000000000000000,0,1,0,00000000000000000000000000000000000000000000000000000000000000000000000000000000000000000000000000000000000000000000000000000000
270,270,0,0,1,0,00000000000000000000000000000000000000000000000000000000000000000000000000000000000000000000000000000000000000000000000000000000,0,1,0,00000000000000000000000000000000000000000000000000000000000000000000000000000000000000000000000000000000000000000000000000000000
271,271,0,0,1,0,00000000000000000000000000000000000000000000000000000000000000000000000000000000000000000000000000000000000000000000000000000000,0,1,0,00000000000000000000000000000000000000000000000000000000000000000000000000000000000000000000000000000000000000000000000000000000
272,272,0,0,1,0,00000000000000000000000000000000000000000000000000000000000000000000000000000000000000000000000000000000000000000000000000000000,0,1,0,00000000000000000000000000000000000000000000000000000000000000000000000000000000000000000000000000000000000000000000000000000000
273,273,0,0,1,0,00000000000000000000000000000000000000000000000000000000000000000000000000000000000000000000000000000000000000000000000000000000,0,1,0,00000000000000000000000000000000000000000000000000000000000000000000000000000000000000000000000000000000000000000000000000000000
274,274,0,0,1,0,00000000000000000000000000000000000000000000000000000000000000000000000000000000000000000000000000000000000000000000000000000000,0,1,0,00000000000000000000000000000000000000000000000000000000000000000000000000000000000000000000000000000000000000000000000000000000
275,275,0,0,1,0,00000000000000000000000000000000000000000000000000000000000000000000000000000000000000000000000000000000000000000000000000000000,0,1,0,00000000000000000000000000000000000000000000000000000000000000000000000000000000000000000000000000000000000000000000000000000000
276,276,0,0,1,0,00000000000000000000000000000000000000000000000000000000000000000000000000000000000000000000000000000000000000000000000000000000,0,1,0,00000000000000000000000000000000000000000000000000000000000000000000000000000000000000000000000000000000000000000000000000000000
277,277,0,0,1,0,00000000000000000000000000000000000000000000000000000000000000000000000000000000000000000000000000000000000000000000000000000000,0,1,0,00000000000000000000000000000000000000000000000000000000000000000000000000000000000000000000000000000000000000000000000000000000
278,278,0,0,1,0,00000000000000000000000000000000000000000000000000000000000000000000000000000000000000000000000000000000000000000000000000000000,0,1,0,00000000000000000000000000000000000000000000000000000000000000000000000000000000000000000000000000000000000000000000000000000000
279,279,0,0,1,0,00000000000000000000000000000000000000000000000000000000000000000000000000000000000000000000000000000000000000000000000000000000,0,1,0,00000000000000000000000000000000000000000000000000000000000000000000000000000000000000000000000000000000000000000000000000000000
280,280,0,0,1,0,00000000000000000000000000000000000000000000000000000000000000000000000000000000000000000000000000000000000000000000000000000000,0,1,0,00000000000000000000000000000000000000000000000000000000000000000000000000000000000000000000000000000000000000000000000000000000
281,281,0,0,1,0,00000000000000000000000000000000000000000000000000000000000000000000000000000000000000000000000000000000000000000000000000000000,0,1,0,00000000000000000000000000000000000000000000000000000000000000000000000000000000000000000000000000000000000000000000000000000000
282,282,0,0,1,0,00000000000000000000000000000000000000000000000000000000000000000000000000000000000000000000000000000000000000000000000000000000,0,1,0,00000000000000000000000000000000000000000000000000000000000000000000000000000000000000000000000000000000000000000000000000000000
283,283,0,0,1,0,00000000000000000000000000000000000000000000000000000000000000000000000000000000000000000000000000000000000000000000000000000000,0,1,0,00000000000000000000000000000000000000000000000000000000000000000000000000000000000000000000000000000000000000000000000000000000
284,284,0,0,1,0,00000000000000000000000000000000000000000000000000000000000000000000000000000000000000000000000000000000000000000000000000000000,0,1,0,00000000000000000000000000000000000000000000000000000000000000000000000000000000000000000000000000000000000000000000000000000000
285,285,0,0,1,0,00000000000000000000000000000000000000000000000000000000000000000000000000000000000000000000000000000000000000000000000000000000,0,1,0,00000000000000000000000000000000000000000000000000000000000000000000000000000000000000000000000000000000000000000000000000000000
286,286,0,0,1,0,00000000000000000000000000000000000000000000000000000000000000000000000000000000000000000000000000000000000000000000000000000000,0,1,0,00000000000000000000000000000000000000000000000000000000000000000000000000000000000000000000000000000000000000000000000000000000
287,287,0,0,1,0,00000000000000000000000000000000000000000000000000000000000000000000000000000000000000000000000000000000000000000000000000000000,0,1,0,00000000000000000000000000000000000000000000000000000000000000000000000000000000000000000000000000000000000000000000000000000000
288,288,0,0,1,0,00000000000000000000000000000000000000000000000000000000000000000000000000000000000000000000000000000000000000000000000000000000,0,1,0,00000000000000000000000000000000000000000000000000000000000000000000000000000000000000000000000000000000000000000000000000000000
289,289,0,0,1,0,00000000000000000000000000000000000000000000000000000000000000000000000000000000000000000000000000000000000000000000000000000000,0,1,0,00000000000000000000000000000000000000000000000000000000000000000000000000000000000000000000000000000000000000000000000000000000
290,290,0,0,1,0,00000000000000000000000000000000000000000000000000000000000000000000000000000000000000000000000000000000000000000000000000000000,0,1,0,00000000000000000000000000000000000000000000000000000000000000000000000000000000000000000000000000000000000000000000000000000000
291,291,0,0,1,0,00000000000000000000000000000000000000000000000000000000000000000000000000000000000000000000000000000000000000000000000000000000,0,1,0,00000000000000000000000000000000000000000000000000000000000000000000000000000000000000000000000000000000000000000000000000000000
292,292,0,0,1,0,00000000000000000000000000000000000000000000000000000000000000000000000000000000000000000000000000000000000000000000000000000000,0,1,0,00000000000000000000000000000000000000000000000000000000000000000000000000000000000000000000000000000000000000000000000000000000
293,293,0,0,1,0,00000000000000000000000000000000000000000000000000000000000000000000000000000000000000000000000000000000000000000000000000000000,0,1,0,00000000000000000000000000000000000000000000000000000000000000000000000000000000000000000000000000000000000000000000000000000000
294,294,0,0,1,0,00000000000000000000000000000000000000000000000000000000000000000000000000000000000000000000000000000000000000000000000000000000,0,1,0,00000000000000000000000000000000000000000000000000000000000000000000000000000000000000000000000000000000000000000000000000000000
295,295,0,0,1,0,00000000000000000000000000000000000000000000000000000000000000000000000000000000000000000000000000000000000000000000000000000000,0,1,0,00000000000000000000000000000000000000000000000000000000000000000000000000000000000000000000000000000000000000000000000000000000
296,296,0,0,1,0,00000000000000000000000000000000000000000000000000000000000000000000000000000000000000000000000000000000000000000000000000000000,0,1,0,00000000000000000000000000000000000000000000000000000000000000000000000000000000000000000000000000000000000000000000000000000000
297,297,0,0,1,0,00000000000000000000000000000000000000000000000000000000000000000000000000000000000000000000000000000000000000000000000000000000,0,1,0,00000000000000000000000000000000000000000000000000000000000000000000000000000000000000000000000000000000000000000000000000000000
298,298,0,0,1,0,00000000000000000000000000000000000000000000000000000000000000000000000000000000000000000000000000000000000000000000000000000000,0,1,0,00000000000000000000000000000000000000000000000000000000000000000000000000000000000000000000000000000000000000000000000000000000
299,299,0,0,1,0,00000000000000000000000000000000000000000000000000000000000000000000000000000000000000000000000000000000000000000000000000000000,0,1,0,00000000000000000000000000000000000000000000000000000000000000000000000000000000000000000000000000000000000000000000000000000000
300,300,0,0,1,0,00000000000000000000000000000000000000000000000000000000000000000000000000000000000000000000000000000000000000000000000000000000,0,1,0,00000000000000000000000000000000000000000000000000000000000000000000000000000000000000000000000000000000000000000000000000000000
301,301,0,0,1,0,00000000000000000000000000000000000000000000000000000000000000000000000000000000000000000000000000000000000000000000000000000000,0,1,0,00000000000000000000000000000000000000000000000000000000000000000000000000000000000000000000000000000000000000000000000000000000
302,302,0,0,1,0,00000000000000000000000000000000000000000000000000000000000000000000000000000000000000000000000000000000000000000000000000000000,0,1,0,00000000000000000000000000000000000000000000000000000000000000000000000000000000000000000000000000000000000000000000000000000000
303,303,0,0,1,0,00000000000000000000000000000000000000000000000000000000000000000000000000000000000000000000000000000000000000000000000000000000,0,1,0,00000000000000000000000000000000000000000000000000000000000000000000000000000000000000000000000000000000000000000000000000000000
304,304,0,0,1,0,00000000000000000000000000000000000000000000000000000000000000000000000000000000000000000000000000000000000000000000000000000000,0,1,0,00000000000000000000000000000000000000000000000000000000000000000000000000000000000000000000000000000000000000000000000000000000
305,305,0,0,1,0,00000000000000000000000000000000000000000000000000000000000000000000000000000000000000000000000000000000000000000000000000000000,0,1,0,00000000000000000000000000000000000000000000000000000000000000000000000000000000000000000000000000000000000000000000000000000000
306,306,0,0,1,0,00000000000000000000000000000000000000000000000000000000000000000000000000000000000000000000000000000000000000000000000000000000,0,1,0,00000000000000000000000000000000000000000000000000000000000000000000000000000000000000000000000000000000000000000000000000000000
307,307,0,0,1,0,00000000000000000000000000000000000000000000000000000000000000000000000000000000000000000000000000000000000000000000000000000000,0,1,0,00000000000000000000000000000000000000000000000000000000000000000000000000000000000000000000000000000000000000000000000000000000
308,308,0,0,1,0,00000000000000000000000000000000000000000000000000000000000000000000000000000000000000000000000000000000000000000000000000000000,0,1,0,00000000000000000000000000000000000000000000000000000000000000000000000000000000000000000000000000000000000000000000000000000000
309,309,0,0,1,0,00000000000000000000000000000000000000000000000000000000000000000000000000000000000000000000000000000000000000000000000000000000,0,1,0,00000000000000000000000000000000000000000000000000000000000000000000000000000000000000000000000000000000000000000000000000000000
310,310,0,0,1,0,00000000000000000000000000000000000000000000000000000000000000000000000000000000000000000000000000000000000000000000000000000000,0,1,0,00000000000000000000000000000000000000000000000000000000000000000000000000000000000000000000000000000000000000000000000000000000
311,311,0,0,1,0,00000000000000000000000000000000000000000000000000000000000000000000000000000000000000000000000000000000000000000000000000000000,0,1,0,00000000000000000000000000000000000000000000000000000000000000000000000000000000000000000000000000000000000000000000000000000000
312,312,0,0,1,0,00000000000000000000000000000000000000000000000000000000000000000000000000000000000000000000000000000000000000000000000000000000,0,1,0,00000000000000000000000000000000000000000000000000000000000000000000000000000000000000000000000000000000000000000000000000000000
313,313,0,0,1,0,00000000000000000000000000000000000000000000000000000000000000000000000000000000000000000000000000000000000000000000000000000000,0,1,0,00000000000000000000000000000000000000000000000000000000000000000000000000000000000000000000000000000000000000000000000000000000
314,314,0,0,1,0,00000000000000000000000000000000000000000000000000000000000000000000000000000000000000000000000000000000000000000000000000000000,0,1,0,00000000000000000000000000000000000000000000000000000000000000000000000000000000000000000000000000000000000000000000000000000000
315,315,0,0,1,0,00000000000000000000000000000000000000000000000000000000000000000000000000000000000000000000000000000000000000000000000000000000,0,1,0,00000000000000000000000000000000000000000000000000000000000000000000000000000000000000000000000000000000000000000000000000000000
316,316,0,0,1,0,00000000000000000000000000000000000000000000000000000000000000000000000000000000000000000000000000000000000000000000000000000000,0,1,0,00000000000000000000000000000000000000000000000000000000000000000000000000000000000000000000000000000000000000000000000000000000
317,317,0,0,1,0,00000000000000000000000000000000000000000000000000000000000000000000000000000000000000000000000000000000000000000000000000000000,0,1,0,00000000000000000000000000000000000000000000000000000000000000000000000000000000000000000000000000000000000000000000000000000000
318,318,0,0,1,0,00000000000000000000000000000000000000000000000000000000000000000000000000000000000000000000000000000000000000000000000000000000,0,1,0,00000000000000000000000000000000000000000000000000000000000000000000000000000000000000000000000000000000000000000000000000000000
319,319,0,0,1,0,00000000000000000000000000000000000000000000000000000000000000000000000000000000000000000000000000000000000000000000000000000000,0,1,0,00000000000000000000000000000000000000000000000000000000000000000000000000000000000000000000000000000000000000000000000000000000
320,320,0,1,1,0,00000000000000000000000000000000000000000000000000000000000000000000000000000000000000000000000000000000000000000000000000000134,0,1,0,00000000000000000000000000000000000000000000000000000000000000000000000000000000000000000000000000000000000000000000000000000000
321,321,0,1,1,0,00000000000000000000000000000000000000000000000000000000000000000000000000000000000000000000000000000000000000000000000000000001,0,1,0,00000000000000000000000000000000000000000000000000000000000000000000000000000000000000000000000000000000000000000000000000000000
322,322,0,1,1,0,000000000000000000000000000000000000000000000000000000000000000000000000000000000000000000000000000000000000000000000000d8dd2602,0,1,0,00000000000000000000000000000000000000000000000000000000000000000000000000000000000000000000000000000000000000000000000000000000
323,323,0,1,1,0,000000000000000000000000000000000000000000000000000000000000000000000000000000000000000000000000000000000000000000000000dd1234dd,0,1,0,00000000000000000000000000000000000000000000000000000000000000000000000000000000000000000000000000000000000000000000000000000000
324,324,0,1,1,0,000000000000000000000000000000000000000000000000000000000000000000000000000000000000000000000000000000000000000000000000000000e5,0,1,0,00000000000000000000000000000000000000000000000000000000000000000000000000000000000000000000000000000000000000000000000000000000
325,325,0,1,1,0,00000000000000000000000000000000000000000000000000000000000000000000000000000000000000000000000000000000000000000000000000000009,0,1,0,00000000000000000000000000000000000000000000000000000000000000000000000000000000000000000000000000000000000000000000000000000000
326,326,0,1,1,0,00000000000000000000000000000000000000000000000000000000000000000000000000000000000000000000000000000000000000000000000005000000,0,1,0,00000000000000000000000000000000000000000000000000000000000000000000000000000000000000000000000000000000000000000000000000000000
327,327,0,1,1,0,00000000000000000000000000000000000000000000000000000000000000000000000000000000000000000000000000000000000000000000000000410000,0,1,0,00000000000000000000000000000000000000000000000000000000000000000000000000000000000000000000000000000000000000000000000000000000
328,328,0,1,1,0,00000000000000000000000000000000000000000000000000000000000000000000000000000000000000000000000000000000000000000000000000000002,0,1,0,00000000000000000000000000000000000000000000000000000000000000000000000000000000000000000000000000000000000000000000000000000000
329,329,0,1,1,0,00000000000000000000000000000000000000000000000000000000000000000000000000000000000000000000000000000000000000000000000000000000,0,1,0,00000000000000000000000000000000000000000000000000000000000000000000000000000000000000000000000000000000000000000000000000000000
330,330,0,1,1,0,0000000000000000000000000000000000000000000000000000000000000000000000000000000000000000000000000000000000000000000000007602bca0,0,1,0,00000000000000000000000000000000000000000000000000000000000000000000000000000000000000000000000000000000000000000000000000000000
331,331,0,1,1,0,00000000000000000000000000000000000000000000000000000000000000000000000000000000000000000000000000000000000000000000000000000001,0,1,0,00000000000000000000000000000000000000000000000000000000000000000000000000000000000000000000000000000000000000000000000000000000
332,332,0,1,1,0,000000000000000000000000000000000000000000000000000000000000000000000000000000000000000000000000000000000000000000000000ee1234ee,0,1,0,00000000000000000000000000000000000000000000000000000000000000000000000000000000000000000000000000000000000000000000000000000000
333,333,0,1,1,0,00000000000000000000000000000000000000000000000000000000000000000000000000000000000000000000000000000000000000000000000000000009,0,1,0,00000000000000000000000000000000000000000000000000000000000000000000000000000000000000000000000000000000000000000000000000000000
334,334,0,1,1,0,0000000000000000000000000000000000000000000000000000000000000000000000000000000000000000000000000000000000000000000000000301000c,0,1,0,00000000000000000000000000000000000000000000000000000000000000000000000000000000000000000000000000000000000000000000000000000000
335,335,0,1,1,0,00000000000000000000000000000000000000000000000000000000000000000000000000000000000000000000000000000000000000000000000000410144,0,1,0,00000000000000000000000000000000000000000000000000000000000000000000000000000000000000000000000000000000000000000000000000000000
336,336,0,1,1,0,00000000000000000000000000000000000000000000000000000000000000000000000000000000000000000000000000000000000000000000000000069585,0,1,0,00000000000000000000000000000000000000000000000000000000000000000000000000000000000000000000000000000000000000000000000000000000
337,337,0,1,1,0,000000000000000000000000000000000000000000000000000000000000000000000000000000000000000000000000000000000000000000000000760297fa,0,1,0,00000000000000000000000000000000000000000000000000000000000000000000000000000000000000000000000000000000000000000000000000000000
338,338,0,1,1,0,00000000000000000000000000000000000000000000000000000000000000000000000000000000000000000000000000000000000000000000000000000c63,0,1,0,00000000000000000000000000000000000000000000000000000000000000000000000000000000000000000000000000000000000000000000000000000000
339,339,0,1,1,0,00000000000000000000000000000000000000000000000000000000000000000000000000000000000000000000000000000000000000000000000000000084,0,1,0,00000000000000000000000000000000000000000000000000000000000000000000000000000000000000000000000000000000000000000000000000000000
340,340,0,1,1,0,00000000000000000000000000000000000000000000000000000000000000000000000000000000000000000000000000000000000000000000000000000004,0,1,0,00000000000000000000000000000000000000000000000000000000000000000000000000000000000000000000000000000000000000000000000000000000
341,341,0,1,1,0,00000000000000000000000000000000000000000000000000000000000000000000000000000000000000000000000000000000000000000000000000000064,0,1,0,00000000000000000000000000000000000000000000000000000000000000000000000000000000000000000000000000000000000000000000000000000000
342,342,0,1,1,0,00000000000000000000000000000000000000000000000000000000000000000000000000000000000000000000000000000000000000000000000039018000,0,1,0,00000000000000000000000000000000000000000000000000000000000000000000000000000000000000000000000000000000000000000000000000000000
343,343,0,0,1,0,00000000000000000000000000000000000000000000000000000000000000000000000000000000000000000000000000000000000000000000000039018000,0,1,0,00000000000000000000000000000000000000000000000000000000000000000000000000000000000000000000000000000000000000000000000000000000
344,344,0,1,1,0,000000000000000000000000000000000000000000000000000000000000000000000000000000000000000000000000000000000000000000000000000003fd,0,1,0,00000000000000000000000000000000000000000000000000000000000000000000000000000000000000000000000000000000000000000000000000000000
345,345,0,0,1,0,000000000000000000000000000000000000000000000000000000000000000000000000000000000000000000000000000000000000000000000000000003fd,0,1,0,00000000000000000000000000000000000000000000000000000000000000000000000000000000000000000000000000000000000000000000000000000000
346,346,0,1,1,0,00000000000000000000000000000000000000000000000000000000000000000000000000000000000000000000000000000000000000000000000000120057,0,1,0,00000000000000000000000000000000000000000000000000000000000000000000000000000000000000000000000000000000000000000000000000000000
347,347,0,1,1,0,00000000000000000000000000000000000000000000000000000000000000000000000000000000000000000000000000000000000000000000000000000000,0,1,0,00000000000000000000000000000000000000000000000000000000000000000000000000000000000000000000000000000000000000000000000000000000
348,348,0,1,1,0,00000000000000000000000000000000000000000000000000000000000000000000000000000000000000000000000000000000000000000000000000000000,0,1,0,00000000000000000000000000000000000000000000000000000000000000000000000000000000000000000000000000000000000000000000000000000000
349,349,0,1,1,0,00000000000000000000000000000000000000000000000000000000000000000000000000000000000000000000000000000000000000000000000000000000,0,1,0,00000000000000000000000000000000000000000000000000000000000000000000000000000000000000000000000000000000000000000000000000000000
350,350,0,1,1,0,00000000000000000000000000000000000000000000000000000000000000000000000000000000000000000000000000000000000000000000000000010004,0,1,0,00000000000000000000000000000000000000000000000000000000000000000000000000000000000000000000000000000000000000000000000000000000
351,351,0,1,1,0,00000000000000000000000000000000000000000000000000000000000000000000000000000000000000000000000000000000000000000000000000020000,0,1,0,00000000000000000000000000000000000000000000000000000000000000000000000000000000000000000000000000000000000000000000000000000000
352,352,0,1,1,0,00000000000000000000000000000000000000000000000000000000000000000000000000000000000000000000000000000000000000000000000000000001,0,1,0,00000000000000000000000000000000000000000000000000000000000000000000000000000000000000000000000000000000000000000000000000000000
353,353,0,1,1,0,000000000000000000000000000000000000000000000000000000000000000000000000000000000000000000000000000000000000000000000000ffffffff,0,1,0,00000000000000000000000000000000000000000000000000000000000000000000000000000000000000000000000000000000000000000000000000000000
354,354,0,1,1,0,000000000000000000000000000000000000000000000000000000000000000000000000000000000000000000000000000000000000000000000000ffffffff,0,1,0,00000000000000000000000000000000000000000000000000000000000000000000000000000000000000000000000000000000000000000000000000000000
355,355,0,1,1,0,000000000000000000000000000000000000000000000000000000000000000000000000000000000000000000000000000000000000000000000000ffffffff,0,1,0,00000000000000000000000000000000000000000000000000000000000000000000000000000000000000000000000000000000000000000000000000000000
356,356,0,0,1,0,000000000000000000000000000000000000000000000000000000000000000000000000000000000000000000000000000000000000000000000000ffffffff,0,1,0,00000000000000000000000000000000000000000000000000000000000000000000000000000000000000000000000000000000000000000000000000000000
357,357,0,1,1,0,000000000000000000000000000000000000000000000000000000000000000000000000000000000000000000000000000000000000000000000000ffffffff,0,1,0,00000000000000000000000000000000000000000000000000000000000000000000000000000000000000000000000000000000000000000000000000000000
358,358,0,1,1,0,000000000000000000000000000000000000000000000000000000000000000000000000000000000000000000000000000000000000000000000000ffffffff,0,1,0,00000000000000000000000000000000000000000000000000000000000000000000000000000000000000000000000000000000000000000000000000000000
359,359,0,1,1,0,000000000000000000000000000000000000000000000000000000000000000000000000000000000000000000000000000000000000000000000000ffffffff,0,1,0,00000000000000000000000000000000000000000000000000000000000000000000000000000000000000000000000000000000000000000000000000000000
360,360,0,1,1,0,000000000000000000000000000000000000000000000000000000000000000000000000000000000000000000000000000000000000000000000000ffffffff,0,1,0,00000000000000000000000000000000000000000000000000000000000000000000000000000000000000000000000000000000000000000000000000000000
361,361,0,1,1,0,000000000000000000000000000000000000000000000000000000000000000000000000000000000000000000000000000000000000000000000000ffffffff,0,1,0,00000000000000000000000000000000000000000000000000000000000000000000000000000000000000000000000000000000000000000000000000000000
362,362,0,1,1,0,00000000000000000000000000000000000000000000000000000000000000000000000000000000000000000000000000000000000000000000000000000000,0,1,0,00000000000000000000000000000000000000000000000000000000000000000000000000000000000000000000000000000000000000000000000000000000
363,363,0,1,1,0,00000000000000000000000000000000000000000000000000000000000000000000000000000000000000000000000000000000000000000000000000000000,0,1,0,00000000000000000000000000000000000000000000000000000000000000000000000000000000000000000000000000000000000000000000000000000000
364,364,0,1,1,0,00000000000000000000000000000000000000000000000000000000000000000000000000000000000000000000000000000000000000000000000000000000,0,1,0,00000000000000000000000000000000000000000000000000000000000000000000000000000000000000000000000000000000000000000000000000000000
365,365,0,1,1,0,00000000000000000000000000000000000000000000000000000000000000000000000000000000000000000000000000000000000000000000000000000000,0,1,0,00000000000000000000000000000000000000000000000000000000000000000000000000000000000000000000000000000000000000000000000000000000
366,366,0,1,1,0,00000000000000000000000000000000000000000000000000000000000000000000000000000000000000000000000000000000000000000000000000000000,0,1,0,00000000000000000000000000000000000000000000000000000000000000000000000000000000000000000000000000000000000000000000000000000000
367,367,0,1,1,0,00000000000000000000000000000000000000000000000000000000000000000000000000000000000000000000000000000000000000000000000000000000,0,1,0,00000000000000000000000000000000000000000000000000000000000000000000000000000000000000000000000000000000000000000000000000000000
368,368,0,1,1,0,00000000000000000000000000000000000000000000000000000000000000000000000000000000000000000000000000000000000000000000000000000000,0,1,0,00000000000000000000000000000000000000000000000000000000000000000000000000000000000000000000000000000000000000000000000000000000
369,369,0,1,1,0,00000000000000000000000000000000000000000000000000000000000000000000000000000000000000000000000000000000000000000000000000000000,0,1,0,00000000000000000000000000000000000000000000000000000000000000000000000000000000000000000000000000000000000000000000000000000000
370,370,0,0,1,0,00000000000000000000000000000000000000000000000000000000000000000000000000000000000000000000000000000000000000000000000000000000,0,1,0,00000000000000000000000000000000000000000000000000000000000000000000000000000000000000000000000000000000000000000000000000000000
371,371,0,0,1,0,00000000000000000000000000000000000000000000000000000000000000000000000000000000000000000000000000000000000000000000000000000000,0,1,0,00000000000000000000000000000000000000000000000000000000000000000000000000000000000000000000000000000000000000000000000000000000
372,372,0,0,1,0,00000000000000000000000000000000000000000000000000000000000000000000000000000000000000000000000000000000000000000000000000000000,0,1,0,00000000000000000000000000000000000000000000000000000000000000000000000000000000000000000000000000000000000000000000000000000000
373,373,0,0,1,0,00000000000000000000000000000000000000000000000000000000000000000000000000000000000000000000000000000000000000000000000000000000,0,1,0,00000000000000000000000000000000000000000000000000000000000000000000000000000000000000000000000000000000000000000000000000000000
374,374,0,0,1,0,00000000000000000000000000000000000000000000000000000000000000000000000000000000000000000000000000000000000000000000000000000000,0,1,0,00000000000000000000000000000000000000000000000000000000000000000000000000000000000000000000000000000000000000000000000000000000
375,375,0,0,1,0,00000000000000000000000000000000000000000000000000000000000000000000000000000000000000000000000000000000000000000000000000000000,0,1,0,00000000000000000000000000000000000000000000000000000000000000000000000000000000000000000000000000000000000000000000000000000000
376,376,0,0,1,0,00000000000000000000000000000000000000000000000000000000000000000000000000000000000000000000000000000000000000000000000000000000,0,1,0,00000000000000000000000000000000000000000000000000000000000000000000000000000000000000000000000000000000000000000000000000000000
377,377,0,0,1,0,00000000000000000000000000000000000000000000000000000000000000000000000000000000000000000000000000000000000000000000000000000000,0,1,0,00000000000000000000000000000000000000000000000000000000000000000000000000000000000000000000000000000000000000000000000000000000
378,378,0,0,1,0,00000000000000000000000000000000000000000000000000000000000000000000000000000000000000000000000000000000000000000000000000000000,0,1,0,00000000000000000000000000000000000000000000000000000000000000000000000000000000000000000000000000000000000000000000000000000000
379,379,0,0,1,0,00000000000000000000000000000000000000000000000000000000000000000000000000000000000000000000000000000000000000000000000000000000,0,1,0,00000000000000000000000000000000000000000000000000000000000000000000000000000000000000000000000000000000000000000000000000000000
380,380,0,0,1,0,00000000000000000000000000000000000000000000000000000000000000000000000000000000000000000000000000000000000000000000000000000000,0,1,0,00000000000000000000000000000000000000000000000000000000000000000000000000000000000000000000000000000000000000000000000000000000
381,381,0,0,1,0,00000000000000000000000000000000000000000000000000000000000000000000000000000000000000000000000000000000000000000000000000000000,0,1,0,00000000000000000000000000000000000000000000000000000000000000000000000000000000000000000000000000000000000000000000000000000000
382,382,0,0,1,0,00000000000000000000000000000000000000000000000000000000000000000000000000000000000000000000000000000000000000000000000000000000,0,1,0,00000000000000000000000000000000000000000000000000000000000000000000000000000000000000000000000000000000000000000000000000000000
383,383,0,0,1,0,00000000000000000000000000000000000000000000000000000000000000000000000000000000000000000000000000000000000000000000000000000000,0,1,0,00000000000000000000000000000000000000000000000000000000000000000000000000000000000000000000000000000000000000000000000000000000
384,384,0,1,1,0,00000000000000000000000000000000000000000000000000000000000000000000000000000000000000000000000000000000000000000000000000005959,0,1,0,00000000000000000000000000000000000000000000000000000000000000000000000000000000000000000000000000000000000000000000000000000000
385,385,0,1,1,0,0000000000000000000000000000000000000000000000000000000000000000000000000000000000000000000000000000000000000000000000005a5a5b5b,0,1,0,00000000000000000000000000000000000000000000000000000000000000000000000000000000000000000000000000000000000000000000000000000000
386,386,0,0,1,0,0000000000000000000000000000000000000000000000000000000000000000000000000000000000000000000000000000000000000000000000005a5a5b5b,0,1,0,00000000000000000000000000000000000000000000000000000000000000000000000000000000000000000000000000000000000000000000000000000000
387,387,0,1,1,0,0000000000000000000000000000000000000000000000000000000000000000000000000000000000000000000000000000000000000000000000005858ffff,0,1,0,00000000000000000000000000000000000000000000000000000000000000000000000000000000000000000000000000000000000000000000000000000000
388,388,0,1,1,0,000000000000000000000000000000000000000000000000000000000000000000000000000000000000000000000000000000000000000000000000201c2007,0,1,0,00000000000000000000000000000000000000000000000000000000000000000000000000000000000000000000000000000000000000000000000000000000
389,389,0,1,1,0,000000000000000000000000000000000000000000000000000000000000000000000000000000000000000000000000000000000000000000000000201c200a,0,1,0,00000000000000000000000000000000000000000000000000000000000000000000000000000000000000000000000000000000000000000000000000000000
390,390,0,1,1,0,00000000000000000000000000000000000000000000000000000000000000000000000000000000000000000000000000000000000000000000000020022013,0,1,0,00000000000000000000000000000000000000000000000000000000000000000000000000000000000000000000000000000000000000000000000000000000
391,391,0,1,1,0,000000000000000000000000000000000000000000000000000000000000000000000000000000000000000000000000000000000000000000000000200a200c,0,1,0,00000000000000000000000000000000000000000000000000000000000000000000000000000000000000000000000000000000000000000000000000000000
392,392,0,1,1,0,000000000000000000000000000000000000000000000000000000000000000000000000000000000000000000000000000000000000000000000000200e2005,0,1,0,00000000000000000000000000000000000000000000000000000000000000000000000000000000000000000000000000000000000000000000000000000000
393,393,0,1,1,0,000000000000000000000000000000000000000000000000000000000000000000000000000000000000000000000000000000000000000000000000200c2014,0,1,0,00000000000000000000000000000000000000000000000000000000000000000000000000000000000000000000000000000000000000000000000000000000
394,394,0,1,1,0,0000000000000000000000000000000000000000000000000000000000000000000000000000000000000000000000000000000000000000000000002007000d,0,1,0,00000000000000000000000000000000000000000000000000000000000000000000000000000000000000000000000000000000000000000000000000000000
395,395,0,1,1,0,00000000000000000000000000000000000000000000000000000000000000000000000000000000000000000000000000000000000000000000000000012007,0,1,0,00000000000000000000000000000000000000000000000000000000000000000000000000000000000000000000000000000000000000000000000000000000
396,396,0,1,1,0,00000000000000000000000000000000000000000000000000000000000000000000000000000000000000000000000000000000000000000000000020010001,0,1,0,00000000000000000000000000000000000000000000000000000000000000000000000000000000000000000000000000000000000000000000000000000000
397,397,0,1,1,0,00000000000000000000000000000000000000000000000000000000000000000000000000000000000000000000000000000000000000000000000020442006,0,1,0,00000000000000000000000000000000000000000000000000000000000000000000000000000000000000000000000000000000000000000000000000000000
398,398,0,1,1,0,00000000000000000000000000000000000000000000000000000000000000000000000000000000000000000000000000000000000000000000000020082012,0,1,0,00000000000000000000000000000000000000000000000000000000000000000000000000000000000000000000000000000000000000000000000000000000
399,399,0,1,1,0,00000000000000000000000000000000000000000000000000000000000000000000000000000000000000000000000000000000000000000000000000162005,0,1,0,00000000000000000000000000000000000000000000000000000000000000000000000000000000000000000000000000000000000000000000000000000000
400,400,0,1,1,0,000000000000000000000000000000000000000000000000000000000000000000000000000000000000000000000000000000000000000000000000001a200a,0,1,0,00000000000000000000000000000000000000000000000000000000000000000000000000000000000000000000000000000000000000000000000000000000
401,401,0,1,1,0,00000000000000000000000000000000000000000000000000000000000000000000000000000000000000000000000000000000000000000000000000212005,0,1,0,00000000000000000000000000000000000000000000000000000000000000000000000000000000000000000000000000000000000000000000000000000000
402,402,0,1,1,0,00000000000000000000000000000000000000000000000000000000000000000000000000000000000000000000000000000000000000000000000020330014,0,1,0,00000000000000000000000000000000000000000000000000000000000000000000000000000000000000000000000000000000000000000000000000000000
403,403,0,1,1,0,00000000000000000000000000000000000000000000000000000000000000000000000000000000000000000000000000000000000000000000000000032002,0,1,0,00000000000000000000000000000000000000000000000000000000000000000000000000000000000000000000000000000000000000000000000000000000
404,404,0,1,1,0,0000000000000000000000000000000000000000000000000000000000000000000000000000000000000000000000000000000000000000000000002004201b,0,1,0,00000000000000000000000000000000000000000000000000000000000000000000000000000000000000000000000000000000000000000000000000000000
405,405,0,1,1,0,000000000000000000000000000000000000000000000000000000000000000000000000000000000000000000000000000000000000000000000000002f200d,0,1,0,00000000000000000000000000000000000000000000000000000000000000000000000000000000000000000000000000000000000000000000000000000000
406,406,0,1,1,0,00000000000000000000000000000000000000000000000000000000000000000000000000000000000000000000000000000000000000000000000000072030,0,1,0,00000000000000000000000000000000000000000000000000000000000000000000000000000000000000000000000000000000000000000000000000000000
407,407,0,1,1,0,000000000000000000000000000000000000000000000000000000000000000000000000000000000000000000000000000000000000000000000000201f200f,0,1,0,00000000000000000000000000000000000000000000000000000000000000000000000000000000000000000000000000000000000000000000000000000000
408,408,0,1,1,0,00000000000000000000000000000000000000000000000000000000000000000000000000000000000000000000000000000000000000000000000020092013,0,1,0,00000000000000000000000000000000000000000000000000000000000000000000000000000000000000000000000000000000000000000000000000000000
409,409,0,1,1,0,0000000000000000000000000000000000000000000000000000000000000000000000000000000000000000000000000000000000000000000000000013200c,0,1,0,00000000000000000000000000000000000000000000000000000000000000000000000000000000000000000000000000000000000000000000000000000000
410,410,0,1,1,0,00000000000000000000000000000000000000000000000000000000000000000000000000000000000000000000000000000000000000000000000000090002,0,1,0,00000000000000000000000000000000000000000000000000000000000000000000000000000000000000000000000000000000000000000000000000000000
411,411,0,1,1,0,0000000000000000000000000000000000000000000000000000000000000000000000000000000000000000000000000000000000000000000000002014200b,0,1,0,00000000000000000000000000000000000000000000000000000000000000000000000000000000000000000000000000000000000000000000000000000000
412,412,0,1,1,0,0000000000000000000000000000000000000000000000000000000000000000000000000000000000000000000000000000000000000000000000002017201e,0,1,0,00000000000000000000000000000000000000000000000000000000000000000000000000000000000000000000000000000000000000000000000000000000
413,413,0,1,1,0,000000000000000000000000000000000000000000000000000000000000000000000000000000000000000000000000000000000000000000000000000b2017,0,1,0,00000000000000000000000000000000000000000000000000000000000000000000000000000000000000000000000000000000000000000000000000000000
414,414,0,1,1,0,00000000000000000000000000000000000000000000000000000000000000000000000000000000000000000000000000000000000000000000000000070014,0,1,0,00000000000000000000000000000000000000000000000000000000000000000000000000000000000000000000000000000000000000000000000000000000
415,415,0,1,1,0,00000000000000000000000000000000000000000000000000000000000000000000000000000000000000000000000000000000000000000000000020022004,0,1,0,00000000000000000000000000000000000000000000000000000000000000000000000000000000000000000000000000000000000000000000000000000000
416,416,0,1,1,0,00000000000000000000000000000000000000000000000000000000000000000000000000000000000000000000000000000000000000000000000000012009,0,1,0,00000000000000000000000000000000000000000000000000000000000000000000000000000000000000000000000000000000000000000000000000000000
417,417,0,1,1,0,000000000000000000000000000000000000000000000000000000000000000000000000000000000000000000000000000000000000000000000000200b200e,0,1,0,00000000000000000000000000000000000000000000000000000000000000000000000000000000000000000000000000000000000000000000000000000000
418,418,0,1,1,0,000000000000000000000000000000000000000000000000000000000000000000000000000000000000000000000000000000000000000000000000200f2002,0,1,0,00000000000000000000000000000000000000000000000000000000000000000000000000000000000000000000000000000000000000000000000000000000
419,419,0,1,1,0,0000000000000000000000000000000000000000000000000000000000000000000000000000000000000000000000000000000000000000000000000024201d,0,1,0,00000000000000000000000000000000000000000000000000000000000000000000000000000000000000000000000000000000000000000000000000000000
420,420,0,1,1,0,000000000000000000000000000000000000000000000000000000000000000000000000000000000000000000000000000000000000000000000000201c2031,0,1,0,00000000000000000000000000000000000000000000000000000000000000000000000000000000000000000000000000000000000000000000000000000000
421,421,0,1,1,0,00000000000000000000000000000000000000000000000000000000000000000000000000000000000000000000000000000000000000000000000000302001,0,1,0,00000000000000000000000000000000000000000000000000000000000000000000000000000000000000000000000000000000000000000000000000000000
422,422,0,1,1,0,00000000000000000000000000000000000000000000000000000000000000000000000000000000000000000000000000000000000000000000000000120001,0,1,0,00000000000000000000000000000000000000000000000000000000000000000000000000000000000000000000000000000000000000000000000000000000
423,423,0,1,1,0,00000000000000000000000000000000000000000000000000000000000000000000000000000000000000000000000000000000000000000000000000090010,0,1,0,00000000000000000000000000000000000000000000000000000000000000000000000000000000000000000000000000000000000000000000000000000000
424,424,0,1,1,0,000000000000000000000000000000000000000000000000000000000000000000000000000000000000000000000000000000000000000000000000000a000b,0,1,0,00000000000000000000000000000000000000000000000000000000000000000000000000000000000000000000000000000000000000000000000000000000
425,425,0,1,1,0,00000000000000000000000000000000000000000000000000000000000000000000000000000000000000000000000000000000000000000000000020072011,0,1,0,00000000000000000000000000000000000000000000000000000000000000000000000000000000000000000000000000000000000000000000000000000000
426,426,0,1,1,0,00000000000000000000000000000000000000000000000000000000000000000000000000000000000000000000000000000000000000000000000020130000,0,1,0,00000000000000000000000000000000000000000000000000000000000000000000000000000000000000000000000000000000000000000000000000000000
427,427,0,1,1,0,000000000000000000000000000000000000000000000000000000000000000000000000000000000000000000000000000000000000000000000000201d2023,0,1,0,00000000000000000000000000000000000000000000000000000000000000000000000000000000000000000000000000000000000000000000000000000000
428,428,0,1,1,0,000000000000000000000000000000000000000000000000000000000000000000000000000000000000000000000000000000000000000000000000201d2009,0,1,0,00000000000000000000000000000000000000000000000000000000000000000000000000000000000000000000000000000000000000000000000000000000
429,429,0,1,1,0,00000000000000000000000000000000000000000000000000000000000000000000000000000000000000000000000000000000000000000000000000080004,0,1,0,00000000000000000000000000000000000000000000000000000000000000000000000000000000000000000000000000000000000000000000000000000000
430,430,0,1,1,0,00000000000000000000000000000000000000000000000000000000000000000000000000000000000000000000000000000000000000000000000020200011,0,1,0,00000000000000000000000000000000000000000000000000000000000000000000000000000000000000000000000000000000000000000000000000000000
431,431,0,1,1,0,0000000000000000000000000000000000000000000000000000000000000000000000000000000000000000000000000000000000000000000000002002200b,0,1,0,00000000000000000000000000000000000000000000000000000000000000000000000000000000000000000000000000000000000000000000000000000000
432,432,0,1,1,0,0000000000000000000000000000000000000000000000000000000000000000000000000000000000000000000000000000000000000000000000002003000b,0,1,0,00000000000000000000000000000000000000000000000000000000000000000000000000000000000000000000000000000000000000000000000000000000
433,433,0,1,1,0,0000000000000000000000000000000000000000000000000000000000000000000000000000000000000000000000000000000000000000000000002024000f,0,1,0,00000000000000000000000000000000000000000000000000000000000000000000000000000000000000000000000000000000000000000000000000000000
434,434,0,1,1,0,000000000000000000000000000000000000000000000000000000000000000000000000000000000000000000000000000000000000000000000000000b2008,0,1,0,00000000000000000000000000000000000000000000000000000000000000000000000000000000000000000000000000000000000000000000000000000000
435,435,0,1,1,0,00000000000000000000000000000000000000000000000000000000000000000000000000000000000000000000000000000000000000000000000000192003,0,1,0,00000000000000000000000000000000000000000000000000000000000000000000000000000000000000000000000000000000000000000000000000000000
436,436,0,1,1,0,0000000000000000000000000000000000000000000000000000000000000000000000000000000000000000000000000000000000000000000000000000002a,0,1,0,00000000000000000000000000000000000000000000000000000000000000000000000000000000000000000000000000000000000000000000000000000000
437,437,0,1,1,0,0000000000000000000000000000000000000000000000000000000000000000000000000000000000000000000000000000000000000000000000000019200f,0,1,0,00000000000000000000000000000000000000000000000000000000000000000000000000000000000000000000000000000000000000000000000000000000
438,438,0,1,1,0,00000000000000000000000000000000000000000000000000000000000000000000000000000000000000000000000000000000000000000000000020112020,0,1,0,00000000000000000000000000000000000000000000000000000000000000000000000000000000000000000000000000000000000000000000000000000000
439,439,0,1,1,0,000000000000000000000000000000000000000000000000000000000000000000000000000000000000000000000000000000000000000000000000000c000a,0,1,0,00000000000000000000000000000000000000000000000000000000000000000000000000000000000000000000000000000000000000000000000000000000
440,440,0,1,1,0,000000000000000000000000000000000000000000000000000000000000000000000000000000000000000000000000000000000000000000000000000e201f,0,1,0,00000000000000000000000000000000000000000000000000000000000000000000000000000000000000000000000000000000000000000000000000000000
441,441,0,1,1,0,000000000000000000000000000000000000000000000000000000000000000000000000000000000000000000000000000000000000000000000000201c2006,0,1,0,00000000000000000000000000000000000000000000000000000000000000000000000000000000000000000000000000000000000000000000000000000000
442,442,0,1,1,0,00000000000000000000000000000000000000000000000000000000000000000000000000000000000000000000000000000000000000000000000000080005,0,1,0,00000000000000000000000000000000000000000000000000000000000000000000000000000000000000000000000000000000000000000000000000000000
443,443,0,1,1,0,000000000000000000000000000000000000000000000000000000000000000000000000000000000000000000000000000000000000000000000000201c0002,0,1,0,00000000000000000000000000000000000000000000000000000000000000000000000000000000000000000000000000000000000000000000000000000000
444,444,0,1,1,0,00000000000000000000000000000000000000000000000000000000000000000000000000000000000000000000000000000000000000000000000000040008,0,1,0,00000000000000000000000000000000000000000000000000000000000000000000000000000000000000000000000000000000000000000000000000000000
445,445,0,1,1,0,0000000000000000000000000000000000000000000000000000000000000000000000000000000000000000000000000000000000000000000000000004200c,0,1,0,00000000000000000000000000000000000000000000000000000000000000000000000000000000000000000000000000000000000000000000000000000000
446,446,0,1,1,0,000000000000000000000000000000000000000000000000000000000000000000000000000000000000000000000000000000000000000000000000200f2005,0,1,0,00000000000000000000000000000000000000000000000000000000000000000000000000000000000000000000000000000000000000000000000000000000
447,447,0,1,1,0,000000000000000000000000000000000000000000000000000000000000000000000000000000000000000000000000000000000000000000000000202b001a,0,1,0,00000000000000000000000000000000000000000000000000000000000000000000000000000000000000000000000000000000000000000000000000000000
448,448,0,1,1,0,0000000000000000000000000000000000000000000000000000000000000000000000000000000000000000000000000000000000000000000000000017202e,0,1,0,00000000000000000000000000000000000000000000000000000000000000000000000000000000000000000000000000000000000000000000000000000000
449,449,0,1,1,0,00000000000000000000000000000000000000000000000000000000000000000000000000000000000000000000000000000000000000000000000000080005,0,1,0,00000000000000000000000000000000000000000000000000000000000000000000000000000000000000000000000000000000000000000000000000000000
450,450,0,1,1,0,00000000000000000000000000000000000000000000000000000000000000000000000000000000000000000000000000000000000000000000000000122002,0,1,0,00000000000000000000000000000000000000000000000000000000000000000000000000000000000000000000000000000000000000000000000000000000
451,451,0,1,1,0,00000000000000000000000000000000000000000000000000000000000000000000000000000000000000000000000000000000000000000000000020142014,0,1,0,00000000000000000000000000000000000000000000000000000000000000000000000000000000000000000000000000000000000000000000000000000000
452,452,0,1,1,0,00000000000000000000000000000000000000000000000000000000000000000000000000000000000000000000000000000000000000000000000000000000,0,1,0,00000000000000000000000000000000000000000000000000000000000000000000000000000000000000000000000000000000000000000000000000000000
453,453,0,1,1,0,00000000000000000000000000000000000000000000000000000000000000000000000000000000000000000000000000000000000000000000000000000000,0,1,0,00000000000000000000000000000000000000000000000000000000000000000000000000000000000000000000000000000000000000000000000000000000
454,454,0,1,1,0,00000000000000000000000000000000000000000000000000000000000000000000000000000000000000000000000000000000000000000000000000000000,0,1,0,00000000000000000000000000000000000000000000000000000000000000000000000000000000000000000000000000000000000000000000000000000000
455,455,0,1,1,0,00000000000000000000000000000000000000000000000000000000000000000000000000000000000000000000000000000000000000000000000000000000,0,1,0,00000000000000000000000000000000000000000000000000000000000000000000000000000000000000000000000000000000000000000000000000000000
456,456,0,0,1,0,00000000000000000000000000000000000000000000000000000000000000000000000000000000000000000000000000000000000000000000000000000000,0,1,0,00000000000000000000000000000000000000000000000000000000000000000000000000000000000000000000000000000000000000000000000000000000
457,457,0,0,1,0,00000000000000000000000000000000000000000000000000000000000000000000000000000000000000000000000000000000000000000000000000000000,0,1,0,00000000000000000000000000000000000000000000000000000000000000000000000000000000000000000000000000000000000000000000000000000000
458,458,0,0,1,0,00000000000000000000000000000000000000000000000000000000000000000000000000000000000000000000000000000000000000000000000000000000,0,1,0,00000000000000000000000000000000000000000000000000000000000000000000000000000000000000000000000000000000000000000000000000000000
459,459,0,0,1,0,00000000000000000000000000000000000000000000000000000000000000000000000000000000000000000000000000000000000000000000000000000000,0,1,0,00000000000000000000000000000000000000000000000000000000000000000000000000000000000000000000000000000000000000000000000000000000
460,460,0,0,1,0,00000000000000000000000000000000000000000000000000000000000000000000000000000000000000000000000000000000000000000000000000000000,0,1,0,00000000000000000000000000000000000000000000000000000000000000000000000000000000000000000000000000000000000000000000000000000000
461,461,0,0,1,0,00000000000000000000000000000000000000000000000000000000000000000000000000000000000000000000000000000000000000000000000000000000,0,1,0,00000000000000000000000000000000000000000000000000000000000000000000000000000000000000000000000000000000000000000000000000000000
462,462,0,0,1,0,00000000000000000000000000000000000000000000000000000000000000000000000000000000000000000000000000000000000000000000000000000000,0,1,0,00000000000000000000000000000000000000000000000000000000000000000000000000000000000000000000000000000000000000000000000000000000
463,463,0,0,1,0,00000000000000000000000000000000000000000000000000000000000000000000000000000000000000000000000000000000000000000000000000000000,0,1,0,00000000000000000000000000000000000000000000000000000000000000000000000000000000000000000000000000000000000000000000000000000000
464,464,0,0,1,0,00000000000000000000000000000000000000000000000000000000000000000000000000000000000000000000000000000000000000000000000000000000,0,1,0,00000000000000000000000000000000000000000000000000000000000000000000000000000000000000000000000000000000000000000000000000000000
465,465,0,0,1,0,00000000000000000000000000000000000000000000000000000000000000000000000000000000000000000000000000000000000000000000000000000000,0,1,0,00000000000000000000000000000000000000000000000000000000000000000000000000000000000000000000000000000000000000000000000000000000
466,466,0,0,1,0,00000000000000000000000000000000000000000000000000000000000000000000000000000000000000000000000000000000000000000000000000000000,0,1,0,00000000000000000000000000000000000000000000000000000000000000000000000000000000000000000000000000000000000000000000000000000000
467,467,0,0,1,0,00000000000000000000000000000000000000000000000000000000000000000000000000000000000000000000000000000000000000000000000000000000,0,1,0,00000000000000000000000000000000000000000000000000000000000000000000000000000000000000000000000000000000000000000000000000000000
468,468,0,0,1,0,00000000000000000000000000000000000000000000000000000000000000000000000000000000000000000000000000000000000000000000000000000000,0,1,0,00000000000000000000000000000000000000000000000000000000000000000000000000000000000000000000000000000000000000000000000000000000
469,469,0,1,1,0,00000000000000000000000000000000000000000000000000000000000000000000000000000000000000000000000000000000000000000000000000170003,0,1,0,00000000000000000000000000000000000000000000000000000000000000000000000000000000000000000000000000000000000000000000000000000000
470,470,0,1,1,0,00000000000000000000000000000000000000000000000000000000000000000000000000000000000000000000000000000000000000000000000012345678,0,1,0,00000000000000000000000000000000000000000000000000000000000000000000000000000000000000000000000000000000000000000000000000000000
471,471,0,1,1,0,000000000000000000000000000000000000000000000000000000000000000000000000000000000000000000000000000000000000000000000000304abc95,0,1,0,00000000000000000000000000000000000000000000000000000000000000000000000000000000000000000000000000000000000000000000000000000000
472,472,0,1,1,0,0000000000000000000000000000000000000000000000000000000000000000000000000000000000000000000000000000000000000000000000000301000c,0,1,0,00000000000000000000000000000000000000000000000000000000000000000000000000000000000000000000000000000000000000000000000000000000
473,473,0,1,1,0,00000000000000000000000000000000000000000000000000000000000000000000000000000000000000000000000000000000000000000000000000410144,0,1,0,00000000000000000000000000000000000000000000000000000000000000000000000000000000000000000000000000000000000000000000000000000000
474,474,0,1,1,0,00000000000000000000000000000000000000000000000000000000000000000000000000000000000000000000000000000000000000000000000000069585,0,1,0,00000000000000000000000000000000000000000000000000000000000000000000000000000000000000000000000000000000000000000000000000000000
475,475,0,1,1,0,000000000000000000000000000000000000000000000000000000000000000000000000000000000000000000000000000000000000000000000000760297fa,0,1,0,00000000000000000000000000000000000000000000000000000000000000000000000000000000000000000000000000000000000000000000000000000000
476,476,0,1,1,0,00000000000000000000000000000000000000000000000000000000000000000000000000000000000000000000000000000000000000000000000000000c63,0,1,0,00000000000000000000000000000000000000000000000000000000000000000000000000000000000000000000000000000000000000000000000000000000
477,477,0,1,1,0,00000000000000000000000000000000000000000000000000000000000000000000000000000000000000000000000000000000000000000000000000000084,0,1,0,00000000000000000000000000000000000000000000000000000000000000000000000000000000000000000000000000000000000000000000000000000000
478,478,0,1,1,0,00000000000000000000000000000000000000000000000000000000000000000000000000000000000000000000000000000000000000000000000000000004,0,1,0,00000000000000000000000000000000000000000000000000000000000000000000000000000000000000000000000000000000000000000000000000000000
479,479,0,1,1,0,00000000000000000000000000000000000000000000000000000000000000000000000000000000000000000000000000000000000000000000000000000064,0,1,0,00000000000000000000000000000000000000000000000000000000000000000000000000000000000000000000000000000000000000000000000000000000
480,480,0,1,1,0,00000000000000000000000000000000000000000000000000000000000000000000000000000000000000000000000000000000000000000000000039f98000,0,1,0,00000000000000000000000000000000000000000000000000000000000000000000000000000000000000000000000000000000000000000000000000000000
481,481,0,1,1,0,00000000000000000000000000000000000000000000000000000000000000000000000000000000000000000000000000000000000000000000000000000464,0,1,0,00000000000000000000000000000000000000000000000000000000000000000000000000000000000000000000000000000000000000000000000000000000
482,482,0,1,1,0,00000000000000000000000000000000000000000000000000000000000000000000000000000000000000000000000000000000000000000000000000120057,0,1,0,00000000000000000000000000000000000000000000000000000000000000000000000000000000000000000000000000000000000000000000000000000000
483,483,0,1,1,0,00000000000000000000000000000000000000000000000000000000000000000000000000000000000000000000000000000000000000000000000000000000,0,1,0,00000000000000000000000000000000000000000000000000000000000000000000000000000000000000000000000000000000000000000000000000000000
484,484,0,1,1,0,00000000000000000000000000000000000000000000000000000000000000000000000000000000000000000000000000000000000000000000000000000000,0,1,0,00000000000000000000000000000000000000000000000000000000000000000000000000000000000000000000000000000000000000000000000000000000
485,485,0,1,1,0,00000000000000000000000000000000000000000000000000000000000000000000000000000000000000000000000000000000000000000000000000000000,0,1,0,00000000000000000000000000000000000000000000000000000000000000000000000000000000000000000000000000000000000000000000000000000000
486,486,0,1,1,0,00000000000000000000000000000000000000000000000000000000000000000000000000000000000000000000000000000000000000000000000000010004,0,1,0,00000000000000000000000000000000000000000000000000000000000000000000000000000000000000000000000000000000000000000000000000000000
487,487,0,1,1,0,00000000000000000000000000000000000000000000000000000000000000000000000000000000000000000000000000000000000000000000000000020000,0,1,0,00000000000000000000000000000000000000000000000000000000000000000000000000000000000000000000000000000000000000000000000000000000
488,488,0,1,1,0,00000000000000000000000000000000000000000000000000000000000000000000000000000000000000000000000000000000000000000000000000000001,0,1,0,00000000000000000000000000000000000000000000000000000000000000000000000000000000000000000000000000000000000000000000000000000000
489,489,0,1,1,0,000000000000000000000000000000000000000000000000000000000000000000000000000000000000000000000000000000000000000000000000ffffffff,0,1,0,00000000000000000000000000000000000000000000000000000000000000000000000000000000000000000000000000000000000000000000000000000000
490,490,0,1,1,0,000000000000000000000000000000000000000000000000000000000000000000000000000000000000000000000000000000000000000000000000ffffffff,0,1,0,00000000000000000000000000000000000000000000000000000000000000000000000000000000000000000000000000000000000000000000000000000000
491,491,0,1,1,0,000000000000000000000000000000000000000000000000000000000000000000000000000000000000000000000000000000000000000000000000ffffffff,0,1,0,00000000000000000000000000000000000000000000000000000000000000000000000000000000000000000000000000000000000000000000000000000000
492,492,0,1,1,0,000000000000000000000000000000000000000000000000000000000000000000000000000000000000000000000000000000000000000000000000ffffffff,0,1,0,00000000000000000000000000000000000000000000000000000000000000000000000000000000000000000000000000000000000000000000000000000000
493,493,0,1,1,0,000000000000000000000000000000000000000000000000000000000000000000000000000000000000000000000000000000000000000000000000ffffffff,0,1,0,00000000000000000000000000000000000000000000000000000000000000000000000000000000000000000000000000000000000000000000000000000000
494,494,0,1,1,0,000000000000000000000000000000000000000000000000000000000000000000000000000000000000000000000000000000000000000000000000ffffffff,0,1,0,00000000000000000000000000000000000000000000000000000000000000000000000000000000000000000000000000000000000000000000000000000000
495,495,0,1,1,0,000000000000000000000000000000000000000000000000000000000000000000000000000000000000000000000000000000000000000000000000ffffffff,0,1,0,00000000000000000000000000000000000000000000000000000000000000000000000000000000000000000000000000000000000000000000000000000000
496,496,0,1,1,0,000000000000000000000000000000000000000000000000000000000000000000000000000000000000000000000000000000000000000000000000ffffffff,0,1,0,00000000000000000000000000000000000000000000000000000000000000000000000000000000000000000000000000000000000000000000000000000000
497,497,0,1,1,0,00000000000000000000000000000000000000000000000000000000000000000000000000000000000000000000000000000000000000000000000000000000,0,1,0,00000000000000000000000000000000000000000000000000000000000000000000000000000000000000000000000000000000000000000000000000000000
498,498,0,1,1,0,00000000000000000000000000000000000000000000000000000000000000000000000000000000000000000000000000000000000000000000000000000000,0,1,0,00000000000000000000000000000000000000000000000000000000000000000000000000000000000000000000000000000000000000000000000000000000
499,499,0,1,1,0,00000000000000000000000000000000000000000000000000000000000000000000000000000000000000000000000000000000000000000000000000000000,0,1,0,00000000000000000000000000000000000000000000000000000000000000000000000000000000000000000000000000000000000000000000000000000000
500,500,0,1,1,0,00000000000000000000000000000000000000000000000000000000000000000000000000000000000000000000000000000000000000000000000000000000,0,1,0,00000000000000000000000000000000000000000000000000000000000000000000000000000000000000000000000000000000000000000000000000000000
501,501,0,1,1,0,00000000000000000000000000000000000000000000000000000000000000000000000000000000000000000000000000000000000000000000000000000000,0,1,0,00000000000000000000000000000000000000000000000000000000000000000000000000000000000000000000000000000000000000000000000000000000
502,502,0,1,1,0,00000000000000000000000000000000000000000000000000000000000000000000000000000000000000000000000000000000000000000000000000000000,0,1,0,00000000000000000000000000000000000000000000000000000000000000000000000000000000000000000000000000000000000000000000000000000000
503,503,0,1,1,0,00000000000000000000000000000000000000000000000000000000000000000000000000000000000000000000000000000000000000000000000000000000,0,1,0,00000000000000000000000000000000000000000000000000000000000000000000000000000000000000000000000000000000000000000000000000000000
504,504,0,1,1,0,00000000000000000000000000000000000000000000000000000000000000000000000000000000000000000000000000000000000000000000000000000000,0,1,0,00000000000000000000000000000000000000000000000000000000000000000000000000000000000000000000000000000000000000000000000000000000
505,505,0,1,1,0,00000000000000000000000000000000000000000000000000000000000000000000000000000000000000000000000000000000000000000000000000002b2b,0,1,0,00000000000000000000000000000000000000000000000000000000000000000000000000000000000000000000000000000000000000000000000000000000
506,506,0,1,1,0,00000000000000000000000000000000000000000000000000000000000000000000000000000000000000000000000000000000000000000000000028282929,0,1,0,00000000000000000000000000000000000000000000000000000000000000000000000000000000000000000000000000000000000000000000000000000000
507,507,0,1,1,0,0000000000000000000000000000000000000000000000000000000000000000000000000000000000000000000000000000000000000000000000002a2a0002,0,1,0,00000000000000000000000000000000000000000000000000000000000000000000000000000000000000000000000000000000000000000000000000000000
508,508,0,1,1,0,00000000000000000000000000000000000000000000000000000000000000000000000000000000000000000000000000000000000000000000000020032024,0,1,0,00000000000000000000000000000000000000000000000000000000000000000000000000000000000000000000000000000000000000000000000000000000
509,509,0,1,1,0,00000000000000000000000000000000000000000000000000000000000000000000000000000000000000000000000000000000000000000000000000110008,0,1,0,00000000000000000000000000000000000000000000000000000000000000000000000000000000000000000000000000000000000000000000000000000000
510,510,0,1,1,0,000000000000000000000000000000000000000000000000000000000000000000000000000000000000000000000000000000000000000000000000200e0007,0,1,0,00000000000000000000000000000000000000000000000000000000000000000000000000000000000000000000000000000000000000000000000000000000
511,511,0,1,1,0,0000000000000000000000000000000000000000000000000000000000000000000000000000000000000000000000000000000000000000000000000003200a,0,1,0,00000000000000000000000000000000000000000000000000000000000000000000000000000000000000000000000000000000000000000000000000000000
512,512,1,1,1,0,00000000000000000000000000000000000000000000000000000000000000000000000000000000000000000000000000000000000000000000000020460006,1,1,0,00000000000000000000000000000000000000000000000000000000000000000000000000000000000000000000000000000000000000000000000000018180
513,513,0,1,1,0,000000000000000000000000000000000000000000000000000000000000000000000000000000000000000000000000000000000000000000000000000c0041,1,1,0,000000000000000000000000000000000000000000000000000000000000000000000000000000000000000000000000000000000000000000000000c1d1bb54
514,514,0,1,0,0,00000000000000000000000000000000000000000000000000000000000000000000000000000000000000000000000000000000000000000000000020042007,1,1,0,00000000000000000000000000000000000000000000000000000000000000000000000000000000000000000000000000000000000000000000000000000000
515,515,0,1,0,0,00000000000000000000000000000000000000000000000000000000000000000000000000000000000000000000000000000000000000000000000020042007,1,1,0,00000000000000000000000000000000000000000000000000000000000000000000000000000000000000000000000000000000000000000000000000000000
516,516,0,1,0,0,00000000000000000000000000000000000000000000000000000000000000000000000000000000000000000000000000000000000000000000000020042007,1,1,0,00000000000000000000000000000000000000000000000000000000000000000000000000000000000000000000000000000000000000000000000000018181
517,517,0,1,1,0,00000000000000000000000000000000000000000000000000000000000000000000000000000000000000000000000000000000000000000000000020042007,1,1,0,000000000000000000000000000000000000000000000000000000000000000000000000000000000000000000000000000000000000000000000000c0a6ed4c
518,518,0,1,0,0,00000000000000000000000000000000000000000000000000000000000000000000000000000000000000000000000000000000000000000000000020120040,1,1,0,00000000000000000000000000000000000000000000000000000000000000000000000000000000000000000000000000000000000000000000000000000000
519,519,0,1,0,0,00000000000000000000000000000000000000000000000000000000000000000000000000000000000000000000000000000000000000000000000020120040,1,1,0,00000000000000000000000000000000000000000000000000000000000000000000000000000000000000000000000000000000000000000000000000000000
520,520,0,1,0,0,00000000000000000000000000000000000000000000000000000000000000000000000000000000000000000000000000000000000000000000000020120040,1,1,0,00000000000000000000000000000000000000000000000000000000000000000000000000000000000000000000000000000000000000000000000000018380
521,521,0,1,1,0,00000000000000000000000000000000000000000000000000000000000000000000000000000000000000000000000000000000000000000000000020120040,1,1,0,000000000000000000000000000000000000000000000000000000000000000000000000000000000000000000000000000000000000000000000000c1d05a00
522,522,0,1,0,0,000000000000000000000000000000000000000000000000000000000000000000000000000000000000000000000000000000000000000000000000000a000a,1,1,0,00000000000000000000000000000000000000000000000000000000000000000000000000000000000000000000000000000000000000000000000000000000
523,523,0,1,0,0,000000000000000000000000000000000000000000000000000000000000000000000000000000000000000000000000000000000000000000000000000a000a,1,1,0,00000000000000000000000000000000000000000000000000000000000000000000000000000000000000000000000000000000000000000000000000000000
524,524,0,1,0,0,000000000000000000000000000000000000000000000000000000000000000000000000000000000000000000000000000000000000000000000000000a000a,1,1,0,00000000000000000000000000000000000000000000000000000000000000000000000000000000000000000000000000000000000000000000000000018381
525,525,0,1,1,0,000000000000000000000000000000000000000000000000000000000000000000000000000000000000000000000000000000000000000000000000000a000a,1,1,0,000000000000000000000000000000000000000000000000000000000000000000000000000000000000000000000000000000000000000000000000c100b400
526,526,0,1,0,0,00000000000000000000000000000000000000000000000000000000000000000000000000000000000000000000000000000000000000000000000000082002,1,1,0,00000000000000000000000000000000000000000000000000000000000000000000000000000000000000000000000000000000000000000000000000000000
527,527,0,1,0,0,00000000000000000000000000000000000000000000000000000000000000000000000000000000000000000000000000000000000000000000000000082002,1,1,0,00000000000000000000000000000000000000000000000000000000000000000000000000000000000000000000000000000000000000000000000000000000
528,528,0,1,0,0,00000000000000000000000000000000000000000000000000000000000000000000000000000000000000000000000000000000000000000000000000082002,1,1,0,00000000000000000000000000000000000000000000000000000000000000000000000000000000000000000000000000000000000000000000000000018580
529,529,0,1,1,0,00000000000000000000000000000000000000000000000000000000000000000000000000000000000000000000000000000000000000000000000000082002,1,1,0,000000000000000000000000000000000000000000000000000000000000000000000000000000000000000000000000000000000000000000000000be013740
530,530,0,1,0,0,00000000000000000000000000000000000000000000000000000000000000000000000000000000000000000000000000000000000000000000000020012010,1,1,0,00000000000000000000000000000000000000000000000000000000000000000000000000000000000000000000000000000000000000000000000000000000
531,531,0,1,0,0,00000000000000000000000000000000000000000000000000000000000000000000000000000000000000000000000000000000000000000000000020012010,1,1,0,00000000000000000000000000000000000000000000000000000000000000000000000000000000000000000000000000000000000000000000000000000000
532,532,0,1,0,0,00000000000000000000000000000000000000000000000000000000000000000000000000000000000000000000000000000000000000000000000020012010,1,1,0,00000000000000000000000000000000000000000000000000000000000000000000000000000000000000000000000000000000000000000000000000018581
533,533,0,1,1,0,00000000000000000000000000000000000000000000000000000000000000000000000000000000000000000000000000000000000000000000000020012010,1,1,0,000000000000000000000000000000000000000000000000000000000000000000000000000000000000000000000000000000000000000000000000c189026c
534,534,0,1,0,0,0000000000000000000000000000000000000000000000000000000000000000000000000000000000000000000000000000000000000000000000000005202a,1,1,0,00000000000000000000000000000000000000000000000000000000000000000000000000000000000000000000000000000000000000000000000000000000
535,535,0,1,0,0,0000000000000000000000000000000000000000000000000000000000000000000000000000000000000000000000000000000000000000000000000005202a,1,1,0,00000000000000000000000000000000000000000000000000000000000000000000000000000000000000000000000000000000000000000000000000000000
536,536,0,1,0,0,0000000000000000000000000000000000000000000000000000000000000000000000000000000000000000000000000000000000000000000000000005202a,1,1,0,00000000000000000000000000000000000000000000000000000000000000000000000000000000000000000000000000000000000000000000000000018780
537,537,0,1,1,0,0000000000000000000000000000000000000000000000000000000000000000000000000000000000000000000000000000000000000000000000000005202a,1,1,0,000000000000000000000000000000000000000000000000000000000000000000000000000000000000000000000000000000000000000000000000c1029878
538,538,0,1,0,0,0000000000000000000000000000000000000000000000000000000000000000000000000000000000000000000000000000000000000000000000000013202c,1,1,0,00000000000000000000000000000000000000000000000000000000000000000000000000000000000000000000000000000000000000000000000000000000
539,539,0,1,0,0,0000000000000000000000000000000000000000000000000000000000000000000000000000000000000000000000000000000000000000000000000013202c,1,1,0,00000000000000000000000000000000000000000000000000000000000000000000000000000000000000000000000000000000000000000000000000000000
540,540,0,1,0,0,0000000000000000000000000000000000000000000000000000000000000000000000000000000000000000000000000000000000000000000000000013202c,1,1,0,00000000000000000000000000000000000000000000000000000000000000000000000000000000000000000000000000000000000000000000000000018781
541,541,0,1,1,0,0000000000000000000000000000000000000000000000000000000000000000000000000000000000000000000000000000000000000000000000000013202c,1,1,0,000000000000000000000000000000000000000000000000000000000000000000000000000000000000000000000000000000000000000000000000c1229878
542,542,0,1,0,0,000000000000000000000000000000000000000000000000000000000000000000000000000000000000000000000000000000000000000000000000001b0023,1,1,0,00000000000000000000000000000000000000000000000000000000000000000000000000000000000000000000000000000000000000000000000000000000
543,543,0,1,0,0,000000000000000000000000000000000000000000000000000000000000000000000000000000000000000000000000000000000000000000000000001b0023,1,1,0,00000000000000000000000000000000000000000000000000000000000000000000000000000000000000000000000000000000000000000000000000000000
544,544,0,1,0,0,000000000000000000000000000000000000000000000000000000000000000000000000000000000000000000000000000000000000000000000000001b0023,1,1,0,00000000000000000000000000000000000000000000000000000000000000000000000000000000000000000000000000000000000000000000000000018980
545,545,0,1,1,0,000000000000000000000000000000000000000000000000000000000000000000000000000000000000000000000000000000000000000000000000001b0023,1,1,0,000000000000000000000000000000000000000000000000000000000000000000000000000000000000000000000000000000000000000000000000c142d794
546,546,0,1,0,0,00000000000000000000000000000000000000000000000000000000000000000000000000000000000000000000000000000000000000000000000020010002,1,1,0,00000000000000000000000000000000000000000000000000000000000000000000000000000000000000000000000000000000000000000000000000000000
547,547,0,1,0,0,00000000000000000000000000000000000000000000000000000000000000000000000000000000000000000000000000000000000000000000000020010002,1,1,0,00000000000000000000000000000000000000000000000000000000000000000000000000000000000000000000000000000000000000000000000000000000
548,548,0,1,0,0,00000000000000000000000000000000000000000000000000000000000000000000000000000000000000000000000000000000000000000000000020010002,1,1,0,00000000000000000000000000000000000000000000000000000000000000000000000000000000000000000000000000000000000000000000000000018981
549,549,0,1,1,0,00000000000000000000000000000000000000000000000000000000000000000000000000000000000000000000000000000000000000000000000020010002,1,1,0,000000000000000000000000000000000000000000000000000000000000000000000000000000000000000000000000000000000000000000000000c04b5e50
550,550,0,1,0,0,00000000000000000000000000000000000000000000000000000000000000000000000000000000000000000000000000000000000000000000000020090001,1,1,0,00000000000000000000000000000000000000000000000000000000000000000000000000000000000000000000000000000000000000000000000000000000
551,551,0,1,0,0,00000000000000000000000000000000000000000000000000000000000000000000000000000000000000000000000000000000000000000000000020090001,1,1,0,00000000000000000000000000000000000000000000000000000000000000000000000000000000000000000000000000000000000000000000000000000000
552,552,0,1,0,0,00000000000000000000000000000000000000000000000000000000000000000000000000000000000000000000000000000000000000000000000020090001,1,1,0,00000000000000000000000000000000000000000000000000000000000000000000000000000000000000000000000000000000000000000000000000018b80
553,553,0,1,1,0,00000000000000000000000000000000000000000000000000000000000000000000000000000000000000000000000000000000000000000000000020090001,1,1,0,000000000000000000000000000000000000000000000000000000000000000000000000000000000000000000000000000000000000000000000000c1211e38
554,554,0,1,0,0,00000000000000000000000000000000000000000000000000000000000000000000000000000000000000000000000000000000000000000000000000052006,1,1,0,00000000000000000000000000000000000000000000000000000000000000000000000000000000000000000000000000000000000000000000000000000000
555,555,0,1,0,0,00000000000000000000000000000000000000000000000000000000000000000000000000000000000000000000000000000000000000000000000000052006,1,1,0,00000000000000000000000000000000000000000000000000000000000000000000000000000000000000000000000000000000000000000000000000000000
556,556,0,1,0,0,00000000000000000000000000000000000000000000000000000000000000000000000000000000000000000000000000000000000000000000000000052006,1,1,0,00000000000000000000000000000000000000000000000000000000000000000000000000000000000000000000000000000000000000000000000000018b81
557,557,0,1,1,0,00000000000000000000000000000000000000000000000000000000000000000000000000000000000000000000000000000000000000000000000000052006,1,1,0,000000000000000000000000000000000000000000000000000000000000000000000000000000000000000000000000000000000000000000000000c1908f1c
558,558,0,1,0,0,00000000000000000000000000000000000000000000000000000000000000000000000000000000000000000000000000000000000000000000000000340005,1,1,0,00000000000000000000000000000000000000000000000000000000000000000000000000000000000000000000000000000000000000000000000000000000
559,559,0,1,0,0,00000000000000000000000000000000000000000000000000000000000000000000000000000000000000000000000000000000000000000000000000340005,1,1,0,00000000000000000000000000000000000000000000000000000000000000000000000000000000000000000000000000000000000000000000000000000000
560,560,0,1,0,0,00000000000000000000000000000000000000000000000000000000000000000000000000000000000000000000000000000000000000000000000000340005,1,1,0,00000000000000000000000000000000000000000000000000000000000000000000000000000000000000000000000000000000000000000000000000018d80
561,561,0,1,1,0,00000000000000000000000000000000000000000000000000000000000000000000000000000000000000000000000000000000000000000000000000340005,1,1,0,000000000000000000000000000000000000000000000000000000000000000000000000000000000000000000000000000000000000000000000000c0a10404
562,562,0,1,0,0,00000000000000000000000000000000000000000000000000000000000000000000000000000000000000000000000000000000000000000000000020202005,1,1,0,00000000000000000000000000000000000000000000000000000000000000000000000000000000000000000000000000000000000000000000000000000000
563,563,0,1,0,0,00000000000000000000000000000000000000000000000000000000000000000000000000000000000000000000000000000000000000000000000020202005,1,1,0,00000000000000000000000000000000000000000000000000000000000000000000000000000000000000000000000000000000000000000000000000000000
564,564,0,1,0,0,00000000000000000000000000000000000000000000000000000000000000000000000000000000000000000000000000000000000000000000000020202005,1,1,0,00000000000000000000000000000000000000000000000000000000000000000000000000000000000000000000000000000000000000000000000000018d81
565,565,0,1,1,0,00000000000000000000000000000000000000000000000000000000000000000000000000000000000000000000000000000000000000000000000020202005,1,1,0,000000000000000000000000000000000000000000000000000000000000000000000000000000000000000000000000000000000000000000000000416f7dfc
566,566,0,1,0,0,000000000000000000000000000000000000000000000000000000000000000000000000000000000000000000000000000000000000000000000000200d0008,1,1,0,00000000000000000000000000000000000000000000000000000000000000000000000000000000000000000000000000000000000000000000000000000000
567,567,0,1,0,0,000000000000000000000000000000000000000000000000000000000000000000000000000000000000000000000000000000000000000000000000200d0008,1,1,0,00000000000000000000000000000000000000000000000000000000000000000000000000000000000000000000000000000000000000000000000000000000
568,568,0,1,0,0,000000000000000000000000000000000000000000000000000000000000000000000000000000000000000000000000000000000000000000000000200d0008,1,1,0,00000000000000000000000000000000000000000000000000000000000000000000000000000000000000000000000000000000000000000000000000018f80
569,569,0,1,1,0,000000000000000000000000000000000000000000000000000000000000000000000000000000000000000000000000000000000000000000000000200d0008,1,1,0,000000000000000000000000000000000000000000000000000000000000000000000000000000000000000000000000000000000000000000000000403a3b4a
570,570,0,1,0,0,000000000000000000000000000000000000000000000000000000000000000000000000000000000000000000000000000000000000000000000000200a2012,1,1,0,00000000000000000000000000000000000000000000000000000000000000000000000000000000000000000000000000000000000000000000000000000000
571,571,0,1,0,0,000000000000000000000000000000000000000000000000000000000000000000000000000000000000000000000000000000000000000000000000200a2012,1,1,0,00000000000000000000000000000000000000000000000000000000000000000000000000000000000000000000000000000000000000000000000000000000
572,572,0,1,0,0,000000000000000000000000000000000000000000000000000000000000000000000000000000000000000000000000000000000000000000000000200a2012,1,1,0,00000000000000000000000000000000000000000000000000000000000000000000000000000000000000000000000000000000000000000000000000018f81
573,573,0,1,1,0,000000000000000000000000000000000000000000000000000000000000000000000000000000000000000000000000000000000000000000000000200a2012,1,1,0,000000000000000000000000000000000000000000000000000000000000000000000000000000000000000000000000000000000000000000000000c0a2e258
574,574,0,1,0,0,000000000000000000000000000000000000000000000000000000000000000000000000000000000000000000000000000000000000000000000000201f000c,1,1,0,00000000000000000000000000000000000000000000000000000000000000000000000000000000000000000000000000000000000000000000000000000000
575,575,0,1,0,0,000000000000000000000000000000000000000000000000000000000000000000000000000000000000000000000000000000000000000000000000201f000c,1,1,0,00000000000000000000000000000000000000000000000000000000000000000000000000000000000000000000000000000000000000000000000000000000
576,576,0,1,0,0,000000000000000000000000000000000000000000000000000000000000000000000000000000000000000000000000000000000000000000000000201f000c,1,1,0,000000000000000000000000000000000000000000000000000000000000000000000000000000000000000000000000000000000000000000000000000181c0
577,577,0,1,1,0,000000000000000000000000000000000000000000000000000000000000000000000000000000000000000000000000000000000000000000000000201f000c,1,1,0,0000000000000000000000000000000000000000000000000000000000000000000000000000000000000000000000000000000000000000000000003f6e5c10
578,578,0,1,0,0,00000000000000000000000000000000000000000000000000000000000000000000000000000000000000000000000000000000000000000000000000150017,1,1,0,00000000000000000000000000000000000000000000000000000000000000000000000000000000000000000000000000000000000000000000000000000000
579,579,0,1,0,0,00000000000000000000000000000000000000000000000000000000000000000000000000000000000000000000000000000000000000000000000000150017,1,1,0,00000000000000000000000000000000000000000000000000000000000000000000000000000000000000000000000000000000000000000000000000000000
580,580,0,1,0,0,00000000000000000000000000000000000000000000000000000000000000000000000000000000000000000000000000000000000000000000000000150017,1,1,0,000000000000000000000000000000000000000000000000000000000000000000000000000000000000000000000000000000000000000000000000000181c1
581,581,0,1,1,0,00000000000000000000000000000000000000000000000000000000000000000000000000000000000000000000000000000000000000000000000000150017,1,1,0,000000000000000000000000000000000000000000000000000000000000000000000000000000000000000000000000000000000000000000000000403b9704
582,582,0,1,0,0,00000000000000000000000000000000000000000000000000000000000000000000000000000000000000000000000000000000000000000000000000262019,1,1,0,00000000000000000000000000000000000000000000000000000000000000000000000000000000000000000000000000000000000000000000000000000000
583,583,0,1,0,0,00000000000000000000000000000000000000000000000000000000000000000000000000000000000000000000000000000000000000000000000000262019,1,1,0,00000000000000000000000000000000000000000000000000000000000000000000000000000000000000000000000000000000000000000000000000000000
584,584,0,1,0,0,00000000000000000000000000000000000000000000000000000000000000000000000000000000000000000000000000000000000000000000000000262019,1,1,0,000000000000000000000000000000000000000000000000000000000000000000000000000000000000000000000000000000000000000000000000000183c0
585,585,0,1,1,0,00000000000000000000000000000000000000000000000000000000000000000000000000000000000000000000000000000000000000000000000000262019,1,1,0,000000000000000000000000000000000000000000000000000000000000000000000000000000000000000000000000000000000000000000000000c28437a0
586,586,0,1,0,0,00000000000000000000000000000000000000000000000000000000000000000000000000000000000000000000000000000000000000000000000000062018,1,1,0,00000000000000000000000000000000000000000000000000000000000000000000000000000000000000000000000000000000000000000000000000000000
587,587,0,1,0,0,00000000000000000000000000000000000000000000000000000000000000000000000000000000000000000000000000000000000000000000000000062018,1,1,0,00000000000000000000000000000000000000000000000000000000000000000000000000000000000000000000000000000000000000000000000000000000
588,588,0,1,0,0,00000000000000000000000000000000000000000000000000000000000000000000000000000000000000000000000000000000000000000000000000062018,1,1,0,000000000000000000000000000000000000000000000000000000000000000000000000000000000000000000000000000000000000000000000000000183c1
589,589,0,1,1,0,00000000000000000000000000000000000000000000000000000000000000000000000000000000000000000000000000000000000000000000000000062018,1,1,0,000000000000000000000000000000000000000000000000000000000000000000000000000000000000000000000000000000000000000000000000c0837a04
590,590,0,1,0,0,000000000000000000000000000000000000000000000000000000000000000000000000000000000000000000000000000000000000000000000000001d200f,1,1,0,00000000000000000000000000000000000000000000000000000000000000000000000000000000000000000000000000000000000000000000000000000000
591,591,0,1,0,0,000000000000000000000000000000000000000000000000000000000000000000000000000000000000000000000000000000000000000000000000001d200f,1,1,0,00000000000000000000000000000000000000000000000000000000000000000000000000000000000000000000000000000000000000000000000000000000
592,592,0,1,0,0,000000000000000000000000000000000000000000000000000000000000000000000000000000000000000000000000000000000000000000000000001d200f,1,1,0,000000000000000000000000000000000000000000000000000000000000000000000000000000000000000000000000000000000000000000000000000185c0
593,593,0,1,1,0,000000000000000000000000000000000000000000000000000000000000000000000000000000000000000000000000000000000000000000000000001d200f,1,1,0,000000000000000000000000000000000000000000000000000000000000000000000000000000000000000000000000000000000000000000000000c0c80dc8
594,594,0,1,0,0,0000000000000000000000000000000000000000000000000000000000000000000000000000000000000000000000000000000000000000000000000003200f,1,1,0,00000000000000000000000000000000000000000000000000000000000000000000000000000000000000000000000000000000000000000000000000000000
595,595,0,1,0,0,0000000000000000000000000000000000000000000000000000000000000000000000000000000000000000000000000000000000000000000000000003200f,1,1,0,00000000000000000000000000000000000000000000000000000000000000000000000000000000000000000000000000000000000000000000000000000000
596,596,0,1,0,0,0000000000000000000000000000000000000000000000000000000000000000000000000000000000000000000000000000000000000000000000000003200f,1,1,0,000000000000000000000000000000000000000000000000000000000000000000000000000000000000000000000000000000000000000000000000000185c1
597,597,0,1,1,0,0000000000000000000000000000000000000000000000000000000000000000000000000000000000000000000000000000000000000000000000000003200f,1,1,0,000000000000000000000000000000000000000000000000000000000000000000000000000000000000000000000000000000000000000000000000c1820370
598,598,0,1,0,0,00000000000000000000000000000000000000000000000000000000000000000000000000000000000000000000000000000000000000000000000020032018,1,1,0,00000000000000000000000000000000000000000000000000000000000000000000000000000000000000000000000000000000000000000000000000000000
599,599,0,1,0,0,00000000000000000000000000000000000000000000000000000000000000000000000000000000000000000000000000000000000000000000000020032018,1,1,0,00000000000000000000000000000000000000000000000000000000000000000000000000000000000000000000000000000000000000000000000000000000
600,600,0,1,0,0,00000000000000000000000000000000000000000000000000000000000000000000000000000000000000000000000000000000000000000000000020032018,1,1,0,000000000000000000000000000000000000000000000000000000000000000000000000000000000000000000000000000000000000000000000000000187c0
601,601,0,1,1,0,00000000000000000000000000000000000000000000000000000000000000000000000000000000000000000000000000000000000000000000000020032018,1,1,0,00000000000000000000000000000000000000000000000000000000000000000000000000000000000000000000000000000000000000000000000041bee624
602,602,0,1,0,0,00000000000000000000000000000000000000000000000000000000000000000000000000000000000000000000000000000000000000000000000020152011,1,1,0,00000000000000000000000000000000000000000000000000000000000000000000000000000000000000000000000000000000000000000000000000000000
603,603,0,1,0,0,00000000000000000000000000000000000000000000000000000000000000000000000000000000000000000000000000000000000000000000000020152011,1,1,0,00000000000000000000000000000000000000000000000000000000000000000000000000000000000000000000000000000000000000000000000000000000
604,604,0,1,0,0,00000000000000000000000000000000000000000000000000000000000000000000000000000000000000000000000000000000000000000000000020152011,1,1,0,000000000000000000000000000000000000000000000000000000000000000000000000000000000000000000000000000000000000000000000000000187c1
605,605,0,1,1,0,00000000000000000000000000000000000000000000000000000000000000000000000000000000000000000000000000000000000000000000000020152011,1,1,0,000000000000000000000000000000000000000000000000000000000000000000000000000000000000000000000000000000000000000000000000c048cec0
606,606,0,1,0,0,000000000000000000000000000000000000000000000000000000000000000000000000000000000000000000000000000000000000000000000000201b2009,1,1,0,00000000000000000000000000000000000000000000000000000000000000000000000000000000000000000000000000000000000000000000000000000000
607,607,0,1,0,0,000000000000000000000000000000000000000000000000000000000000000000000000000000000000000000000000000000000000000000000000201b2009,1,1,0,00000000000000000000000000000000000000000000000000000000000000000000000000000000000000000000000000000000000000000000000000000000
608,608,0,1,0,0,000000000000000000000000000000000000000000000000000000000000000000000000000000000000000000000000000000000000000000000000201b2009,1,1,0,000000000000000000000000000000000000000000000000000000000000000000000000000000000000000000000000000000000000000000000000000189c0
609,609,0,1,1,0,000000000000000000000000000000000000000000000000000000000000000000000000000000000000000000000000000000000000000000000000201b2009,1,1,0,00000000000000000000000000000000000000000000000000000000000000000000000000000000000000000000000000000000000000000000000041df4bcc
610,610,0,1,0,0,0000000000000000000000000000000000000000000000000000000000000000000000000000000000000000000000000000000000000000000000002025200c,1,1,0,00000000000000000000000000000000000000000000000000000000000000000000000000000000000000000000000000000000000000000000000000000000
611,611,0,1,0,0,0000000000000000000000000000000000000000000000000000000000000000000000000000000000000000000000000000000000000000000000002025200c,1,1,0,00000000000000000000000000000000000000000000000000000000000000000000000000000000000000000000000000000000000000000000000000000000
612,612,0,1,0,0,0000000000000000000000000000000000000000000000000000000000000000000000000000000000000000000000000000000000000000000000002025200c,1,1,0,000000000000000000000000000000000000000000000000000000000000000000000000000000000000000000000000000000000000000000000000000189c1
613,613,0,1,1,0,0000000000000000000000000000000000000000000000000000000000000000000000000000000000000000000000000000000000000000000000002025200c,1,1,0,000000000000000000000000000000000000000000000000000000000000000000000000000000000000000000000000000000000000000000000000c1016864
614,614,0,1,0,0,00000000000000000000000000000000000000000000000000000000000000000000000000000000000000000000000000000000000000000000000000100009,1,1,0,00000000000000000000000000000000000000000000000000000000000000000000000000000000000000000000000000000000000000000000000000000000
615,615,0,1,0,0,00000000000000000000000000000000000000000000000000000000000000000000000000000000000000000000000000000000000000000000000000100009,1,1,0,00000000000000000000000000000000000000000000000000000000000000000000000000000000000000000000000000000000000000000000000000000000
616,616,0,1,0,0,00000000000000000000000000000000000000000000000000000000000000000000000000000000000000000000000000000000000000000000000000100009,1,1,0,00000000000000000000000000000000000000000000000000000000000000000000000000000000000000000000000000000000000000000000000000018bc0
617,617,0,1,1,0,00000000000000000000000000000000000000000000000000000000000000000000000000000000000000000000000000000000000000000000000000100009,1,1,0,000000000000000000000000000000000000000000000000000000000000000000000000000000000000000000000000000000000000000000000000420c0bc0
618,618,0,1,0,0,00000000000000000000000000000000000000000000000000000000000000000000000000000000000000000000000000000000000000000000000020082014,1,1,0,00000000000000000000000000000000000000000000000000000000000000000000000000000000000000000000000000000000000000000000000000000000
619,619,0,1,0,0,00000000000000000000000000000000000000000000000000000000000000000000000000000000000000000000000000000000000000000000000020082014,1,1,0,00000000000000000000000000000000000000000000000000000000000000000000000000000000000000000000000000000000000000000000000000000000
620,620,0,1,0,0,00000000000000000000000000000000000000000000000000000000000000000000000000000000000000000000000000000000000000000000000020082014,1,1,0,00000000000000000000000000000000000000000000000000000000000000000000000000000000000000000000000000000000000000000000000000018bc1
621,621,0,1,1,0,00000000000000000000000000000000000000000000000000000000000000000000000000000000000000000000000000000000000000000000000020082014,1,1,0,000000000000000000000000000000000000000000000000000000000000000000000000000000000000000000000000000000000000000000000000c03f43f8
622,622,0,1,0,0,00000000000000000000000000000000000000000000000000000000000000000000000000000000000000000000000000000000000000000000000000132012,1,1,0,00000000000000000000000000000000000000000000000000000000000000000000000000000000000000000000000000000000000000000000000000000000
623,623,0,1,0,0,00000000000000000000000000000000000000000000000000000000000000000000000000000000000000000000000000000000000000000000000000132012,1,1,0,00000000000000000000000000000000000000000000000000000000000000000000000000000000000000000000000000000000000000000000000000000000
624,624,0,1,0,0,00000000000000000000000000000000000000000000000000000000000000000000000000000000000000000000000000000000000000000000000000132012,1,1,0,00000000000000000000000000000000000000000000000000000000000000000000000000000000000000000000000000000000000000000000000000018dc0
625,625,0,1,1,0,00000000000000000000000000000000000000000000000000000000000000000000000000000000000000000000000000000000000000000000000000132012,1,1,0,000000000000000000000000000000000000000000000000000000000000000000000000000000000000000000000000000000000000000000000000c24379b8
626,626,0,1,0,0,0000000000000000000000000000000000000000000000000000000000000000000000000000000000000000000000000000000000000000000000000025200e,1,1,0,00000000000000000000000000000000000000000000000000000000000000000000000000000000000000000000000000000000000000000000000000000000
627,627,0,1,0,0,0000000000000000000000000000000000000000000000000000000000000000000000000000000000000000000000000000000000000000000000000025200e,1,1,0,00000000000000000000000000000000000000000000000000000000000000000000000000000000000000000000000000000000000000000000000000000000
628,628,0,1,0,0,0000000000000000000000000000000000000000000000000000000000000000000000000000000000000000000000000000000000000000000000000025200e,1,1,0,00000000000000000000000000000000000000000000000000000000000000000000000000000000000000000000000000000000000000000000000000018dc1
629,629,0,1,1,0,0000000000000000000000000000000000000000000000000000000000000000000000000000000000000000000000000000000000000000000000000025200e,1,1,0,00000000000000000000000000000000000000000000000000000000000000000000000000000000000000000000000000000000000000000000000041b10c8c
630,630,0,1,0,0,00000000000000000000000000000000000000000000000000000000000000000000000000000000000000000000000000000000000000000000000020170009,1,1,0,00000000000000000000000000000000000000000000000000000000000000000000000000000000000000000000000000000000000000000000000000000000
631,631,0,1,0,0,00000000000000000000000000000000000000000000000000000000000000000000000000000000000000000000000000000000000000000000000020170009,1,1,0,00000000000000000000000000000000000000000000000000000000000000000000000000000000000000000000000000000000000000000000000000000000
632,632,0,1,0,0,00000000000000000000000000000000000000000000000000000000000000000000000000000000000000000000000000000000000000000000000020170009,1,1,0,00000000000000000000000000000000000000000000000000000000000000000000000000000000000000000000000000000000000000000000000000018fc0
633,633,0,1,1,0,00000000000000000000000000000000000000000000000000000000000000000000000000000000000000000000000000000000000000000000000020170009,1,1,0,000000000000000000000000000000000000000000000000000000000000000000000000000000000000000000000000000000000000000000000000409be1b2
634,634,0,1,0,0,000000000000000000000000000000000000000000000000000000000000000000000000000000000000000000000000000000000000000000000000202d2016,1,1,0,00000000000000000000000000000000000000000000000000000000000000000000000000000000000000000000000000000000000000000000000000000000
635,635,0,1,0,0,000000000000000000000000000000000000000000000000000000000000000000000000000000000000000000000000000000000000000000000000202d2016,1,1,0,00000000000000000000000000000000000000000000000000000000000000000000000000000000000000000000000000000000000000000000000000000000
636,636,0,1,0,0,000000000000000000000000000000000000000000000000000000000000000000000000000000000000000000000000000000000000000000000000202d2016,1,1,0,00000000000000000000000000000000000000000000000000000000000000000000000000000000000000000000000000000000000000000000000000018fc1
637,637,0,1,1,0,000000000000000000000000000000000000000000000000000000000000000000000000000000000000000000000000000000000000000000000000202d2016,1,1,0,000000000000000000000000000000000000000000000000000000000000000000000000000000000000000000000000000000000000000000000000be03c980
638,638,0,1,0,0,00000000000000000000000000000000000000000000000000000000000000000000000000000000000000000000000000000000000000000000000020120006,1,1,0,00000000000000000000000000000000000000000000000000000000000000000000000000000000000000000000000000000000000000000000000000000000
639,639,0,1,0,0,00000000000000000000000000000000000000000000000000000000000000000000000000000000000000000000000000000000000000000000000020120006,1,1,0,00000000000000000000000000000000000000000000000000000000000000000000000000000000000000000000000000000000000000000000000000000000
640,640,0,1,0,0,00000000000000000000000000000000000000000000000000000000000000000000000000000000000000000000000000000000000000000000000020120006,1,1,0,00000000000000000000000000000000000000000000000000000000000000000000000000000000000000000000000000000000000000000000000000018200
641,641,0,1,1,0,00000000000000000000000000000000000000000000000000000000000000000000000000000000000000000000000000000000000000000000000020120006,1,1,0,000000000000000000000000000000000000000000000000000000000000000000000000000000000000000000000000000000000000000000000000c0091318
642,642,0,1,0,0,000000000000000000000000000000000000000000000000000000000000000000000000000000000000000000000000000000000000000000000000000c000e,1,1,0,00000000000000000000000000000000000000000000000000000000000000000000000000000000000000000000000000000000000000000000000000000000
643,643,0,1,0,0,000000000000000000000000000000000000000000000000000000000000000000000000000000000000000000000000000000000000000000000000000c000e,1,1,0,00000000000000000000000000000000000000000000000000000000000000000000000000000000000000000000000000000000000000000000000000000000
644,644,0,1,0,0,000000000000000000000000000000000000000000000000000000000000000000000000000000000000000000000000000000000000000000000000000c000e,1,1,0,00000000000000000000000000000000000000000000000000000000000000000000000000000000000000000000000000000000000000000000000000018201
645,645,0,1,1,0,000000000000000000000000000000000000000000000000000000000000000000000000000000000000000000000000000000000000000000000000000c000e,1,1,0,000000000000000000000000000000000000000000000000000000000000000000000000000000000000000000000000000000000000000000000000c1c92264
646,646,0,1,0,0,0000000000000000000000000000000000000000000000000000000000000000000000000000000000000000000000000000000000000000000000000002202f,1,1,0,00000000000000000000000000000000000000000000000000000000000000000000000000000000000000000000000000000000000000000000000000000000
647,647,0,1,0,0,0000000000000000000000000000000000000000000000000000000000000000000000000000000000000000000000000000000000000000000000000002202f,1,1,0,00000000000000000000000000000000000000000000000000000000000000000000000000000000000000000000000000000000000000000000000000000000
648,648,0,1,0,0,0000000000000000000000000000000000000000000000000000000000000000000000000000000000000000000000000000000000000000000000000002202f,1,1,0,00000000000000000000000000000000000000000000000000000000000000000000000000000000000000000000000000000000000000000000000000018400
649,649,0,1,1,0,0000000000000000000000000000000000000000000000000000000000000000000000000000000000000000000000000000000000000000000000000002202f,1,1,0,0000000000000000000000000000000000000000000000000000000000000000000000000000000000000000000000000000000000000000000000004243d630
650,650,0,1,0,0,00000000000000000000000000000000000000000000000000000000000000000000000000000000000000000000000000000000000000000000000000082003,1,1,0,00000000000000000000000000000000000000000000000000000000000000000000000000000000000000000000000000000000000000000000000000000000
651,651,0,1,0,0,00000000000000000000000000000000000000000000000000000000000000000000000000000000000000000000000000000000000000000000000000082003,1,1,0,00000000000000000000000000000000000000000000000000000000000000000000000000000000000000000000000000000000000000000000000000000000
652,652,0,1,0,0,00000000000000000000000000000000000000000000000000000000000000000000000000000000000000000000000000000000000000000000000000082003,1,1,0,00000000000000000000000000000000000000000000000000000000000000000000000000000000000000000000000000000000000000000000000000018401
653,653,0,1,1,0,00000000000000000000000000000000000000000000000000000000000000000000000000000000000000000000000000000000000000000000000000082003,1,1,0,000000000000000000000000000000000000000000000000000000000000000000000000000000000000000000000000000000000000000000000000c130a73c
654,654,0,1,0,0,00000000000000000000000000000000000000000000000000000000000000000000000000000000000000000000000000000000000000000000000000060005,1,1,0,00000000000000000000000000000000000000000000000000000000000000000000000000000000000000000000000000000000000000000000000000000000
655,655,0,1,0,0,00000000000000000000000000000000000000000000000000000000000000000000000000000000000000000000000000000000000000000000000000060005,1,1,0,00000000000000000000000000000000000000000000000000000000000000000000000000000000000000000000000000000000000000000000000000000000
656,656,0,1,0,0,00000000000000000000000000000000000000000000000000000000000000000000000000000000000000000000000000000000000000000000000000060005,1,1,0,00000000000000000000000000000000000000000000000000000000000000000000000000000000000000000000000000000000000000000000000000018600
657,657,0,1,1,0,00000000000000000000000000000000000000000000000000000000000000000000000000000000000000000000000000000000000000000000000000060005,1,1,0,000000000000000000000000000000000000000000000000000000000000000000000000000000000000000000000000000000000000000000000000410d5128
658,658,0,1,0,0,00000000000000000000000000000000000000000000000000000000000000000000000000000000000000000000000000000000000000000000000020242005,1,1,0,00000000000000000000000000000000000000000000000000000000000000000000000000000000000000000000000000000000000000000000000000000000
659,659,0,1,0,0,00000000000000000000000000000000000000000000000000000000000000000000000000000000000000000000000000000000000000000000000020242005,1,1,0,00000000000000000000000000000000000000000000000000000000000000000000000000000000000000000000000000000000000000000000000000000000
660,660,0,1,0,0,00000000000000000000000000000000000000000000000000000000000000000000000000000000000000000000000000000000000000000000000020242005,1,1,0,00000000000000000000000000000000000000000000000000000000000000000000000000000000000000000000000000000000000000000000000000018601
661,661,0,1,1,0,00000000000000000000000000000000000000000000000000000000000000000000000000000000000000000000000000000000000000000000000020242005,1,1,0,000000000000000000000000000000000000000000000000000000000000000000000000000000000000000000000000000000000000000000000000c238abb4
662,662,0,1,0,0,0000000000000000000000000000000000000000000000000000000000000000000000000000000000000000000000000000000000000000000000002018200f,1,1,0,00000000000000000000000000000000000000000000000000000000000000000000000000000000000000000000000000000000000000000000000000000000
663,663,0,1,0,0,0000000000000000000000000000000000000000000000000000000000000000000000000000000000000000000000000000000000000000000000002018200f,1,1,0,00000000000000000000000000000000000000000000000000000000000000000000000000000000000000000000000000000000000000000000000000000000
664,664,0,1,0,0,0000000000000000000000000000000000000000000000000000000000000000000000000000000000000000000000000000000000000000000000002018200f,1,1,0,00000000000000000000000000000000000000000000000000000000000000000000000000000000000000000000000000000000000000000000000000018800
665,665,0,1,1,0,0000000000000000000000000000000000000000000000000000000000000000000000000000000000000000000000000000000000000000000000002018200f,1,1,0,000000000000000000000000000000000000000000000000000000000000000000000000000000000000000000000000000000000000000000000000c1e94ad4
666,666,0,1,0,0,00000000000000000000000000000000000000000000000000000000000000000000000000000000000000000000000000000000000000000000000020232023,1,1,0,00000000000000000000000000000000000000000000000000000000000000000000000000000000000000000000000000000000000000000000000000000000
667,667,0,1,0,0,00000000000000000000000000000000000000000000000000000000000000000000000000000000000000000000000000000000000000000000000020232023,1,1,0,00000000000000000000000000000000000000000000000000000000000000000000000000000000000000000000000000000000000000000000000000000000
668,668,0,1,0,0,00000000000000000000000000000000000000000000000000000000000000000000000000000000000000000000000000000000000000000000000020232023,1,1,0,00000000000000000000000000000000000000000000000000000000000000000000000000000000000000000000000000000000000000000000000000018801
669,669,0,1,1,0,00000000000000000000000000000000000000000000000000000000000000000000000000000000000000000000000000000000000000000000000020232023,1,1,0,000000000000000000000000000000000000000000000000000000000000000000000000000000000000000000000000000000000000000000000000c15295a4
670,670,0,1,0,0,00000000000000000000000000000000000000000000000000000000000000000000000000000000000000000000000000000000000000000000000020102001,1,1,0,00000000000000000000000000000000000000000000000000000000000000000000000000000000000000000000000000000000000000000000000000000000
671,671,0,1,0,0,00000000000000000000000000000000000000000000000000000000000000000000000000000000000000000000000000000000000000000000000020102001,1,1,0,00000000000000000000000000000000000000000000000000000000000000000000000000000000000000000000000000000000000000000000000000000000
672,672,0,1,0,0,00000000000000000000000000000000000000000000000000000000000000000000000000000000000000000000000000000000000000000000000020102001,1,1,0,00000000000000000000000000000000000000000000000000000000000000000000000000000000000000000000000000000000000000000000000000018a00
673,673,0,1,1,0,00000000000000000000000000000000000000000000000000000000000000000000000000000000000000000000000000000000000000000000000020102001,1,1,0,000000000000000000000000000000000000000000000000000000000000000000000000000000000000000000000000000000000000000000000000c0e67370
674,674,0,1,0,0,00000000000000000000000000000000000000000000000000000000000000000000000000000000000000000000000000000000000000000000000020112007,1,1,0,00000000000000000000000000000000000000000000000000000000000000000000000000000000000000000000000000000000000000000000000000000000
675,675,0,1,0,0,00000000000000000000000000000000000000000000000000000000000000000000000000000000000000000000000000000000000000000000000020112007,1,1,0,00000000000000000000000000000000000000000000000000000000000000000000000000000000000000000000000000000000000000000000000000000000
676,676,0,1,0,0,00000000000000000000000000000000000000000000000000000000000000000000000000000000000000000000000000000000000000000000000020112007,1,1,0,00000000000000000000000000000000000000000000000000000000000000000000000000000000000000000000000000000000000000000000000000018a01
677,677,0,1,1,0,00000000000000000000000000000000000000000000000000000000000000000000000000000000000000000000000000000000000000000000000020112007,1,1,0,000000000000000000000000000000000000000000000000000000000000000000000000000000000000000000000000000000000000000000000000c1899cdc
678,678,0,1,0,0,000000000000000000000000000000000000000000000000000000000000000000000000000000000000000000000000000000000000000000000000202e0006,1,1,0,00000000000000000000000000000000000000000000000000000000000000000000000000000000000000000000000000000000000000000000000000000000
679,679,0,1,0,0,000000000000000000000000000000000000000000000000000000000000000000000000000000000000000000000000000000000000000000000000202e0006,1,1,0,00000000000000000000000000000000000000000000000000000000000000000000000000000000000000000000000000000000000000000000000000000000
680,680,0,1,0,0,000000000000000000000000000000000000000000000000000000000000000000000000000000000000000000000000000000000000000000000000202e0006,1,1,0,00000000000000000000000000000000000000000000000000000000000000000000000000000000000000000000000000000000000000000000000000018c00
681,681,0,1,1,0,000000000000000000000000000000000000000000000000000000000000000000000000000000000000000000000000000000000000000000000000202e0006,1,1,0,00000000000000000000000000000000000000000000000000000000000000000000000000000000000000000000000000000000000000000000000041a6f028
682,682,0,1,0,0,0000000000000000000000000000000000000000000000000000000000000000000000000000000000000000000000000000000000000000000000002002200b,1,1,0,00000000000000000000000000000000000000000000000000000000000000000000000000000000000000000000000000000000000000000000000000000000
683,683,0,1,0,0,0000000000000000000000000000000000000000000000000000000000000000000000000000000000000000000000000000000000000000000000002002200b,1,1,0,00000000000000000000000000000000000000000000000000000000000000000000000000000000000000000000000000000000000000000000000000000000
684,684,0,1,0,0,0000000000000000000000000000000000000000000000000000000000000000000000000000000000000000000000000000000000000000000000002002200b,1,1,0,00000000000000000000000000000000000000000000000000000000000000000000000000000000000000000000000000000000000000000000000000018c01
685,685,0,1,1,0,0000000000000000000000000000000000000000000000000000000000000000000000000000000000000000000000000000000000000000000000002002200b,1,1,0,000000000000000000000000000000000000000000000000000000000000000000000000000000000000000000000000000000000000000000000000c1221fa8
686,686,0,1,0,0,00000000000000000000000000000000000000000000000000000000000000000000000000000000000000000000000000000000000000000000000020022005,1,1,0,00000000000000000000000000000000000000000000000000000000000000000000000000000000000000000000000000000000000000000000000000000000
687,687,0,1,0,0,00000000000000000000000000000000000000000000000000000000000000000000000000000000000000000000000000000000000000000000000020022005,1,1,0,00000000000000000000000000000000000000000000000000000000000000000000000000000000000000000000000000000000000000000000000000000000
688,688,0,1,0,0,00000000000000000000000000000000000000000000000000000000000000000000000000000000000000000000000000000000000000000000000020022005,1,1,0,00000000000000000000000000000000000000000000000000000000000000000000000000000000000000000000000000000000000000000000000000018e00
689,689,0,1,1,0,00000000000000000000000000000000000000000000000000000000000000000000000000000000000000000000000000000000000000000000000020022005,1,1,0,000000000000000000000000000000000000000000000000000000000000000000000000000000000000000000000000000000000000000000000000412dd47c
690,690,0,1,0,0,00000000000000000000000000000000000000000000000000000000000000000000000000000000000000000000000000000000000000000000000020112014,1,1,0,00000000000000000000000000000000000000000000000000000000000000000000000000000000000000000000000000000000000000000000000000000000
691,691,0,1,0,0,00000000000000000000000000000000000000000000000000000000000000000000000000000000000000000000000000000000000000000000000020112014,1,1,0,00000000000000000000000000000000000000000000000000000000000000000000000000000000000000000000000000000000000000000000000000000000
692,692,0,1,0,0,00000000000000000000000000000000000000000000000000000000000000000000000000000000000000000000000000000000000000000000000020112014,1,1,0,00000000000000000000000000000000000000000000000000000000000000000000000000000000000000000000000000000000000000000000000000018e01
693,693,0,1,1,0,00000000000000000000000000000000000000000000000000000000000000000000000000000000000000000000000000000000000000000000000020112014,1,1,0,000000000000000000000000000000000000000000000000000000000000000000000000000000000000000000000000000000000000000000000000407751f0
694,694,0,1,0,0,00000000000000000000000000000000000000000000000000000000000000000000000000000000000000000000000000000000000000000000000000162003,1,1,0,00000000000000000000000000000000000000000000000000000000000000000000000000000000000000000000000000000000000000000000000000000000
695,695,0,1,0,0,00000000000000000000000000000000000000000000000000000000000000000000000000000000000000000000000000000000000000000000000000162003,1,1,0,00000000000000000000000000000000000000000000000000000000000000000000000000000000000000000000000000000000000000000000000000000000
696,696,0,1,0,0,00000000000000000000000000000000000000000000000000000000000000000000000000000000000000000000000000000000000000000000000000162003,1,1,0,00000000000000000000000000000000000000000000000000000000000000000000000000000000000000000000000000000000000000000000000000019000
697,697,0,1,1,0,00000000000000000000000000000000000000000000000000000000000000000000000000000000000000000000000000000000000000000000000000162003,1,1,0,000000000000000000000000000000000000000000000000000000000000000000000000000000000000000000000000000000000000000000000000c190fd64
698,698,0,1,0,0,00000000000000000000000000000000000000000000000000000000000000000000000000000000000000000000000000000000000000000000000020132011,1,1,0,00000000000000000000000000000000000000000000000000000000000000000000000000000000000000000000000000000000000000000000000000000000
699,699,0,1,0,0,00000000000000000000000000000000000000000000000000000000000000000000000000000000000000000000000000000000000000000000000020132011,1,1,0,00000000000000000000000000000000000000000000000000000000000000000000000000000000000000000000000000000000000000000000000000000000
700,700,0,1,0,0,00000000000000000000000000000000000000000000000000000000000000000000000000000000000000000000000000000000000000000000000020132011,1,1,0,00000000000000000000000000000000000000000000000000000000000000000000000000000000000000000000000000000000000000000000000000019001
701,701,0,1,1,0,00000000000000000000000000000000000000000000000000000000000000000000000000000000000000000000000000000000000000000000000020132011,1,1,0,000000000000000000000000000000000000000000000000000000000000000000000000000000000000000000000000000000000000000000000000c111facc
702,702,0,1,0,0,00000000000000000000000000000000000000000000000000000000000000000000000000000000000000000000000000000000000000000000000020022040,1,1,0,00000000000000000000000000000000000000000000000000000000000000000000000000000000000000000000000000000000000000000000000000000000
703,703,0,1,0,0,00000000000000000000000000000000000000000000000000000000000000000000000000000000000000000000000000000000000000000000000020022040,1,1,0,00000000000000000000000000000000000000000000000000000000000000000000000000000000000000000000000000000000000000000000000000000000
704,704,0,1,0,0,00000000000000000000000000000000000000000000000000000000000000000000000000000000000000000000000000000000000000000000000020022040,1,1,0,00000000000000000000000000000000000000000000000000000000000000000000000000000000000000000000000000000000000000000000000000018240
705,705,0,1,1,0,00000000000000000000000000000000000000000000000000000000000000000000000000000000000000000000000000000000000000000000000020022040,1,1,0,000000000000000000000000000000000000000000000000000000000000000000000000000000000000000000000000000000000000000000000000c1a85dac
706,706,0,1,0,0,00000000000000000000000000000000000000000000000000000000000000000000000000000000000000000000000000000000000000000000000000040012,1,1,0,00000000000000000000000000000000000000000000000000000000000000000000000000000000000000000000000000000000000000000000000000000000
707,707,0,1,0,0,00000000000000000000000000000000000000000000000000000000000000000000000000000000000000000000000000000000000000000000000000040012,1,1,0,00000000000000000000000000000000000000000000000000000000000000000000000000000000000000000000000000000000000000000000000000000000
708,708,0,1,0,0,00000000000000000000000000000000000000000000000000000000000000000000000000000000000000000000000000000000000000000000000000040012,1,1,0,00000000000000000000000000000000000000000000000000000000000000000000000000000000000000000000000000000000000000000000000000018241
709,709,0,1,1,0,00000000000000000000000000000000000000000000000000000000000000000000000000000000000000000000000000000000000000000000000000040012,1,1,0,000000000000000000000000000000000000000000000000000000000000000000000000000000000000000000000000000000000000000000000000c1e05dac
710,710,0,1,0,0,00000000000000000000000000000000000000000000000000000000000000000000000000000000000000000000000000000000000000000000000000150009,1,1,0,00000000000000000000000000000000000000000000000000000000000000000000000000000000000000000000000000000000000000000000000000000000
711,711,0,1,0,0,00000000000000000000000000000000000000000000000000000000000000000000000000000000000000000000000000000000000000000000000000150009,1,1,0,00000000000000000000000000000000000000000000000000000000000000000000000000000000000000000000000000000000000000000000000000000000
712,712,0,1,0,0,00000000000000000000000000000000000000000000000000000000000000000000000000000000000000000000000000000000000000000000000000150009,1,1,0,00000000000000000000000000000000000000000000000000000000000000000000000000000000000000000000000000000000000000000000000000018440
713,713,0,1,1,0,00000000000000000000000000000000000000000000000000000000000000000000000000000000000000000000000000000000000000000000000000150009,1,1,0,000000000000000000000000000000000000000000000000000000000000000000000000000000000000000000000000000000000000000000000000415141c4
714,714,0,1,0,0,00000000000000000000000000000000000000000000000000000000000000000000000000000000000000000000000000000000000000000000000000112006,1,1,0,00000000000000000000000000000000000000000000000000000000000000000000000000000000000000000000000000000000000000000000000000000000
715,715,0,1,0,0,00000000000000000000000000000000000000000000000000000000000000000000000000000000000000000000000000000000000000000000000000112006,1,1,0,00000000000000000000000000000000000000000000000000000000000000000000000000000000000000000000000000000000000000000000000000000000
716,716,0,1,0,0,00000000000000000000000000000000000000000000000000000000000000000000000000000000000000000000000000000000000000000000000000112006,1,1,0,00000000000000000000000000000000000000000000000000000000000000000000000000000000000000000000000000000000000000000000000000018441
717,717,0,1,1,0,00000000000000000000000000000000000000000000000000000000000000000000000000000000000000000000000000000000000000000000000000112006,1,1,0,000000000000000000000000000000000000000000000000000000000000000000000000000000000000000000000000000000000000000000000000c1a75f1c
718,718,0,1,0,0,000000000000000000000000000000000000000000000000000000000000000000000000000000000000000000000000000000000000000000000000200d2015,1,1,0,00000000000000000000000000000000000000000000000000000000000000000000000000000000000000000000000000000000000000000000000000000000
719,719,0,1,0,0,000000000000000000000000000000000000000000000000000000000000000000000000000000000000000000000000000000000000000000000000200d2015,1,1,0,00000000000000000000000000000000000000000000000000000000000000000000000000000000000000000000000000000000000000000000000000000000
720,720,0,1,0,0,000000000000000000000000000000000000000000000000000000000000000000000000000000000000000000000000000000000000000000000000200d2015,1,1,0,00000000000000000000000000000000000000000000000000000000000000000000000000000000000000000000000000000000000000000000000000018640
721,721,0,1,1,0,000000000000000000000000000000000000000000000000000000000000000000000000000000000000000000000000000000000000000000000000200d2015,1,1,0,000000000000000000000000000000000000000000000000000000000000000000000000000000000000000000000000000000000000000000000000410d3f08
722,722,0,1,0,0,000000000000000000000000000000000000000000000000000000000000000000000000000000000000000000000000000000000000000000000000200a200c,1,1,0,00000000000000000000000000000000000000000000000000000000000000000000000000000000000000000000000000000000000000000000000000000000
723,723,0,1,0,0,000000000000000000000000000000000000000000000000000000000000000000000000000000000000000000000000000000000000000000000000200a200c,1,1,0,00000000000000000000000000000000000000000000000000000000000000000000000000000000000000000000000000000000000000000000000000000000
724,724,0,1,0,0,000000000000000000000000000000000000000000000000000000000000000000000000000000000000000000000000000000000000000000000000200a200c,1,1,0,00000000000000000000000000000000000000000000000000000000000000000000000000000000000000000000000000000000000000000000000000018641
725,725,0,1,1,0,000000000000000000000000000000000000000000000000000000000000000000000000000000000000000000000000000000000000000000000000200a200c,1,1,0,00000000000000000000000000000000000000000000000000000000000000000000000000000000000000000000000000000000000000000000000041ae9f84
726,726,0,1,0,0,000000000000000000000000000000000000000000000000000000000000000000000000000000000000000000000000000000000000000000000000000c0013,1,1,0,00000000000000000000000000000000000000000000000000000000000000000000000000000000000000000000000000000000000000000000000000000000
727,727,0,1,0,0,000000000000000000000000000000000000000000000000000000000000000000000000000000000000000000000000000000000000000000000000000c0013,1,1,0,00000000000000000000000000000000000000000000000000000000000000000000000000000000000000000000000000000000000000000000000000000000
728,728,0,1,0,0,000000000000000000000000000000000000000000000000000000000000000000000000000000000000000000000000000000000000000000000000000c0013,1,1,0,00000000000000000000000000000000000000000000000000000000000000000000000000000000000000000000000000000000000000000000000000018840
729,729,0,1,1,0,000000000000000000000000000000000000000000000000000000000000000000000000000000000000000000000000000000000000000000000000000c0013,1,1,0,000000000000000000000000000000000000000000000000000000000000000000000000000000000000000000000000000000000000000000000000be083ec0
730,730,0,1,0,0,00000000000000000000000000000000000000000000000000000000000000000000000000000000000000000000000000000000000000000000000020080003,1,1,0,00000000000000000000000000000000000000000000000000000000000000000000000000000000000000000000000000000000000000000000000000000000
731,731,0,1,0,0,00000000000000000000000000000000000000000000000000000000000000000000000000000000000000000000000000000000000000000000000020080003,1,1,0,00000000000000000000000000000000000000000000000000000000000000000000000000000000000000000000000000000000000000000000000000000000
732,732,0,1,0,0,00000000000000000000000000000000000000000000000000000000000000000000000000000000000000000000000000000000000000000000000020080003,1,1,0,00000000000000000000000000000000000000000000000000000000000000000000000000000000000000000000000000000000000000000000000000018841
733,733,0,1,1,0,00000000000000000000000000000000000000000000000000000000000000000000000000000000000000000000000000000000000000000000000020080003,1,1,0,000000000000000000000000000000000000000000000000000000000000000000000000000000000000000000000000000000000000000000000000c00883f0
734,734,0,1,0,0,000000000000000000000000000000000000000000000000000000000000000000000000000000000000000000000000000000000000000000000000000f2028,1,1,0,00000000000000000000000000000000000000000000000000000000000000000000000000000000000000000000000000000000000000000000000000000000
735,735,0,1,0,0,000000000000000000000000000000000000000000000000000000000000000000000000000000000000000000000000000000000000000000000000000f2028,1,1,0,00000000000000000000000000000000000000000000000000000000000000000000000000000000000000000000000000000000000000000000000000000000
736,736,0,1,0,0,000000000000000000000000000000000000000000000000000000000000000000000000000000000000000000000000000000000000000000000000000f2028,1,1,0,00000000000000000000000000000000000000000000000000000000000000000000000000000000000000000000000000000000000000000000000000018a40
737,737,0,1,1,0,000000000000000000000000000000000000000000000000000000000000000000000000000000000000000000000000000000000000000000000000000f2028,1,1,0,0000000000000000000000000000000000000000000000000000000000000000000000000000000000000000000000000000000000000000000000004039bb32
738,738,0,1,0,0,00000000000000000000000000000000000000000000000000000000000000000000000000000000000000000000000000000000000000000000000020250018,1,1,0,00000000000000000000000000000000000000000000000000000000000000000000000000000000000000000000000000000000000000000000000000000000
739,739,0,1,0,0,00000000000000000000000000000000000000000000000000000000000000000000000000000000000000000000000000000000000000000000000020250018,1,1,0,00000000000000000000000000000000000000000000000000000000000000000000000000000000000000000000000000000000000000000000000000000000
740,740,0,1,0,0,00000000000000000000000000000000000000000000000000000000000000000000000000000000000000000000000000000000000000000000000020250018,1,1,0,00000000000000000000000000000000000000000000000000000000000000000000000000000000000000000000000000000000000000000000000000018a41
741,741,0,1,1,0,00000000000000000000000000000000000000000000000000000000000000000000000000000000000000000000000000000000000000000000000020250018,1,1,0,000000000000000000000000000000000000000000000000000000000000000000000000000000000000000000000000000000000000000000000000c0e32268
742,742,0,1,0,0,000000000000000000000000000000000000000000000000000000000000000000000000000000000000000000000000000000000000000000000000201b2018,1,1,0,00000000000000000000000000000000000000000000000000000000000000000000000000000000000000000000000000000000000000000000000000000000
743,743,0,1,0,0,000000000000000000000000000000000000000000000000000000000000000000000000000000000000000000000000000000000000000000000000201b2018,1,1,0,00000000000000000000000000000000000000000000000000000000000000000000000000000000000000000000000000000000000000000000000000000000
744,744,0,1,0,0,000000000000000000000000000000000000000000000000000000000000000000000000000000000000000000000000000000000000000000000000201b2018,1,1,0,00000000000000000000000000000000000000000000000000000000000000000000000000000000000000000000000000000000000000000000000000018c40
745,745,0,1,1,0,000000000000000000000000000000000000000000000000000000000000000000000000000000000000000000000000000000000000000000000000201b2018,1,1,0,000000000000000000000000000000000000000000000000000000000000000000000000000000000000000000000000000000000000000000000000c111ce6c
746,746,0,1,0,0,00000000000000000000000000000000000000000000000000000000000000000000000000000000000000000000000000000000000000000000000000000000,1,1,0,00000000000000000000000000000000000000000000000000000000000000000000000000000000000000000000000000000000000000000000000000000000
747,747,0,1,0,0,00000000000000000000000000000000000000000000000000000000000000000000000000000000000000000000000000000000000000000000000000000000,1,1,0,00000000000000000000000000000000000000000000000000000000000000000000000000000000000000000000000000000000000000000000000000000000
748,748,0,1,0,0,00000000000000000000000000000000000000000000000000000000000000000000000000000000000000000000000000000000000000000000000000000000,1,1,0,00000000000000000000000000000000000000000000000000000000000000000000000000000000000000000000000000000000000000000000000000018c41
749,749,0,1,1,0,00000000000000000000000000000000000000000000000000000000000000000000000000000000000000000000000000000000000000000000000000000000,1,1,0,000000000000000000000000000000000000000000000000000000000000000000000000000000000000000000000000000000000000000000000000c141ce6c
750,750,0,1,0,0,00000000000000000000000000000000000000000000000000000000000000000000000000000000000000000000000000000000000000000000000000000000,1,1,0,00000000000000000000000000000000000000000000000000000000000000000000000000000000000000000000000000000000000000000000000000000000
751,751,0,1,0,0,00000000000000000000000000000000000000000000000000000000000000000000000000000000000000000000000000000000000000000000000000000000,1,1,0,00000000000000000000000000000000000000000000000000000000000000000000000000000000000000000000000000000000000000000000000000000000
752,752,0,1,0,0,00000000000000000000000000000000000000000000000000000000000000000000000000000000000000000000000000000000000000000000000000000000,1,1,0,00000000000000000000000000000000000000000000000000000000000000000000000000000000000000000000000000000000000000000000000000018e40
753,753,0,1,1,0,00000000000000000000000000000000000000000000000000000000000000000000000000000000000000000000000000000000000000000000000000000000,1,1,0,000000000000000000000000000000000000000000000000000000000000000000000000000000000000000000000000000000000000000000000000c1502d08
754,754,0,1,0,0,00000000000000000000000000000000000000000000000000000000000000000000000000000000000000000000000000000000000000000000000000000000,1,1,0,00000000000000000000000000000000000000000000000000000000000000000000000000000000000000000000000000000000000000000000000000000000
755,755,0,1,0,0,00000000000000000000000000000000000000000000000000000000000000000000000000000000000000000000000000000000000000000000000000000000,1,1,0,00000000000000000000000000000000000000000000000000000000000000000000000000000000000000000000000000000000000000000000000000000000
756,756,0,1,0,0,00000000000000000000000000000000000000000000000000000000000000000000000000000000000000000000000000000000000000000000000000000000,1,1,0,00000000000000000000000000000000000000000000000000000000000000000000000000000000000000000000000000000000000000000000000000018e41
757,757,0,1,1,0,00000000000000000000000000000000000000000000000000000000000000000000000000000000000000000000000000000000000000000000000000000000,1,1,0,000000000000000000000000000000000000000000000000000000000000000000000000000000000000000000000000000000000000000000000000bc342000
758,758,0,1,0,0,00000000000000000000000000000000000000000000000000000000000000000000000000000000000000000000000000000000000000000000000000000000,1,1,0,00000000000000000000000000000000000000000000000000000000000000000000000000000000000000000000000000000000000000000000000000000000
759,759,0,1,0,0,00000000000000000000000000000000000000000000000000000000000000000000000000000000000000000000000000000000000000000000000000000000,1,1,0,00000000000000000000000000000000000000000000000000000000000000000000000000000000000000000000000000000000000000000000000000000000
760,760,0,1,0,0,00000000000000000000000000000000000000000000000000000000000000000000000000000000000000000000000000000000000000000000000000000000,1,1,0,00000000000000000000000000000000000000000000000000000000000000000000000000000000000000000000000000000000000000000000000000019040
761,761,0,1,1,0,00000000000000000000000000000000000000000000000000000000000000000000000000000000000000000000000000000000000000000000000000000000,1,1,0,0000000000000000000000000000000000000000000000000000000000000000000000000000000000000000000000000000000000000000000000004217f82c
762,762,0,1,0,0,00000000000000000000000000000000000000000000000000000000000000000000000000000000000000000000000000000000000000000000000000170003,1,1,0,00000000000000000000000000000000000000000000000000000000000000000000000000000000000000000000000000000000000000000000000000000000
763,763,0,1,0,0,00000000000000000000000000000000000000000000000000000000000000000000000000000000000000000000000000000000000000000000000000170003,1,1,0,00000000000000000000000000000000000000000000000000000000000000000000000000000000000000000000000000000000000000000000000000000000
764,764,0,1,0,0,00000000000000000000000000000000000000000000000000000000000000000000000000000000000000000000000000000000000000000000000000170003,1,1,0,00000000000000000000000000000000000000000000000000000000000000000000000000000000000000000000000000000000000000000000000000019041
765,765,0,1,1,0,00000000000000000000000000000000000000000000000000000000000000000000000000000000000000000000000000000000000000000000000000170003,1,1,0,000000000000000000000000000000000000000000000000000000000000000000000000000000000000000000000000000000000000000000000000c1d80fa0
766,766,0,1,0,0,00000000000000000000000000000000000000000000000000000000000000000000000000000000000000000000000000000000000000000000000012345678,1,1,0,00000000000000000000000000000000000000000000000000000000000000000000000000000000000000000000000000000000000000000000000000000000
767,767,0,1,0,0,00000000000000000000000000000000000000000000000000000000000000000000000000000000000000000000000000000000000000000000000012345678,1,1,0,00000000000000000000000000000000000000000000000000000000000000000000000000000000000000000000000000000000000000000000000000000000
768,768,0,1,0,0,00000000000000000000000000000000000000000000000000000000000000000000000000000000000000000000000000000000000000000000000012345678,1,1,0,00000000000000000000000000000000000000000000000000000000000000000000000000000000000000000000000000000000000000000000000000018280
769,769,0,1,0,0,00000000000000000000000000000000000000000000000000000000000000000000000000000000000000000000000000000000000000000000000012345678,1,1,0,000000000000000000000000000000000000000000000000000000000000000000000000000000000000000000000000000000000000000000000000c1d13808
770,770,0,1,0,0,00000000000000000000000000000000000000000000000000000000000000000000000000000000000000000000000000000000000000000000000012345678,1,1,0,00000000000000000000000000000000000000000000000000000000000000000000000000000000000000000000000000000000000000000000000000000000
771,771,0,1,0,0,00000000000000000000000000000000000000000000000000000000000000000000000000000000000000000000000000000000000000000000000012345678,1,1,0,00000000000000000000000000000000000000000000000000000000000000000000000000000000000000000000000000000000000000000000000000000000
772,772,0,1,0,0,00000000000000000000000000000000000000000000000000000000000000000000000000000000000000000000000000000000000000000000000012345678,1,1,0,00000000000000000000000000000000000000000000000000000000000000000000000000000000000000000000000000000000000000000000000000018281
773,773,0,1,0,0,00000000000000000000000000000000000000000000000000000000000000000000000000000000000000000000000000000000000000000000000012345678,1,1,0,000000000000000000000000000000000000000000000000000000000000000000000000000000000000000000000000000000000000000000000000c23c9c04
774,774,0,1,0,0,00000000000000000000000000000000000000000000000000000000000000000000000000000000000000000000000000000000000000000000000012345678,1,1,0,00000000000000000000000000000000000000000000000000000000000000000000000000000000000000000000000000000000000000000000000000000000
775,775,0,1,0,0,00000000000000000000000000000000000000000000000000000000000000000000000000000000000000000000000000000000000000000000000012345678,1,1,0,00000000000000000000000000000000000000000000000000000000000000000000000000000000000000000000000000000000000000000000000000000000
776,776,0,1,0,0,00000000000000000000000000000000000000000000000000000000000000000000000000000000000000000000000000000000000000000000000012345678,1,1,0,00000000000000000000000000000000000000000000000000000000000000000000000000000000000000000000000000000000000000000000000000018480
777,777,0,1,0,0,00000000000000000000000000000000000000000000000000000000000000000000000000000000000000000000000000000000000000000000000012345678,1,1,0,00000000000000000000000000000000000000000000000000000000000000000000000000000000000000000000000000000000000000000000000042472588
778,778,0,1,0,0,00000000000000000000000000000000000000000000000000000000000000000000000000000000000000000000000000000000000000000000000012345678,1,1,0,00000000000000000000000000000000000000000000000000000000000000000000000000000000000000000000000000000000000000000000000000000000
779,779,0,1,0,0,00000000000000000000000000000000000000000000000000000000000000000000000000000000000000000000000000000000000000000000000012345678,1,1,0,00000000000000000000000000000000000000000000000000000000000000000000000000000000000000000000000000000000000000000000000000000000
780,780,0,1,0,0,00000000000000000000000000000000000000000000000000000000000000000000000000000000000000000000000000000000000000000000000012345678,1,1,0,00000000000000000000000000000000000000000000000000000000000000000000000000000000000000000000000000000000000000000000000000018481
781,781,0,1,0,0,00000000000000000000000000000000000000000000000000000000000000000000000000000000000000000000000000000000000000000000000012345678,1,1,0,0000000000000000000000000000000000000000000000000000000000000000000000000000000000000000000000000000000000000000000000003f496208
782,782,0,1,0,0,00000000000000000000000000000000000000000000000000000000000000000000000000000000000000000000000000000000000000000000000012345678,1,1,0,00000000000000000000000000000000000000000000000000000000000000000000000000000000000000000000000000000000000000000000000000000000
783,783,0,1,0,0,00000000000000000000000000000000000000000000000000000000000000000000000000000000000000000000000000000000000000000000000012345678,1,1,0,00000000000000000000000000000000000000000000000000000000000000000000000000000000000000000000000000000000000000000000000000000000
784,784,0,1,0,0,00000000000000000000000000000000000000000000000000000000000000000000000000000000000000000000000000000000000000000000000012345678,1,1,0,00000000000000000000000000000000000000000000000000000000000000000000000000000000000000000000000000000000000000000000000000018680
785,785,0,1,0,0,00000000000000000000000000000000000000000000000000000000000000000000000000000000000000000000000000000000000000000000000012345678,1,1,0,000000000000000000000000000000000000000000000000000000000000000000000000000000000000000000000000000000000000000000000000419fb270
786,786,0,1,0,0,00000000000000000000000000000000000000000000000000000000000000000000000000000000000000000000000000000000000000000000000012345678,1,1,0,00000000000000000000000000000000000000000000000000000000000000000000000000000000000000000000000000000000000000000000000000000000
787,787,0,1,0,0,00000000000000000000000000000000000000000000000000000000000000000000000000000000000000000000000000000000000000000000000012345678,1,1,0,00000000000000000000000000000000000000000000000000000000000000000000000000000000000000000000000000000000000000000000000000000000
788,788,0,1,0,0,00000000000000000000000000000000000000000000000000000000000000000000000000000000000000000000000000000000000000000000000012345678,1,1,0,00000000000000000000000000000000000000000000000000000000000000000000000000000000000000000000000000000000000000000000000000018681
789,789,0,1,0,0,00000000000000000000000000000000000000000000000000000000000000000000000000000000000000000000000000000000000000000000000012345678,1,1,0,000000000000000000000000000000000000000000000000000000000000000000000000000000000000000000000000000000000000000000000000403d938e
790,790,0,1,0,0,00000000000000000000000000000000000000000000000000000000000000000000000000000000000000000000000000000000000000000000000012345678,1,1,0,00000000000000000000000000000000000000000000000000000000000000000000000000000000000000000000000000000000000000000000000000000000
791,791,0,1,0,0,00000000000000000000000000000000000000000000000000000000000000000000000000000000000000000000000000000000000000000000000012345678,1,1,0,00000000000000000000000000000000000000000000000000000000000000000000000000000000000000000000000000000000000000000000000000000000
792,792,0,1,0,0,00000000000000000000000000000000000000000000000000000000000000000000000000000000000000000000000000000000000000000000000012345678,1,1,0,00000000000000000000000000000000000000000000000000000000000000000000000000000000000000000000000000000000000000000000000000018880
793,793,0,1,0,0,00000000000000000000000000000000000000000000000000000000000000000000000000000000000000000000000000000000000000000000000012345678,1,1,0,000000000000000000000000000000000000000000000000000000000000000000000000000000000000000000000000000000000000000000000000412c7058
794,794,0,1,0,0,00000000000000000000000000000000000000000000000000000000000000000000000000000000000000000000000000000000000000000000000012345678,1,1,0,00000000000000000000000000000000000000000000000000000000000000000000000000000000000000000000000000000000000000000000000000000000
795,795,0,1,0,0,00000000000000000000000000000000000000000000000000000000000000000000000000000000000000000000000000000000000000000000000012345678,1,1,0,00000000000000000000000000000000000000000000000000000000000000000000000000000000000000000000000000000000000000000000000000000000
796,796,0,1,0,0,00000000000000000000000000000000000000000000000000000000000000000000000000000000000000000000000000000000000000000000000012345678,1,1,0,00000000000000000000000000000000000000000000000000000000000000000000000000000000000000000000000000000000000000000000000000018881
797,797,0,1,0,0,00000000000000000000000000000000000000000000000000000000000000000000000000000000000000000000000000000000000000000000000012345678,1,1,0,000000000000000000000000000000000000000000000000000000000000000000000000000000000000000000000000000000000000000000000000418e382c
798,798,0,1,0,0,00000000000000000000000000000000000000000000000000000000000000000000000000000000000000000000000000000000000000000000000012345678,1,1,0,00000000000000000000000000000000000000000000000000000000000000000000000000000000000000000000000000000000000000000000000000000000
799,799,0,1,0,0,00000000000000000000000000000000000000000000000000000000000000000000000000000000000000000000000000000000000000000000000012345678,1,1,0,00000000000000000000000000000000000000000000000000000000000000000000000000000000000000000000000000000000000000000000000000000000
800,800,0,1,0,0,00000000000000000000000000000000000000000000000000000000000000000000000000000000000000000000000000000000000000000000000012345678,1,1,0,00000000000000000000000000000000000000000000000000000000000000000000000000000000000000000000000000000000000000000000000000018a80
801,801,0,1,0,0,00000000000000000000000000000000000000000000000000000000000000000000000000000000000000000000000000000000000000000000000012345678,1,1,0,000000000000000000000000000000000000000000000000000000000000000000000000000000000000000000000000000000000000000000000000413a8984
802,802,0,1,0,0,00000000000000000000000000000000000000000000000000000000000000000000000000000000000000000000000000000000000000000000000012345678,1,1,0,00000000000000000000000000000000000000000000000000000000000000000000000000000000000000000000000000000000000000000000000000000000
803,803,0,1,0,0,00000000000000000000000000000000000000000000000000000000000000000000000000000000000000000000000000000000000000000000000012345678,1,1,0,00000000000000000000000000000000000000000000000000000000000000000000000000000000000000000000000000000000000000000000000000000000
804,804,0,1,0,0,00000000000000000000000000000000000000000000000000000000000000000000000000000000000000000000000000000000000000000000000012345678,1,1,0,00000000000000000000000000000000000000000000000000000000000000000000000000000000000000000000000000000000000000000000000000018a81
805,805,0,1,0,0,00000000000000000000000000000000000000000000000000000000000000000000000000000000000000000000000000000000000000000000000012345678,1,1,0,000000000000000000000000000000000000000000000000000000000000000000000000000000000000000000000000000000000000000000000000414a8984
806,806,0,1,0,0,00000000000000000000000000000000000000000000000000000000000000000000000000000000000000000000000000000000000000000000000012345678,1,1,0,00000000000000000000000000000000000000000000000000000000000000000000000000000000000000000000000000000000000000000000000000000000
807,807,0,1,0,0,00000000000000000000000000000000000000000000000000000000000000000000000000000000000000000000000000000000000000000000000012345678,1,1,0,00000000000000000000000000000000000000000000000000000000000000000000000000000000000000000000000000000000000000000000000000000000
808,808,0,1,0,0,00000000000000000000000000000000000000000000000000000000000000000000000000000000000000000000000000000000000000000000000012345678,1,1,0,00000000000000000000000000000000000000000000000000000000000000000000000000000000000000000000000000000000000000000000000000018c80
809,809,0,1,0,0,00000000000000000000000000000000000000000000000000000000000000000000000000000000000000000000000000000000000000000000000012345678,1,1,0,000000000000000000000000000000000000000000000000000000000000000000000000000000000000000000000000000000000000000000000000c0a84a28
810,810,0,1,0,0,00000000000000000000000000000000000000000000000000000000000000000000000000000000000000000000000000000000000000000000000012345678,1,1,0,00000000000000000000000000000000000000000000000000000000000000000000000000000000000000000000000000000000000000000000000000000000
811,811,0,1,0,0,00000000000000000000000000000000000000000000000000000000000000000000000000000000000000000000000000000000000000000000000012345678,1,1,0,00000000000000000000000000000000000000000000000000000000000000000000000000000000000000000000000000000000000000000000000000000000
812,812,0,1,0,0,00000000000000000000000000000000000000000000000000000000000000000000000000000000000000000000000000000000000000000000000012345678,1,1,0,00000000000000000000000000000000000000000000000000000000000000000000000000000000000000000000000000000000000000000000000000018c81
813,813,0,1,0,0,00000000000000000000000000000000000000000000000000000000000000000000000000000000000000000000000000000000000000000000000012345678,1,1,0,000000000000000000000000000000000000000000000000000000000000000000000000000000000000000000000000000000000000000000000000c1742510
814,814,0,1,0,0,00000000000000000000000000000000000000000000000000000000000000000000000000000000000000000000000000000000000000000000000012345678,1,1,0,00000000000000000000000000000000000000000000000000000000000000000000000000000000000000000000000000000000000000000000000000000000
815,815,0,1,0,0,00000000000000000000000000000000000000000000000000000000000000000000000000000000000000000000000000000000000000000000000012345678,1,1,0,00000000000000000000000000000000000000000000000000000000000000000000000000000000000000000000000000000000000000000000000000000000
816,816,0,1,0,0,00000000000000000000000000000000000000000000000000000000000000000000000000000000000000000000000000000000000000000000000012345678,1,1,0,00000000000000000000000000000000000000000000000000000000000000000000000000000000000000000000000000000000000000000000000000018e80
817,817,0,1,0,0,00000000000000000000000000000000000000000000000000000000000000000000000000000000000000000000000000000000000000000000000012345678,1,1,0,000000000000000000000000000000000000000000000000000000000000000000000000000000000000000000000000000000000000000000000000c189808c
818,818,0,1,0,0,00000000000000000000000000000000000000000000000000000000000000000000000000000000000000000000000000000000000000000000000012345678,1,1,0,00000000000000000000000000000000000000000000000000000000000000000000000000000000000000000000000000000000000000000000000000000000
819,819,0,1,0,0,00000000000000000000000000000000000000000000000000000000000000000000000000000000000000000000000000000000000000000000000012345678,1,1,0,00000000000000000000000000000000000000000000000000000000000000000000000000000000000000000000000000000000000000000000000000000000
820,820,0,1,0,0,00000000000000000000000000000000000000000000000000000000000000000000000000000000000000000000000000000000000000000000000012345678,1,1,0,00000000000000000000000000000000000000000000000000000000000000000000000000000000000000000000000000000000000000000000000000018e81
821,821,0,1,0,0,00000000000000000000000000000000000000000000000000000000000000000000000000000000000000000000000000000000000000000000000012345678,1,1,0,0000000000000000000000000000000000000000000000000000000000000000000000000000000000000000000000000000000000000000000000003fe7f730
822,822,0,1,0,0,00000000000000000000000000000000000000000000000000000000000000000000000000000000000000000000000000000000000000000000000012345678,1,1,0,00000000000000000000000000000000000000000000000000000000000000000000000000000000000000000000000000000000000000000000000000000000
823,823,0,1,0,0,00000000000000000000000000000000000000000000000000000000000000000000000000000000000000000000000000000000000000000000000012345678,1,1,0,00000000000000000000000000000000000000000000000000000000000000000000000000000000000000000000000000000000000000000000000000000000
824,824,0,1,0,0,00000000000000000000000000000000000000000000000000000000000000000000000000000000000000000000000000000000000000000000000012345678,1,1,0,00000000000000000000000000000000000000000000000000000000000000000000000000000000000000000000000000000000000000000000000000019080
825,825,0,1,0,0,00000000000000000000000000000000000000000000000000000000000000000000000000000000000000000000000000000000000000000000000012345678,1,1,0,000000000000000000000000000000000000000000000000000000000000000000000000000000000000000000000000000000000000000000000000c1da014c
826,826,0,1,0,0,00000000000000000000000000000000000000000000000000000000000000000000000000000000000000000000000000000000000000000000000012345678,1,1,0,00000000000000000000000000000000000000000000000000000000000000000000000000000000000000000000000000000000000000000000000000000000
827,827,0,1,0,0,00000000000000000000000000000000000000000000000000000000000000000000000000000000000000000000000000000000000000000000000012345678,1,1,0,00000000000000000000000000000000000000000000000000000000000000000000000000000000000000000000000000000000000000000000000000000000
828,828,0,1,0,0,00000000000000000000000000000000000000000000000000000000000000000000000000000000000000000000000000000000000000000000000012345678,1,1,0,00000000000000000000000000000000000000000000000000000000000000000000000000000000000000000000000000000000000000000000000000019081
829,829,0,1,0,0,00000000000000000000000000000000000000000000000000000000000000000000000000000000000000000000000000000000000000000000000012345678,1,1,0,000000000000000000000000000000000000000000000000000000000000000000000000000000000000000000000000000000000000000000000000c20500a4
830,830,0,1,0,0,00000000000000000000000000000000000000000000000000000000000000000000000000000000000000000000000000000000000000000000000012345678,1,1,0,00000000000000000000000000000000000000000000000000000000000000000000000000000000000000000000000000000000000000000000000000000000
831,831,0,1,0,0,00000000000000000000000000000000000000000000000000000000000000000000000000000000000000000000000000000000000000000000000012345678,1,1,0,00000000000000000000000000000000000000000000000000000000000000000000000000000000000000000000000000000000000000000000000000000000
832,832,0,1,0,0,00000000000000000000000000000000000000000000000000000000000000000000000000000000000000000000000000000000000000000000000012345678,1,1,0,000000000000000000000000000000000000000000000000000000000000000000000000000000000000000000000000000000000000000000000000000182c0
833,833,0,1,0,0,00000000000000000000000000000000000000000000000000000000000000000000000000000000000000000000000000000000000000000000000012345678,1,1,0,000000000000000000000000000000000000000000000000000000000000000000000000000000000000000000000000000000000000000000000000c1d9bb28
834,834,0,1,0,0,00000000000000000000000000000000000000000000000000000000000000000000000000000000000000000000000000000000000000000000000012345678,1,1,0,00000000000000000000000000000000000000000000000000000000000000000000000000000000000000000000000000000000000000000000000000000000
835,835,0,1,0,0,00000000000000000000000000000000000000000000000000000000000000000000000000000000000000000000000000000000000000000000000012345678,1,1,0,00000000000000000000000000000000000000000000000000000000000000000000000000000000000000000000000000000000000000000000000000000000
836,836,0,1,0,0,00000000000000000000000000000000000000000000000000000000000000000000000000000000000000000000000000000000000000000000000012345678,1,1,0,000000000000000000000000000000000000000000000000000000000000000000000000000000000000000000000000000000000000000000000000000182c1
837,837,0,1,0,0,00000000000000000000000000000000000000000000000000000000000000000000000000000000000000000000000000000000000000000000000012345678,1,1,0,000000000000000000000000000000000000000000000000000000000000000000000000000000000000000000000000000000000000000000000000c0e6eca0
838,838,0,1,0,0,00000000000000000000000000000000000000000000000000000000000000000000000000000000000000000000000000000000000000000000000012345678,1,1,0,00000000000000000000000000000000000000000000000000000000000000000000000000000000000000000000000000000000000000000000000000000000
839,839,0,1,0,0,00000000000000000000000000000000000000000000000000000000000000000000000000000000000000000000000000000000000000000000000012345678,1,1,0,00000000000000000000000000000000000000000000000000000000000000000000000000000000000000000000000000000000000000000000000000000000
840,840,0,1,0,0,00000000000000000000000000000000000000000000000000000000000000000000000000000000000000000000000000000000000000000000000012345678,1,1,0,000000000000000000000000000000000000000000000000000000000000000000000000000000000000000000000000000000000000000000000000000184c0
841,841,0,1,0,0,00000000000000000000000000000000000000000000000000000000000000000000000000000000000000000000000000000000000000000000000012345678,1,1,0,000000000000000000000000000000000000000000000000000000000000000000000000000000000000000000000000000000000000000000000000411c7580
842,842,0,1,0,0,00000000000000000000000000000000000000000000000000000000000000000000000000000000000000000000000000000000000000000000000012345678,1,1,0,00000000000000000000000000000000000000000000000000000000000000000000000000000000000000000000000000000000000000000000000000000000
843,843,0,1,0,0,00000000000000000000000000000000000000000000000000000000000000000000000000000000000000000000000000000000000000000000000012345678,1,1,0,00000000000000000000000000000000000000000000000000000000000000000000000000000000000000000000000000000000000000000000000000000000
844,844,0,1,0,0,00000000000000000000000000000000000000000000000000000000000000000000000000000000000000000000000000000000000000000000000012345678,1,1,0,000000000000000000000000000000000000000000000000000000000000000000000000000000000000000000000000000000000000000000000000000184c1
845,845,0,1,0,0,00000000000000000000000000000000000000000000000000000000000000000000000000000000000000000000000000000000000000000000000012345678,1,1,0,00000000000000000000000000000000000000000000000000000000000000000000000000000000000000000000000000000000000000000000000040b8eb04
846,846,0,1,0,0,00000000000000000000000000000000000000000000000000000000000000000000000000000000000000000000000000000000000000000000000012345678,1,1,0,00000000000000000000000000000000000000000000000000000000000000000000000000000000000000000000000000000000000000000000000000000000
847,847,0,1,0,0,00000000000000000000000000000000000000000000000000000000000000000000000000000000000000000000000000000000000000000000000012345678,1,1,0,00000000000000000000000000000000000000000000000000000000000000000000000000000000000000000000000000000000000000000000000000000000
848,848,0,1,0,0,00000000000000000000000000000000000000000000000000000000000000000000000000000000000000000000000000000000000000000000000012345678,1,1,0,000000000000000000000000000000000000000000000000000000000000000000000000000000000000000000000000000000000000000000000000000186c0
849,849,0,1,0,0,00000000000000000000000000000000000000000000000000000000000000000000000000000000000000000000000000000000000000000000000012345678,1,1,0,000000000000000000000000000000000000000000000000000000000000000000000000000000000000000000000000000000000000000000000000c1efcd80
850,850,0,1,0,0,00000000000000000000000000000000000000000000000000000000000000000000000000000000000000000000000000000000000000000000000012345678,1,1,0,00000000000000000000000000000000000000000000000000000000000000000000000000000000000000000000000000000000000000000000000000000000
851,851,0,1,0,0,00000000000000000000000000000000000000000000000000000000000000000000000000000000000000000000000000000000000000000000000012345678,1,1,0,00000000000000000000000000000000000000000000000000000000000000000000000000000000000000000000000000000000000000000000000000000000
852,852,0,1,0,0,00000000000000000000000000000000000000000000000000000000000000000000000000000000000000000000000000000000000000000000000012345678,1,1,0,000000000000000000000000000000000000000000000000000000000000000000000000000000000000000000000000000000000000000000000000000186c1
853,853,0,1,0,0,00000000000000000000000000000000000000000000000000000000000000000000000000000000000000000000000000000000000000000000000012345678,1,1,0,0000000000000000000000000000000000000000000000000000000000000000000000000000000000000000000000000000000000000000000000004198327c
854,854,0,1,0,0,00000000000000000000000000000000000000000000000000000000000000000000000000000000000000000000000000000000000000000000000012345678,1,1,0,00000000000000000000000000000000000000000000000000000000000000000000000000000000000000000000000000000000000000000000000000000000
855,855,0,1,0,0,00000000000000000000000000000000000000000000000000000000000000000000000000000000000000000000000000000000000000000000000012345678,1,1,0,00000000000000000000000000000000000000000000000000000000000000000000000000000000000000000000000000000000000000000000000000000000
856,856,0,1,0,0,00000000000000000000000000000000000000000000000000000000000000000000000000000000000000000000000000000000000000000000000012345678,1,1,0,000000000000000000000000000000000000000000000000000000000000000000000000000000000000000000000000000000000000000000000000000188c0
857,857,0,1,1,0,00000000000000000000000000000000000000000000000000000000000000000000000000000000000000000000000000000000000000000000000012345678,1,1,0,000000000000000000000000000000000000000000000000000000000000000000000000000000000000000000000000000000000000000000000000be823280
858,858,0,1,0,0,00000000000000000000000000000000000000000000000000000000000000000000000000000000000000000000000000000000000000000000000010dedd5f,1,1,0,00000000000000000000000000000000000000000000000000000000000000000000000000000000000000000000000000000000000000000000000000000000
859,859,0,1,0,0,00000000000000000000000000000000000000000000000000000000000000000000000000000000000000000000000000000000000000000000000010dedd5f,1,1,0,00000000000000000000000000000000000000000000000000000000000000000000000000000000000000000000000000000000000000000000000000000000
860,860,0,1,0,0,00000000000000000000000000000000000000000000000000000000000000000000000000000000000000000000000000000000000000000000000010dedd5f,1,1,0,000000000000000000000000000000000000000000000000000000000000000000000000000000000000000000000000000000000000000000000000000188c1
861,861,0,1,1,0,00000000000000000000000000000000000000000000000000000000000000000000000000000000000000000000000000000000000000000000000010dedd5f,1,1,0,000000000000000000000000000000000000000000000000000000000000000000000000000000000000000000000000000000000000000000000000c1141194
862,862,0,1,0,0,00000000000000000000000000000000000000000000000000000000000000000000000000000000000000000000000000000000000000000000000000000000,1,1,0,00000000000000000000000000000000000000000000000000000000000000000000000000000000000000000000000000000000000000000000000000000000
863,863,0,1,0,0,00000000000000000000000000000000000000000000000000000000000000000000000000000000000000000000000000000000000000000000000000000000,1,1,0,00000000000000000000000000000000000000000000000000000000000000000000000000000000000000000000000000000000000000000000000000000000
864,864,0,1,0,0,00000000000000000000000000000000000000000000000000000000000000000000000000000000000000000000000000000000000000000000000000000000,1,1,0,00000000000000000000000000000000000000000000000000000000000000000000000000000000000000000000000000000000000000000000000000018ac0
865,865,0,1,1,0,00000000000000000000000000000000000000000000000000000000000000000000000000000000000000000000000000000000000000000000000000000000,1,1,0,000000000000000000000000000000000000000000000000000000000000000000000000000000000000000000000000000000000000000000000000bf9974e8
866,866,0,1,0,0,000000000000000000000000000000000000000000000000000000000000000000000000000000000000000000000000000000000000000000000000000000cf,1,1,0,00000000000000000000000000000000000000000000000000000000000000000000000000000000000000000000000000000000000000000000000000000000
867,867,0,1,0,0,000000000000000000000000000000000000000000000000000000000000000000000000000000000000000000000000000000000000000000000000000000cf,1,1,0,00000000000000000000000000000000000000000000000000000000000000000000000000000000000000000000000000000000000000000000000000000000
868,868,0,1,0,0,000000000000000000000000000000000000000000000000000000000000000000000000000000000000000000000000000000000000000000000000000000cf,1,1,0,00000000000000000000000000000000000000000000000000000000000000000000000000000000000000000000000000000000000000000000000000018ac1
869,869,0,1,1,0,000000000000000000000000000000000000000000000000000000000000000000000000000000000000000000000000000000000000000000000000000000cf,1,1,0,000000000000000000000000000000000000000000000000000000000000000000000000000000000000000000000000000000000000000000000000414cd160
870,870,0,1,0,0,00000000000000000000000000000000000000000000000000000000000000000000000000000000000000000000000000000000000000000000000000000000,1,1,0,00000000000000000000000000000000000000000000000000000000000000000000000000000000000000000000000000000000000000000000000000000000
871,871,0,1,0,0,00000000000000000000000000000000000000000000000000000000000000000000000000000000000000000000000000000000000000000000000000000000,1,1,0,00000000000000000000000000000000000000000000000000000000000000000000000000000000000000000000000000000000000000000000000000000000
872,872,0,1,0,0,00000000000000000000000000000000000000000000000000000000000000000000000000000000000000000000000000000000000000000000000000000000,1,1,0,00000000000000000000000000000000000000000000000000000000000000000000000000000000000000000000000000000000000000000000000000018cc0
873,873,0,1,1,0,00000000000000000000000000000000000000000000000000000000000000000000000000000000000000000000000000000000000000000000000000000000,1,1,0,000000000000000000000000000000000000000000000000000000000000000000000000000000000000000000000000000000000000000000000000c20887ac
874,874,0,1,0,0,000000000000000000000000000000000000000000000000000000000000000000000000000000000000000000000000000000000000000000000000b7506303,1,1,0,00000000000000000000000000000000000000000000000000000000000000000000000000000000000000000000000000000000000000000000000000000000
875,875,0,1,0,0,000000000000000000000000000000000000000000000000000000000000000000000000000000000000000000000000000000000000000000000000b7506303,1,1,0,00000000000000000000000000000000000000000000000000000000000000000000000000000000000000000000000000000000000000000000000000000000
876,876,0,1,0,0,000000000000000000000000000000000000000000000000000000000000000000000000000000000000000000000000000000000000000000000000b7506303,1,1,0,00000000000000000000000000000000000000000000000000000000000000000000000000000000000000000000000000000000000000000000000000018cc1
877,877,0,1,1,0,000000000000000000000000000000000000000000000000000000000000000000000000000000000000000000000000000000000000000000000000b7506303,1,1,0,0000000000000000000000000000000000000000000000000000000000000000000000000000000000000000000000000000000000000000000000004186f0a6
878,878,0,1,0,0,000000000000000000000000000000000000000000000000000000000000000000000000000000000000000000000000000000000000000000000000dd1234dd,1,1,0,00000000000000000000000000000000000000000000000000000000000000000000000000000000000000000000000000000000000000000000000000000000
879,879,0,1,0,0,000000000000000000000000000000000000000000000000000000000000000000000000000000000000000000000000000000000000000000000000dd1234dd,1,1,0,00000000000000000000000000000000000000000000000000000000000000000000000000000000000000000000000000000000000000000000000000000000
880,880,0,1,0,0,000000000000000000000000000000000000000000000000000000000000000000000000000000000000000000000000000000000000000000000000dd1234dd,1,1,0,00000000000000000000000000000000000000000000000000000000000000000000000000000000000000000000000000000000000000000000000000018ec0
881,881,0,1,1,0,000000000000000000000000000000000000000000000000000000000000000000000000000000000000000000000000000000000000000000000000dd1234dd,1,1,0,000000000000000000000000000000000000000000000000000000000000000000000000000000000000000000000000000000000000000000000000414e2e7c
882,882,0,1,0,0,000000000000000000000000000000000000000000000000000000000000000000000000000000000000000000000000000000000000000000000000000000e5,1,1,0,00000000000000000000000000000000000000000000000000000000000000000000000000000000000000000000000000000000000000000000000000000000
883,883,0,1,0,0,000000000000000000000000000000000000000000000000000000000000000000000000000000000000000000000000000000000000000000000000000000e5,1,1,0,00000000000000000000000000000000000000000000000000000000000000000000000000000000000000000000000000000000000000000000000000000000
884,884,0,1,0,0,000000000000000000000000000000000000000000000000000000000000000000000000000000000000000000000000000000000000000000000000000000e5,1,1,0,00000000000000000000000000000000000000000000000000000000000000000000000000000000000000000000000000000000000000000000000000018ec1
885,885,0,1,1,0,000000000000000000000000000000000000000000000000000000000000000000000000000000000000000000000000000000000000000000000000000000e5,1,1,0,000000000000000000000000000000000000000000000000000000000000000000000000000000000000000000000000000000000000000000000000c0c3a300
886,886,0,1,0,0,00000000000000000000000000000000000000000000000000000000000000000000000000000000000000000000000000000000000000000000000000000009,1,1,0,00000000000000000000000000000000000000000000000000000000000000000000000000000000000000000000000000000000000000000000000000000000
887,887,0,1,0,0,00000000000000000000000000000000000000000000000000000000000000000000000000000000000000000000000000000000000000000000000000000009,1,1,0,00000000000000000000000000000000000000000000000000000000000000000000000000000000000000000000000000000000000000000000000000000000
888,888,0,1,0,0,00000000000000000000000000000000000000000000000000000000000000000000000000000000000000000000000000000000000000000000000000000009,1,1,0,000000000000000000000000000000000000000000000000000000000000000000000000000000000000000000000000000000000000000000000000000190c0
889,889,0,1,1,0,00000000000000000000000000000000000000000000000000000000000000000000000000000000000000000000000000000000000000000000000000000009,1,1,0,00000000000000000000000000000000000000000000000000000000000000000000000000000000000000000000000000000000000000000000000041d73d44
890,890,0,1,0,0,00000000000000000000000000000000000000000000000000000000000000000000000000000000000000000000000000000000000000000000000005000000,1,1,0,00000000000000000000000000000000000000000000000000000000000000000000000000000000000000000000000000000000000000000000000000000000
891,891,0,1,0,0,00000000000000000000000000000000000000000000000000000000000000000000000000000000000000000000000000000000000000000000000005000000,1,1,0,00000000000000000000000000000000000000000000000000000000000000000000000000000000000000000000000000000000000000000000000000000000
892,892,0,1,0,0,00000000000000000000000000000000000000000000000000000000000000000000000000000000000000000000000000000000000000000000000005000000,1,1,0,000000000000000000000000000000000000000000000000000000000000000000000000000000000000000000000000000000000000000000000000000190c1
893,893,0,1,1,0,00000000000000000000000000000000000000000000000000000000000000000000000000000000000000000000000000000000000000000000000005000000,1,1,0,000000000000000000000000000000000000000000000000000000000000000000000000000000000000000000000000000000000000000000000000bf8c2bb8
894,894,0,1,0,0,00000000000000000000000000000000000000000000000000000000000000000000000000000000000000000000000000000000000000000000000000410001,1,1,0,00000000000000000000000000000000000000000000000000000000000000000000000000000000000000000000000000000000000000000000000000000000
895,895,0,1,0,0,00000000000000000000000000000000000000000000000000000000000000000000000000000000000000000000000000000000000000000000000000410001,1,1,0,00000000000000000000000000000000000000000000000000000000000000000000000000000000000000000000000000000000000000000000000000000000
896,896,0,1,0,0,00000000000000000000000000000000000000000000000000000000000000000000000000000000000000000000000000000000000000000000000000410001,1,1,0,00000000000000000000000000000000000000000000000000000000000000000000000000000000000000000000000000000000000000000000000000018300
897,897,0,1,1,0,00000000000000000000000000000000000000000000000000000000000000000000000000000000000000000000000000000000000000000000000000410001,1,1,0,0000000000000000000000000000000000000000000000000000000000000000000000000000000000000000000000000000000000000000000000003fea7a68
898,898,0,1,0,0,00000000000000000000000000000000000000000000000000000000000000000000000000000000000000000000000000000000000000000000000000000002,1,1,0,00000000000000000000000000000000000000000000000000000000000000000000000000000000000000000000000000000000000000000000000000000000
899,899,0,1,0,0,00000000000000000000000000000000000000000000000000000000000000000000000000000000000000000000000000000000000000000000000000000002,1,1,0,00000000000000000000000000000000000000000000000000000000000000000000000000000000000000000000000000000000000000000000000000000000
900,900,0,1,0,0,00000000000000000000000000000000000000000000000000000000000000000000000000000000000000000000000000000000000000000000000000000002,1,1,0,00000000000000000000000000000000000000000000000000000000000000000000000000000000000000000000000000000000000000000000000000018301
901,901,0,1,1,0,00000000000000000000000000000000000000000000000000000000000000000000000000000000000000000000000000000000000000000000000000000002,1,1,0,000000000000000000000000000000000000000000000000000000000000000000000000000000000000000000000000000000000000000000000000422f53d0
902,902,0,1,0,0,00000000000000000000000000000000000000000000000000000000000000000000000000000000000000000000000000000000000000000000000000000000,1,1,0,00000000000000000000000000000000000000000000000000000000000000000000000000000000000000000000000000000000000000000000000000000000
903,903,0,1,0,0,00000000000000000000000000000000000000000000000000000000000000000000000000000000000000000000000000000000000000000000000000000000,1,1,0,00000000000000000000000000000000000000000000000000000000000000000000000000000000000000000000000000000000000000000000000000000000
904,904,0,1,0,0,00000000000000000000000000000000000000000000000000000000000000000000000000000000000000000000000000000000000000000000000000000000,1,1,0,00000000000000000000000000000000000000000000000000000000000000000000000000000000000000000000000000000000000000000000000000018500
905,905,0,1,1,0,00000000000000000000000000000000000000000000000000000000000000000000000000000000000000000000000000000000000000000000000000000000,1,1,0,00000000000000000000000000000000000000000000000000000000000000000000000000000000000000000000000000000000000000000000000041d64fd4
906,906,0,1,0,0,0000000000000000000000000000000000000000000000000000000000000000000000000000000000000000000000000000000000000000000000007602bcfb,1,1,0,00000000000000000000000000000000000000000000000000000000000000000000000000000000000000000000000000000000000000000000000000000000
907,907,0,1,0,0,0000000000000000000000000000000000000000000000000000000000000000000000000000000000000000000000000000000000000000000000007602bcfb,1,1,0,00000000000000000000000000000000000000000000000000000000000000000000000000000000000000000000000000000000000000000000000000000000
908,908,0,1,0,0,0000000000000000000000000000000000000000000000000000000000000000000000000000000000000000000000000000000000000000000000007602bcfb,1,1,0,00000000000000000000000000000000000000000000000000000000000000000000000000000000000000000000000000000000000000000000000000018501
909,909,0,1,1,0,0000000000000000000000000000000000000000000000000000000000000000000000000000000000000000000000000000000000000000000000007602bcfb,1,1,0,000000000000000000000000000000000000000000000000000000000000000000000000000000000000000000000000000000000000000000000000c1536054
910,910,0,1,0,0,00000000000000000000000000000000000000000000000000000000000000000000000000000000000000000000000000000000000000000000000000000001,1,1,0,00000000000000000000000000000000000000000000000000000000000000000000000000000000000000000000000000000000000000000000000000000000
911,911,0,1,0,0,00000000000000000000000000000000000000000000000000000000000000000000000000000000000000000000000000000000000000000000000000000001,1,1,0,00000000000000000000000000000000000000000000000000000000000000000000000000000000000000000000000000000000000000000000000000000000
912,912,0,1,0,0,00000000000000000000000000000000000000000000000000000000000000000000000000000000000000000000000000000000000000000000000000000001,1,1,0,00000000000000000000000000000000000000000000000000000000000000000000000000000000000000000000000000000000000000000000000000018700
913,913,0,1,1,0,00000000000000000000000000000000000000000000000000000000000000000000000000000000000000000000000000000000000000000000000000000001,1,1,0,000000000000000000000000000000000000000000000000000000000000000000000000000000000000000000000000000000000000000000000000c16fc3e8
914,914,0,1,0,0,000000000000000000000000000000000000000000000000000000000000000000000000000000000000000000000000000000000000000000000000ee1234ee,1,1,0,00000000000000000000000000000000000000000000000000000000000000000000000000000000000000000000000000000000000000000000000000000000
915,915,0,1,0,0,000000000000000000000000000000000000000000000000000000000000000000000000000000000000000000000000000000000000000000000000ee1234ee,1,1,0,00000000000000000000000000000000000000000000000000000000000000000000000000000000000000000000000000000000000000000000000000000000
916,916,0,1,0,0,000000000000000000000000000000000000000000000000000000000000000000000000000000000000000000000000000000000000000000000000ee1234ee,1,1,0,00000000000000000000000000000000000000000000000000000000000000000000000000000000000000000000000000000000000000000000000000018701
917,917,0,1,1,0,000000000000000000000000000000000000000000000000000000000000000000000000000000000000000000000000000000000000000000000000ee1234ee,1,1,0,000000000000000000000000000000000000000000000000000000000000000000000000000000000000000000000000000000000000000000000000c1efe1f0
918,918,0,1,0,0,00000000000000000000000000000000000000000000000000000000000000000000000000000000000000000000000000000000000000000000000000000009,1,1,0,00000000000000000000000000000000000000000000000000000000000000000000000000000000000000000000000000000000000000000000000000000000
919,919,0,1,0,0,00000000000000000000000000000000000000000000000000000000000000000000000000000000000000000000000000000000000000000000000000000009,1,1,0,00000000000000000000000000000000000000000000000000000000000000000000000000000000000000000000000000000000000000000000000000000000
920,920,0,1,0,0,00000000000000000000000000000000000000000000000000000000000000000000000000000000000000000000000000000000000000000000000000000009,1,1,0,00000000000000000000000000000000000000000000000000000000000000000000000000000000000000000000000000000000000000000000000000018900
921,921,0,1,1,0,00000000000000000000000000000000000000000000000000000000000000000000000000000000000000000000000000000000000000000000000000000009,1,1,0,000000000000000000000000000000000000000000000000000000000000000000000000000000000000000000000000000000000000000000000000415dde64
922,922,0,1,0,0,0000000000000000000000000000000000000000000000000000000000000000000000000000000000000000000000000000000000000000000000000301000c,1,1,0,00000000000000000000000000000000000000000000000000000000000000000000000000000000000000000000000000000000000000000000000000000000
923,923,0,1,0,0,0000000000000000000000000000000000000000000000000000000000000000000000000000000000000000000000000000000000000000000000000301000c,1,1,0,00000000000000000000000000000000000000000000000000000000000000000000000000000000000000000000000000000000000000000000000000000000
924,924,0,1,0,0,0000000000000000000000000000000000000000000000000000000000000000000000000000000000000000000000000000000000000000000000000301000c,1,1,0,00000000000000000000000000000000000000000000000000000000000000000000000000000000000000000000000000000000000000000000000000018901
925,925,0,1,1,0,0000000000000000000000000000000000000000000000000000000000000000000000000000000000000000000000000000000000000000000000000301000c,1,1,0,000000000000000000000000000000000000000000000000000000000000000000000000000000000000000000000000000000000000000000000000413dde64
926,926,0,1,0,0,00000000000000000000000000000000000000000000000000000000000000000000000000000000000000000000000000000000000000000000000000410143,1,1,0,00000000000000000000000000000000000000000000000000000000000000000000000000000000000000000000000000000000000000000000000000000000
927,927,0,1,0,0,00000000000000000000000000000000000000000000000000000000000000000000000000000000000000000000000000000000000000000000000000410143,1,1,0,00000000000000000000000000000000000000000000000000000000000000000000000000000000000000000000000000000000000000000000000000000000
928,928,0,1,0,0,00000000000000000000000000000000000000000000000000000000000000000000000000000000000000000000000000000000000000000000000000410143,1,1,0,00000000000000000000000000000000000000000000000000000000000000000000000000000000000000000000000000000000000000000000000000018b00
929,929,0,1,1,0,00000000000000000000000000000000000000000000000000000000000000000000000000000000000000000000000000000000000000000000000000410143,1,1,0,000000000000000000000000000000000000000000000000000000000000000000000000000000000000000000000000000000000000000000000000417bed70
930,930,0,1,0,0,00000000000000000000000000000000000000000000000000000000000000000000000000000000000000000000000000000000000000000000000000069585,1,1,0,00000000000000000000000000000000000000000000000000000000000000000000000000000000000000000000000000000000000000000000000000000000
931,931,0,1,0,0,00000000000000000000000000000000000000000000000000000000000000000000000000000000000000000000000000000000000000000000000000069585,1,1,0,00000000000000000000000000000000000000000000000000000000000000000000000000000000000000000000000000000000000000000000000000000000
932,932,0,1,0,0,00000000000000000000000000000000000000000000000000000000000000000000000000000000000000000000000000000000000000000000000000069585,1,1,0,00000000000000000000000000000000000000000000000000000000000000000000000000000000000000000000000000000000000000000000000000018b01
933,933,0,1,1,0,00000000000000000000000000000000000000000000000000000000000000000000000000000000000000000000000000000000000000000000000000069585,1,1,0,000000000000000000000000000000000000000000000000000000000000000000000000000000000000000000000000000000000000000000000000c1ea0948
934,934,0,1,0,0,000000000000000000000000000000000000000000000000000000000000000000000000000000000000000000000000000000000000000000000000760297fa,1,1,0,00000000000000000000000000000000000000000000000000000000000000000000000000000000000000000000000000000000000000000000000000000000
935,935,0,1,0,0,000000000000000000000000000000000000000000000000000000000000000000000000000000000000000000000000000000000000000000000000760297fa,1,1,0,00000000000000000000000000000000000000000000000000000000000000000000000000000000000000000000000000000000000000000000000000000000
936,936,0,1,0,0,000000000000000000000000000000000000000000000000000000000000000000000000000000000000000000000000000000000000000000000000760297fa,1,1,0,00000000000000000000000000000000000000000000000000000000000000000000000000000000000000000000000000000000000000000000000000018d00
937,937,0,1,1,0,000000000000000000000000000000000000000000000000000000000000000000000000000000000000000000000000000000000000000000000000760297fa,1,1,0,000000000000000000000000000000000000000000000000000000000000000000000000000000000000000000000000000000000000000000000000c1d14770
938,938,0,1,0,0,00000000000000000000000000000000000000000000000000000000000000000000000000000000000000000000000000000000000000000000000000000c63,1,1,0,00000000000000000000000000000000000000000000000000000000000000000000000000000000000000000000000000000000000000000000000000000000
939,939,0,1,0,0,00000000000000000000000000000000000000000000000000000000000000000000000000000000000000000000000000000000000000000000000000000c63,1,1,0,00000000000000000000000000000000000000000000000000000000000000000000000000000000000000000000000000000000000000000000000000000000
940,940,0,1,0,0,00000000000000000000000000000000000000000000000000000000000000000000000000000000000000000000000000000000000000000000000000000c63,1,1,0,00000000000000000000000000000000000000000000000000000000000000000000000000000000000000000000000000000000000000000000000000018d01
941,941,0,1,1,0,00000000000000000000000000000000000000000000000000000000000000000000000000000000000000000000000000000000000000000000000000000c63,1,1,0,000000000000000000000000000000000000000000000000000000000000000000000000000000000000000000000000000000000000000000000000c0851dc0
942,942,0,1,0,0,00000000000000000000000000000000000000000000000000000000000000000000000000000000000000000000000000000000000000000000000000000084,1,1,0,00000000000000000000000000000000000000000000000000000000000000000000000000000000000000000000000000000000000000000000000000000000
943,943,0,1,0,0,00000000000000000000000000000000000000000000000000000000000000000000000000000000000000000000000000000000000000000000000000000084,1,1,0,00000000000000000000000000000000000000000000000000000000000000000000000000000000000000000000000000000000000000000000000000000000
944,944,0,1,0,0,00000000000000000000000000000000000000000000000000000000000000000000000000000000000000000000000000000000000000000000000000000084,1,1,0,00000000000000000000000000000000000000000000000000000000000000000000000000000000000000000000000000000000000000000000000000018f00
945,945,0,1,1,0,00000000000000000000000000000000000000000000000000000000000000000000000000000000000000000000000000000000000000000000000000000084,1,1,0,000000000000000000000000000000000000000000000000000000000000000000000000000000000000000000000000000000000000000000000000411f0a54
946,946,0,1,0,0,00000000000000000000000000000000000000000000000000000000000000000000000000000000000000000000000000000000000000000000000000000004,1,1,0,00000000000000000000000000000000000000000000000000000000000000000000000000000000000000000000000000000000000000000000000000000000
947,947,0,1,0,0,00000000000000000000000000000000000000000000000000000000000000000000000000000000000000000000000000000000000000000000000000000004,1,1,0,00000000000000000000000000000000000000000000000000000000000000000000000000000000000000000000000000000000000000000000000000000000
948,948,0,1,0,0,00000000000000000000000000000000000000000000000000000000000000000000000000000000000000000000000000000000000000000000000000000004,1,1,0,00000000000000000000000000000000000000000000000000000000000000000000000000000000000000000000000000000000000000000000000000018f01
949,949,0,1,1,0,00000000000000000000000000000000000000000000000000000000000000000000000000000000000000000000000000000000000000000000000000000004,1,1,0,00000000000000000000000000000000000000000000000000000000000000000000000000000000000000000000000000000000000000000000000040de14a8
950,950,0,1,0,0,00000000000000000000000000000000000000000000000000000000000000000000000000000000000000000000000000000000000000000000000000000064,1,1,0,00000000000000000000000000000000000000000000000000000000000000000000000000000000000000000000000000000000000000000000000000000000
951,951,0,1,0,0,00000000000000000000000000000000000000000000000000000000000000000000000000000000000000000000000000000000000000000000000000000064,1,1,0,00000000000000000000000000000000000000000000000000000000000000000000000000000000000000000000000000000000000000000000000000000000
952,952,0,1,0,0,00000000000000000000000000000000000000000000000000000000000000000000000000000000000000000000000000000000000000000000000000000064,1,1,0,00000000000000000000000000000000000000000000000000000000000000000000000000000000000000000000000000000000000000000000000000019100
953,953,0,1,1,0,00000000000000000000000000000000000000000000000000000000000000000000000000000000000000000000000000000000000000000000000000000064,1,1,0,000000000000000000000000000000000000000000000000000000000000000000000000000000000000000000000000000000000000000000000000c1cff2c0
954,954,0,1,0,0,00000000000000000000000000000000000000000000000000000000000000000000000000000000000000000000000000000000000000000000000039020000,1,1,0,00000000000000000000000000000000000000000000000000000000000000000000000000000000000000000000000000000000000000000000000000000000
955,955,0,1,0,0,00000000000000000000000000000000000000000000000000000000000000000000000000000000000000000000000000000000000000000000000039020000,1,1,0,00000000000000000000000000000000000000000000000000000000000000000000000000000000000000000000000000000000000000000000000000000000
956,956,0,1,0,0,00000000000000000000000000000000000000000000000000000000000000000000000000000000000000000000000000000000000000000000000039020000,1,1,0,00000000000000000000000000000000000000000000000000000000000000000000000000000000000000000000000000000000000000000000000000019101
957,957,0,1,1,0,00000000000000000000000000000000000000000000000000000000000000000000000000000000000000000000000000000000000000000000000039020000,1,1,0,000000000000000000000000000000000000000000000000000000000000000000000000000000000000000000000000000000000000000000000000408034fc
958,958,0,1,0,0,000000000000000000000000000000000000000000000000000000000000000000000000000000000000000000000000000000000000000000000000000003fe,1,1,0,00000000000000000000000000000000000000000000000000000000000000000000000000000000000000000000000000000000000000000000000000000000
959,959,0,1,0,0,000000000000000000000000000000000000000000000000000000000000000000000000000000000000000000000000000000000000000000000000000003fe,1,1,0,00000000000000000000000000000000000000000000000000000000000000000000000000000000000000000000000000000000000000000000000000000000
960,960,0,1,0,0,000000000000000000000000000000000000000000000000000000000000000000000000000000000000000000000000000000000000000000000000000003fe,1,1,0,00000000000000000000000000000000000000000000000000000000000000000000000000000000000000000000000000000000000000000000000000018340
961,961,0,1,1,0,000000000000000000000000000000000000000000000000000000000000000000000000000000000000000000000000000000000000000000000000000003fe,1,1,0,00000000000000000000000000000000000000000000000000000000000000000000000000000000000000000000000000000000000000000000000040ba75a4
962,962,0,1,0,0,00000000000000000000000000000000000000000000000000000000000000000000000000000000000000000000000000000000000000000000000000120057,1,1,0,00000000000000000000000000000000000000000000000000000000000000000000000000000000000000000000000000000000000000000000000000000000
963,963,0,1,0,0,00000000000000000000000000000000000000000000000000000000000000000000000000000000000000000000000000000000000000000000000000120057,1,1,0,00000000000000000000000000000000000000000000000000000000000000000000000000000000000000000000000000000000000000000000000000000000
964,964,0,1,0,0,00000000000000000000000000000000000000000000000000000000000000000000000000000000000000000000000000000000000000000000000000120057,1,1,0,00000000000000000000000000000000000000000000000000000000000000000000000000000000000000000000000000000000000000000000000000018341
965,965,0,1,1,0,00000000000000000000000000000000000000000000000000000000000000000000000000000000000000000000000000000000000000000000000000120057,1,1,0,000000000000000000000000000000000000000000000000000000000000000000000000000000000000000000000000000000000000000000000000411d3ad0
966,966,0,1,0,0,00000000000000000000000000000000000000000000000000000000000000000000000000000000000000000000000000000000000000000000000000000000,1,1,0,00000000000000000000000000000000000000000000000000000000000000000000000000000000000000000000000000000000000000000000000000000000
967,967,0,1,0,0,00000000000000000000000000000000000000000000000000000000000000000000000000000000000000000000000000000000000000000000000000000000,1,1,0,00000000000000000000000000000000000000000000000000000000000000000000000000000000000000000000000000000000000000000000000000000000
968,968,0,1,0,0,00000000000000000000000000000000000000000000000000000000000000000000000000000000000000000000000000000000000000000000000000000000,1,1,0,00000000000000000000000000000000000000000000000000000000000000000000000000000000000000000000000000000000000000000000000000018540
969,969,0,1,1,0,00000000000000000000000000000000000000000000000000000000000000000000000000000000000000000000000000000000000000000000000000000000,1,1,0,00000000000000000000000000000000000000000000000000000000000000000000000000000000000000000000000000000000000000000000000040b8bbd4
970,970,0,1,0,0,00000000000000000000000000000000000000000000000000000000000000000000000000000000000000000000000000000000000000000000000000000000,1,1,0,00000000000000000000000000000000000000000000000000000000000000000000000000000000000000000000000000000000000000000000000000000000
971,971,0,1,0,0,00000000000000000000000000000000000000000000000000000000000000000000000000000000000000000000000000000000000000000000000000000000,1,1,0,00000000000000000000000000000000000000000000000000000000000000000000000000000000000000000000000000000000000000000000000000000000
972,972,0,1,0,0,00000000000000000000000000000000000000000000000000000000000000000000000000000000000000000000000000000000000000000000000000000000,1,1,0,00000000000000000000000000000000000000000000000000000000000000000000000000000000000000000000000000000000000000000000000000018541
973,973,0,1,1,0,00000000000000000000000000000000000000000000000000000000000000000000000000000000000000000000000000000000000000000000000000000000,1,1,0,000000000000000000000000000000000000000000000000000000000000000000000000000000000000000000000000000000000000000000000000c123a214
974,974,0,1,0,0,00000000000000000000000000000000000000000000000000000000000000000000000000000000000000000000000000000000000000000000000000000000,1,1,0,00000000000000000000000000000000000000000000000000000000000000000000000000000000000000000000000000000000000000000000000000000000
975,975,0,1,0,0,00000000000000000000000000000000000000000000000000000000000000000000000000000000000000000000000000000000000000000000000000000000,1,1,0,00000000000000000000000000000000000000000000000000000000000000000000000000000000000000000000000000000000000000000000000000000000
976,976,0,1,0,0,00000000000000000000000000000000000000000000000000000000000000000000000000000000000000000000000000000000000000000000000000000000,1,1,0,00000000000000000000000000000000000000000000000000000000000000000000000000000000000000000000000000000000000000000000000000018740
977,977,0,1,1,0,00000000000000000000000000000000000000000000000000000000000000000000000000000000000000000000000000000000000000000000000000000000,1,1,0,000000000000000000000000000000000000000000000000000000000000000000000000000000000000000000000000000000000000000000000000c14f59e0
978,978,0,1,0,0,00000000000000000000000000000000000000000000000000000000000000000000000000000000000000000000000000000000000000000000000000010004,1,1,0,00000000000000000000000000000000000000000000000000000000000000000000000000000000000000000000000000000000000000000000000000000000
979,979,0,1,0,0,00000000000000000000000000000000000000000000000000000000000000000000000000000000000000000000000000000000000000000000000000010004,1,1,0,00000000000000000000000000000000000000000000000000000000000000000000000000000000000000000000000000000000000000000000000000000000
980,980,0,1,0,0,00000000000000000000000000000000000000000000000000000000000000000000000000000000000000000000000000000000000000000000000000010004,1,1,0,00000000000000000000000000000000000000000000000000000000000000000000000000000000000000000000000000000000000000000000000000018741
981,981,0,1,1,0,00000000000000000000000000000000000000000000000000000000000000000000000000000000000000000000000000000000000000000000000000010004,1,1,0,000000000000000000000000000000000000000000000000000000000000000000000000000000000000000000000000000000000000000000000000c03d6788
982,982,0,1,0,0,00000000000000000000000000000000000000000000000000000000000000000000000000000000000000000000000000000000000000000000000000020000,1,1,0,00000000000000000000000000000000000000000000000000000000000000000000000000000000000000000000000000000000000000000000000000000000
983,983,0,1,0,0,00000000000000000000000000000000000000000000000000000000000000000000000000000000000000000000000000000000000000000000000000020000,1,1,0,00000000000000000000000000000000000000000000000000000000000000000000000000000000000000000000000000000000000000000000000000000000
984,984,0,1,0,0,00000000000000000000000000000000000000000000000000000000000000000000000000000000000000000000000000000000000000000000000000020000,1,1,0,00000000000000000000000000000000000000000000000000000000000000000000000000000000000000000000000000000000000000000000000000018940
985,985,0,1,1,0,00000000000000000000000000000000000000000000000000000000000000000000000000000000000000000000000000000000000000000000000000020000,1,1,0,000000000000000000000000000000000000000000000000000000000000000000000000000000000000000000000000000000000000000000000000c22469fc
986,986,0,1,0,0,00000000000000000000000000000000000000000000000000000000000000000000000000000000000000000000000000000000000000000000000000000001,1,1,0,00000000000000000000000000000000000000000000000000000000000000000000000000000000000000000000000000000000000000000000000000000000
987,987,0,1,0,0,00000000000000000000000000000000000000000000000000000000000000000000000000000000000000000000000000000000000000000000000000000001,1,1,0,00000000000000000000000000000000000000000000000000000000000000000000000000000000000000000000000000000000000000000000000000000000
988,988,0,1,0,0,00000000000000000000000000000000000000000000000000000000000000000000000000000000000000000000000000000000000000000000000000000001,1,1,0,00000000000000000000000000000000000000000000000000000000000000000000000000000000000000000000000000000000000000000000000000018941
989,989,0,1,1,0,00000000000000000000000000000000000000000000000000000000000000000000000000000000000000000000000000000000000000000000000000000001,1,1,0,00000000000000000000000000000000000000000000000000000000000000000000000000000000000000000000000000000000000000000000000041df2c04
990,990,0,1,0,0,000000000000000000000000000000000000000000000000000000000000000000000000000000000000000000000000000000000000000000000000ffffffff,1,1,0,00000000000000000000000000000000000000000000000000000000000000000000000000000000000000000000000000000000000000000000000000000000
991,991,0,1,0,0,000000000000000000000000000000000000000000000000000000000000000000000000000000000000000000000000000000000000000000000000ffffffff,1,1,0,00000000000000000000000000000000000000000000000000000000000000000000000000000000000000000000000000000000000000000000000000000000
992,992,0,1,0,0,000000000000000000000000000000000000000000000000000000000000000000000000000000000000000000000000000000000000000000000000ffffffff,1,1,0,00000000000000000000000000000000000000000000000000000000000000000000000000000000000000000000000000000000000000000000000000018b40
993,993,0,1,1,0,000000000000000000000000000000000000000000000000000000000000000000000000000000000000000000000000000000000000000000000000ffffffff,1,1,0,00000000000000000000000000000000000000000000000000000000000000000000000000000000000000000000000000000000000000000000000041c63bc4
994,994,0,1,0,0,000000000000000000000000000000000000000000000000000000000000000000000000000000000000000000000000000000000000000000000000ffffffff,1,1,0,00000000000000000000000000000000000000000000000000000000000000000000000000000000000000000000000000000000000000000000000000000000
995,995,0,1,0,0,000000000000000000000000000000000000000000000000000000000000000000000000000000000000000000000000000000000000000000000000ffffffff,1,1,0,00000000000000000000000000000000000000000000000000000000000000000000000000000000000000000000000000000000000000000000000000000000
996,996,0,1,0,0,000000000000000000000000000000000000000000000000000000000000000000000000000000000000000000000000000000000000000000000000ffffffff,1,1,0,00000000000000000000000000000000000000000000000000000000000000000000000000000000000000000000000000000000000000000000000000018b41
997,997,0,1,1,0,000000000000000000000000000000000000000000000000000000000000000000000000000000000000000000000000000000000000000000000000ffffffff,1,1,0,000000000000000000000000000000000000000000000000000000000000000000000000000000000000000000000000000000000000000000000000c230e21c
998,998,0,1,0,0,000000000000000000000000000000000000000000000000000000000000000000000000000000000000000000000000000000000000000000000000ffffffff,1,1,0,00000000000000000000000000000000000000000000000000000000000000000000000000000000000000000000000000000000000000000000000000000000
999,999,0,1,0,0,000000000000000000000000000000000000000000000000000000000000000000000000000000000000000000000000000000000000000000000000ffffffff,1,1,0,00000000000000000000000000000000000000000000000000000000000000000000000000000000000000000000000000000000000000000000000000000000
1000,1000,0,1,0,0,000000000000000000000000000000000000000000000000000000000000000000000000000000000000000000000000000000000000000000000000ffffffff,1,1,0,00000000000000000000000000000000000000000000000000000000000000000000000000000000000000000000000000000000000000000000000000018d40
1001,1001,0,1,1,0,000000000000000000000000000000000000000000000000000000000000000000000000000000000000000000000000000000000000000000000000ffffffff,1,1,0,000000000000000000000000000000000000000000000000000000000000000000000000000000000000000000000000000000000000000000000000411dadd8
1002,1002,0,1,0,0,000000000000000000000000000000000000000000000000000000000000000000000000000000000000000000000000000000000000000000000000ffffffff,1,1,0,00000000000000000000000000000000000000000000000000000000000000000000000000000000000000000000000000000000000000000000000000000000
1003,1003,0,1,0,0,000000000000000000000000000000000000000000000000000000000000000000000000000000000000000000000000000000000000000000000000ffffffff,1,1,0,00000000000000000000000000000000000000000000000000000000000000000000000000000000000000000000000000000000000000000000000000000000
1004,1004,0,1,0,0,000000000000000000000000000000000000000000000000000000000000000000000000000000000000000000000000000000000000000000000000ffffffff,1,1,0,00000000000000000000000000000000000000000000000000000000000000000000000000000000000000000000000000000000000000000000000000018d41
1005,1005,0,1,1,0,000000000000000000000000000000000000000000000000000000000000000000000000000000000000000000000000000000000000000000000000ffffffff,1,1,0,00000000000000000000000000000000000000000000000000000000000000000000000000000000000000000000000000000000000000000000000040db5bb4
1006,1006,0,1,0,0,000000000000000000000000000000000000000000000000000000000000000000000000000000000000000000000000000000000000000000000000ffffffff,1,1,0,00000000000000000000000000000000000000000000000000000000000000000000000000000000000000000000000000000000000000000000000000000000
1007,1007,0,1,0,0,000000000000000000000000000000000000000000000000000000000000000000000000000000000000000000000000000000000000000000000000ffffffff,1,1,0,00000000000000000000000000000000000000000000000000000000000000000000000000000000000000000000000000000000000000000000000000000000
1008,1008,0,1,0,0,000000000000000000000000000000000000000000000000000000000000000000000000000000000000000000000000000000000000000000000000ffffffff,1,1,0,00000000000000000000000000000000000000000000000000000000000000000000000000000000000000000000000000000000000000000000000000018f40
1009,1009,0,1,1,0,000000000000000000000000000000000000000000000000000000000000000000000000000000000000000000000000000000000000000000000000ffffffff,1,1,0,000000000000000000000000000000000000000000000000000000000000000000000000000000000000000000000000000000000000000000000000419f43cc
1010,1010,0,1,0,0,000000000000000000000000000000000000000000000000000000000000000000000000000000000000000000000000000000000000000000000000ffffffff,1,1,0,00000000000000000000000000000000000000000000000000000000000000000000000000000000000000000000000000000000000000000000000000000000
1011,1011,0,1,0,0,000000000000000000000000000000000000000000000000000000000000000000000000000000000000000000000000000000000000000000000000ffffffff,1,1,0,00000000000000000000000000000000000000000000000000000000000000000000000000000000000000000000000000000000000000000000000000000000
1012,1012,0,1,0,0,000000000000000000000000000000000000000000000000000000000000000000000000000000000000000000000000000000000000000000000000ffffffff,1,1,0,00000000000000000000000000000000000000000000000000000000000000000000000000000000000000000000000000000000000000000000000000018f41
1013,1013,0,1,1,0,000000000000000000000000000000000000000000000000000000000000000000000000000000000000000000000000000000000000000000000000ffffffff,1,1,0,000000000000000000000000000000000000000000000000000000000000000000000000000000000000000000000000000000000000000000000000bdbc3400
1014,1014,0,1,0,0,000000000000000000000000000000000000000000000000000000000000000000000000000000000000000000000000000000000000000000000000ffffffff,1,1,0,00000000000000000000000000000000000000000000000000000000000000000000000000000000000000000000000000000000000000000000000000000000
1015,1015,0,1,0,0,000000000000000000000000000000000000000000000000000000000000000000000000000000000000000000000000000000000000000000000000ffffffff,1,1,0,00000000000000000000000000000000000000000000000000000000000000000000000000000000000000000000000000000000000000000000000000000000
1016,1016,0,1,0,0,000000000000000000000000000000000000000000000000000000000000000000000000000000000000000000000000000000000000000000000000ffffffff,1,1,0,00000000000000000000000000000000000000000000000000000000000000000000000000000000000000000000000000000000000000000000000000019140
1017,1017,0,1,1,0,000000000000000000000000000000000000000000000000000000000000000000000000000000000000000000000000000000000000000000000000ffffffff,1,1,0,000000000000000000000000000000000000000000000000000000000000000000000000000000000000000000000000000000000000000000000000c18f897c
1018,1018,0,1,0,0,000000000000000000000000000000000000000000000000000000000000000000000000000000000000000000000000000000000000000000000000ffffffff,1,1,0,00000000000000000000000000000000000000000000000000000000000000000000000000000000000000000000000000000000000000000000000000000000
1019,1019,0,1,0,0,000000000000000000000000000000000000000000000000000000000000000000000000000000000000000000000000000000000000000000000000ffffffff,1,1,0,00000000000000000000000000000000000000000000000000000000000000000000000000000000000000000000000000000000000000000000000000000000
1020,1020,0,1,0,0,000000000000000000000000000000000000000000000000000000000000000000000000000000000000000000000000000000000000000000000000ffffffff,1,1,0,00000000000000000000000000000000000000000000000000000000000000000000000000000000000000000000000000000000000000000000000000019141
1021,1021,0,1,1,0,000000000000000000000000000000000000000000000000000000000000000000000000000000000000000000000000000000000000000000000000ffffffff,1,1,0,000000000000000000000000000000000000000000000000000000000000000000000000000000000000000000000000000000000000000000000000c18f897c
1022,1022,0,1,0,0,00000000000000000000000000000000000000000000000000000000000000000000000000000000000000000000000000000000000000000000000000000000,1,1,0,00000000000000000000000000000000000000000000000000000000000000000000000000000000000000000000000000000000000000000000000000000000
1023,1023,0,1,0,0,00000000000000000000000000000000000000000000000000000000000000000000000000000000000000000000000000000000000000000000000000000000,1,1,0,00000000000000000000000000000000000000000000000000000000000000000000000000000000000000000000000000000000000000000000000000000000
